-- Adminer 4.7.8 MySQL dump

SET NAMES utf8;
SET time_zone = '+00:00';
SET foreign_key_checks = 0;
SET sql_mode = 'NO_AUTO_VALUE_ON_ZERO';

SET NAMES utf8mb4;

DROP TABLE IF EXISTS `address_books`;
CREATE TABLE `address_books` (
  `id` bigint(20) unsigned NOT NULL AUTO_INCREMENT,
  `user_id` bigint(20) unsigned NOT NULL,
  `first_name` varchar(255) COLLATE utf8mb4_unicode_ci NOT NULL,
  `last_name` varchar(255) COLLATE utf8mb4_unicode_ci NOT NULL,
  `country` varchar(255) COLLATE utf8mb4_unicode_ci NOT NULL,
  `city` varchar(255) COLLATE utf8mb4_unicode_ci NOT NULL,
  `email` varchar(255) COLLATE utf8mb4_unicode_ci NOT NULL,
  `phone` varchar(255) COLLATE utf8mb4_unicode_ci NOT NULL,
  `post_code` varchar(255) COLLATE utf8mb4_unicode_ci DEFAULT NULL,
  `apartment` varchar(255) COLLATE utf8mb4_unicode_ci DEFAULT NULL,
  `street_address` varchar(255) COLLATE utf8mb4_unicode_ci NOT NULL,
  `created_at` timestamp NULL DEFAULT NULL,
  `updated_at` timestamp NULL DEFAULT NULL,
  PRIMARY KEY (`id`)
) ENGINE=InnoDB DEFAULT CHARSET=utf8mb4 COLLATE=utf8mb4_unicode_ci;

INSERT INTO `address_books` (`id`, `user_id`, `first_name`, `last_name`, `country`, `city`, `email`, `phone`, `post_code`, `apartment`, `street_address`, `created_at`, `updated_at`) VALUES
(47,	68,	'Khandoker Shamimul',	'Haque',	'Bangladesh',	'Dhaka',	'khandokershamimulhaque@gmail.com',	'+8801779312970',	'1205',	'Dhaka, Bangladesh.',	'dfghdfg',	'2023-07-20 10:20:29',	NULL),
(48,	69,	'Gray',	'Tillman',	'Bangladesh',	'Chittagong',	'vuhawuh@mailinator.com',	'+1 (969) 145-7769',	'Exercitation enim do',	'Et voluptatem amet',	'Itaque fugiat enim h',	'2023-07-23 05:28:11',	'2023-07-23 05:28:28'),
(49,	69,	'Kitra',	'Harris',	'Bangladesh',	'Chittagong',	'hely@mailinator.com',	'+1 (829) 684-7286',	'Omnis aut praesentiu',	'Sit et molestias pr',	'Esse dolor qui quae',	'2023-07-23 05:44:53',	'2023-07-24 04:56:20'),
(50,	68,	'Some One',	'Else',	'Bangladesh',	'Chittagong',	'khandokershamimulhaque@gmail.com',	'+8801779312970',	'1205',	'Some Place Else',	'Some Where Else',	'2023-07-23 09:38:52',	'2023-07-23 09:38:52'),
(51,	69,	'Keane',	'Edwards',	'Bangladesh',	'Chittagong',	'cokurovaji@mailinator.com',	'+1 (878) 842-4607',	'Officiis eveniet er',	'Lorem proident solu',	'Cillum et ex cupidit',	'2023-07-24 05:54:22',	'2023-07-24 05:54:22'),
(52,	69,	'September',	'Mclaughlin',	'Bangladesh',	'Chittagong',	'suwutyqir@mailinator.com',	'+1 (612) 234-8774',	'Excepturi temporibus',	'Incididunt eu est qu',	'Dicta adipisicing ve',	'2023-07-24 05:56:16',	'2023-07-24 05:56:16'),
(53,	69,	'Amy',	'Dean',	'Bangladesh',	'Dhaka',	'vacati@mailinator.com',	'+1 (814) 944-7917',	'Quis laboriosam dis',	'Perferendis adipisci',	'Nam distinctio Quia',	'2023-07-24 05:58:09',	'2023-07-24 05:58:09'),
(54,	69,	'Amy',	'Dean',	'Bangladesh',	'Dhaka',	'vacati@mailinator.com',	'+1 (814) 944-7917',	'Quis laboriosam dis',	'Perferendis adipisci',	'Nam distinctio Quia',	'2023-07-24 05:58:29',	'2023-07-24 05:58:29'),
(55,	68,	'Khandoker Shamimul',	'Haque',	'Bangladesh',	'Chittagong',	'khandokershamimulhaque@gmail.com',	'+8801779312970',	'1205',	NULL,	'Dhaka, Bangladesh.',	'2023-07-24 10:53:30',	'2023-07-26 06:31:57'),
(56,	78,	'Mim',	'ali',	'Bangladesh',	'Khulna Division',	'admin@admin.com',	'+1 (589) 692-5963',	NULL,	NULL,	'Abc',	'2023-07-25 05:40:32',	'2023-08-17 06:55:26'),
(57,	89,	'Md. Al-Amin',	'Mojumder',	'Bangladesh',	'Select Town/City',	'aol.mdalamin@gmail.com',	'01764414949',	'1229',	NULL,	'House-1/A, Road-21, Nikunja-2',	'2023-07-26 04:04:43',	'2023-07-26 04:04:43'),
(58,	68,	'Khandoker Shamimul',	'Haque',	'Bangladesh',	'Khulna Division',	'khandokershamimulhaque@gmail.com',	'+8801779312970',	'1205',	NULL,	'Dhaka, Bangladesh.',	'2023-07-26 07:02:31',	'2023-07-26 09:49:01'),
(59,	2,	'Rebecca',	'Davenport',	'India',	'West Bengal',	'vasoxut@mailinator.com',	'019985652019',	'Dolores odit ipsa n',	'Soluta quasi veritat',	'Ut ut itaque harum i',	'2023-08-10 10:12:04',	'2023-08-10 10:12:04'),
(60,	2,	'Emma',	'Glass',	'Bangladesh',	'Sylhet Division',	'joridicefi@mailinator.com',	'012972243053',	'Ut minus reiciendis',	'Omnis cupidatat ea d',	'Culpa maiores offic',	'2023-08-10 10:12:40',	'2023-08-10 10:12:40'),
(61,	78,	'Sara',	'khan',	'India',	'State of Punjab',	'testing@gmail.com',	'+1 (218) 372-7649',	NULL,	NULL,	'DEc',	'2023-08-17 06:56:49',	'2023-08-17 06:56:49'),
(62,	73,	'Khandoker Shamimul',	'Haque',	'Bangladesh',	'Khulna Division',	'khandokershamimulhaque@gmail.com',	'+8801779312970',	'1205',	'Dhaka, Bangladesh.',	'dfthgdfgs',	'2023-08-17 13:05:06',	NULL),
(63,	92,	'Nasita Iftekhar',	'demo',	'Bangladesh',	'Chittagong',	'fdsfs@sdfsd.com',	'234243423234',	'3453',	'Gulshan',	'sdfs',	'2023-08-22 07:03:33',	NULL),
(64,	93,	'Zephania',	'Riggs',	'Bangladesh',	'Khulna Division',	'majarac@mailinator.com',	'0939115861534',	'Iste perspiciatis d',	'Laborum pariatur Ad',	'Consequuntur sed vel',	'2023-08-24 05:50:32',	NULL);

DROP TABLE IF EXISTS `admins`;
CREATE TABLE `admins` (
  `id` bigint(20) unsigned NOT NULL AUTO_INCREMENT,
  `name` varchar(255) COLLATE utf8mb4_unicode_ci NOT NULL,
  `email` varchar(255) COLLATE utf8mb4_unicode_ci NOT NULL,
  `email_verified_at` timestamp NULL DEFAULT NULL,
  `password` varchar(255) COLLATE utf8mb4_unicode_ci NOT NULL,
  `role_id` tinyint(4) DEFAULT NULL,
  `remember_token` varchar(100) COLLATE utf8mb4_unicode_ci DEFAULT NULL,
  `deleted_at` timestamp NULL DEFAULT NULL,
  `created_at` timestamp NULL DEFAULT NULL,
  `updated_at` timestamp NULL DEFAULT NULL,
  PRIMARY KEY (`id`),
  UNIQUE KEY `admins_email_unique` (`email`)
) ENGINE=InnoDB DEFAULT CHARSET=utf8mb4 COLLATE=utf8mb4_unicode_ci;

INSERT INTO `admins` (`id`, `name`, `email`, `email_verified_at`, `password`, `role_id`, `remember_token`, `deleted_at`, `created_at`, `updated_at`) VALUES
(1,	'Aranya',	'admin@admin.com',	NULL,	'$2y$10$ca9Xk39ikzsamtmFt/E.WeiDJpX0dsgzRbiRxh4N4zxu4uaS9NwQa',	1,	NULL,	NULL,	'2023-03-06 09:57:17',	'2023-03-06 09:57:17'),
(3,	'Bailey',	'mybi@mailinator.com',	NULL,	'$2y$10$NCiscFropI.RFxiYoO066.HYwA.pQhqbAO9DbT9P3pruv97vPQgTS',	2,	NULL,	NULL,	'2023-05-17 05:00:31',	'2023-05-17 06:45:04'),
(4,	'Cruz Walsh',	'qupyv@mailinator.com',	NULL,	'$2y$10$FC1UGtRTlakKAXHkbCHNsO/P/L.dKCJFxGHuWZSfL2HqJuhPr7hdK',	1,	NULL,	NULL,	'2023-05-17 07:11:05',	'2023-05-17 07:11:05'),
(5,	'Tamara Woodard',	'sahonurufy@mailinator.com',	NULL,	'$2y$10$CpFJFhI55IMqNkxWkjxCGe51cXeAESapBfIKIEBPCD/wgmHYlihSe',	2,	NULL,	NULL,	'2023-05-17 07:11:24',	'2023-05-17 07:11:24'),
(6,	'Elton Blevins',	'nijulocic@mailinator.com',	NULL,	'$2y$10$W3VuoTTa3.zjO8eBcdfz3OP2Rnc4QJiDKiSyMZ6UyR1itQoZ9v15i',	2,	NULL,	NULL,	'2023-05-17 07:11:39',	'2023-05-17 07:11:39'),
(7,	'Sales Person',	'salesperson@aranya.com.bd',	NULL,	'$2y$10$T4n8BBS1lxuQgLcv/.XJ5.JV/cPQst.y.pbfZdiuDjRfWtp8wMQy.',	4,	NULL,	NULL,	'2023-05-24 03:35:50',	'2023-05-24 03:35:50'),
(13,	'Administrator',	'amn@gmail.com',	NULL,	'$2y$10$36rEAIaRBHkNzgye65ZKsO/iI8Eq93a3p03c5tncphc7Lf0UmRY7m',	12,	NULL,	NULL,	'2023-05-29 11:48:00',	'2023-05-29 11:48:00');

DROP TABLE IF EXISTS `artists`;
CREATE TABLE `artists` (
  `id` bigint(20) unsigned NOT NULL AUTO_INCREMENT,
  `artist_name` varchar(255) COLLATE utf8mb4_unicode_ci NOT NULL,
  `slug` varchar(255) COLLATE utf8mb4_unicode_ci DEFAULT NULL,
  `precedence` int(11) DEFAULT NULL,
  `status` tinyint(4) NOT NULL DEFAULT 1,
  `deleted_at` timestamp NULL DEFAULT NULL,
  `created_at` timestamp NULL DEFAULT NULL,
  `updated_at` timestamp NULL DEFAULT NULL,
  PRIMARY KEY (`id`)
) ENGINE=InnoDB DEFAULT CHARSET=utf8mb4 COLLATE=utf8mb4_unicode_ci;

INSERT INTO `artists` (`id`, `artist_name`, `slug`, `precedence`, `status`, `deleted_at`, `created_at`, `updated_at`) VALUES
(1,	'Nokul Kumar',	'nokul-kumar',	NULL,	1,	NULL,	'2023-06-24 06:44:03',	'2023-06-24 06:44:03');

DROP TABLE IF EXISTS `brands`;
CREATE TABLE `brands` (
  `id` bigint(20) unsigned NOT NULL AUTO_INCREMENT,
  `brand_name` varchar(255) COLLATE utf8mb4_unicode_ci NOT NULL,
  `slug` varchar(255) COLLATE utf8mb4_unicode_ci DEFAULT NULL,
  `precedence` int(11) DEFAULT NULL,
  `status` tinyint(4) NOT NULL DEFAULT 1,
  `deleted_at` timestamp NULL DEFAULT NULL,
  `created_at` timestamp NULL DEFAULT NULL,
  `updated_at` timestamp NULL DEFAULT NULL,
  PRIMARY KEY (`id`)
) ENGINE=InnoDB DEFAULT CHARSET=utf8mb4 COLLATE=utf8mb4_unicode_ci;

INSERT INTO `brands` (`id`, `brand_name`, `slug`, `precedence`, `status`, `deleted_at`, `created_at`, `updated_at`) VALUES
(1,	'Aranya',	'aranya',	NULL,	1,	NULL,	'2023-03-07 04:55:52',	'2023-03-11 09:19:42');

DROP TABLE IF EXISTS `campaigns`;
CREATE TABLE `campaigns` (
  `id` bigint(20) unsigned NOT NULL AUTO_INCREMENT,
  `campaign_name` varchar(255) COLLATE utf8mb4_unicode_ci NOT NULL,
  `slug` varchar(255) COLLATE utf8mb4_unicode_ci DEFAULT NULL,
  `campaign_title` varchar(255) COLLATE utf8mb4_unicode_ci DEFAULT NULL,
  `campaign_banner_default` varchar(255) COLLATE utf8mb4_unicode_ci DEFAULT NULL,
  `campaign_meta_image` varchar(255) COLLATE utf8mb4_unicode_ci DEFAULT NULL,
  `campaign_banner_one` varchar(255) COLLATE utf8mb4_unicode_ci DEFAULT NULL,
  `campaign_banner_two` varchar(255) COLLATE utf8mb4_unicode_ci DEFAULT NULL,
  `campaign_start_date` date NOT NULL,
  `campaign_expire_date` date NOT NULL,
  `status` tinyint(4) NOT NULL DEFAULT 1,
  `deleted_at` timestamp NULL DEFAULT NULL,
  `created_at` timestamp NULL DEFAULT NULL,
  `updated_at` timestamp NULL DEFAULT NULL,
  PRIMARY KEY (`id`)
) ENGINE=InnoDB DEFAULT CHARSET=utf8mb4 COLLATE=utf8mb4_unicode_ci;

INSERT INTO `campaigns` (`id`, `campaign_name`, `slug`, `campaign_title`, `campaign_banner_default`, `campaign_meta_image`, `campaign_banner_one`, `campaign_banner_two`, `campaign_start_date`, `campaign_expire_date`, `status`, `deleted_at`, `created_at`, `updated_at`) VALUES
(1,	'Orlando Leon',	'orlando-leon',	NULL,	NULL,	NULL,	NULL,	NULL,	'2023-07-12',	'2023-07-31',	1,	'2023-08-10 03:12:44',	'2023-05-18 03:56:21',	'2023-08-10 03:12:44'),
(2,	'New Year 2023',	'new-year-2023',	NULL,	NULL,	NULL,	NULL,	NULL,	'2023-07-09',	'2023-08-29',	1,	'2023-08-10 03:12:40',	'2023-07-10 06:08:24',	'2023-08-10 03:12:40');

DROP TABLE IF EXISTS `campaign_products`;
CREATE TABLE `campaign_products` (
  `id` bigint(20) unsigned NOT NULL AUTO_INCREMENT,
  `product_id` bigint(20) unsigned NOT NULL,
  `campaign_id` bigint(20) unsigned NOT NULL,
  `status` tinyint(4) NOT NULL DEFAULT 1,
  `created_at` timestamp NULL DEFAULT NULL,
  `updated_at` timestamp NULL DEFAULT NULL,
  PRIMARY KEY (`id`)
) ENGINE=InnoDB DEFAULT CHARSET=utf8mb4 COLLATE=utf8mb4_unicode_ci;


DROP TABLE IF EXISTS `cares`;
CREATE TABLE `cares` (
  `id` bigint(20) unsigned NOT NULL AUTO_INCREMENT,
  `care_name` varchar(255) COLLATE utf8mb4_unicode_ci NOT NULL,
  `slug` varchar(255) COLLATE utf8mb4_unicode_ci DEFAULT NULL,
  `precedence` int(11) DEFAULT NULL,
  `status` tinyint(4) NOT NULL DEFAULT 1,
  `deleted_at` timestamp NULL DEFAULT NULL,
  `created_at` timestamp NULL DEFAULT NULL,
  `updated_at` timestamp NULL DEFAULT NULL,
  PRIMARY KEY (`id`)
) ENGINE=InnoDB DEFAULT CHARSET=utf8mb4 COLLATE=utf8mb4_unicode_ci;

INSERT INTO `cares` (`id`, `care_name`, `slug`, `precedence`, `status`, `deleted_at`, `created_at`, `updated_at`) VALUES
(1,	'diy',	'diy',	NULL,	1,	'2023-03-11 10:07:52',	'2023-03-07 04:59:33',	'2023-03-11 10:07:52'),
(2,	'wash',	'wash',	NULL,	1,	'2023-03-11 10:07:54',	'2023-03-07 04:59:42',	'2023-03-11 10:07:54'),
(3,	'Indigo Mcdowell',	'indigo-mcdowell',	NULL,	1,	'2023-03-11 10:07:57',	'2023-03-07 05:58:16',	'2023-03-11 10:07:57'),
(4,	'Angela Potter',	'angela-potter',	NULL,	1,	'2023-03-11 10:08:00',	'2023-03-07 05:58:21',	'2023-03-11 10:08:00'),
(5,	'Bangladesh',	'bangladesh',	NULL,	1,	'2023-08-13 05:21:57',	'2023-08-10 09:41:20',	'2023-08-13 05:21:57'),
(6,	'Professionally clean',	'professionally-clean',	NULL,	1,	NULL,	'2023-08-13 05:21:42',	'2023-08-13 05:21:42');

DROP TABLE IF EXISTS `categories`;
CREATE TABLE `categories` (
  `id` bigint(20) unsigned NOT NULL AUTO_INCREMENT,
  `category_name` varchar(255) COLLATE utf8mb4_unicode_ci NOT NULL,
  `slug` varchar(255) COLLATE utf8mb4_unicode_ci DEFAULT NULL,
  `description` varchar(255) COLLATE utf8mb4_unicode_ci DEFAULT NULL,
  `parent_category` varchar(255) COLLATE utf8mb4_unicode_ci DEFAULT NULL,
  `category_image_one` varchar(255) COLLATE utf8mb4_unicode_ci DEFAULT NULL,
  `category_image_two` varchar(255) COLLATE utf8mb4_unicode_ci DEFAULT NULL,
  `category_image_three` varchar(255) COLLATE utf8mb4_unicode_ci DEFAULT NULL,
  `category_video` varchar(255) COLLATE utf8mb4_unicode_ci DEFAULT NULL,
  `precedence` tinyint(4) NOT NULL DEFAULT 0 COMMENT 'Set precedency',
  `status` tinyint(4) NOT NULL DEFAULT 1 COMMENT '0 for down the category',
  `deleted_at` timestamp NULL DEFAULT NULL,
  `created_at` timestamp NULL DEFAULT NULL,
  `updated_at` timestamp NULL DEFAULT NULL,
  PRIMARY KEY (`id`)
) ENGINE=InnoDB DEFAULT CHARSET=utf8mb4 COLLATE=utf8mb4_unicode_ci;

INSERT INTO `categories` (`id`, `category_name`, `slug`, `description`, `parent_category`, `category_image_one`, `category_image_two`, `category_image_three`, `category_video`, `precedence`, `status`, `deleted_at`, `created_at`, `updated_at`) VALUES
(1,	'Women',	'women',	NULL,	'0',	NULL,	NULL,	NULL,	NULL,	1,	1,	NULL,	NULL,	NULL),
(2,	'Men',	'men',	NULL,	'0',	NULL,	NULL,	NULL,	NULL,	2,	1,	NULL,	NULL,	NULL),
(3,	'Kids',	'kids',	NULL,	'0',	'https://res.cloudinary.com/diyc1dizi/image/upload/v1681021909/aranya-product-v2/DSCF0178.jpg',	'https://res.cloudinary.com/diyc1dizi/image/upload/v1681021922/aranya-product-v2/DSC_8136.jpg',	'https://res.cloudinary.com/diyc1dizi/image/upload/v1680757775/aranya-product-v2/DSC_8201.jpg',	NULL,	3,	1,	NULL,	NULL,	NULL),
(4,	'Home Furnishings',	'home-furnishings',	NULL,	'0',	NULL,	NULL,	NULL,	NULL,	4,	1,	NULL,	NULL,	NULL),
(5,	'Beauty Collection',	'beauty-collection',	NULL,	'0',	NULL,	NULL,	NULL,	NULL,	5,	1,	NULL,	NULL,	NULL),
(6,	'Accessories',	'accessories',	NULL,	'0',	NULL,	NULL,	NULL,	NULL,	6,	1,	NULL,	NULL,	NULL),
(7,	'Saree',	'saree',	NULL,	'1',	'https://res.cloudinary.com/diyc1dizi/image/upload/aranya-product/boishakh/ZS001419.jpg',	'https://res.cloudinary.com/diyc1dizi/image/upload/aranya-product/boishakh/ZS001485.jpg',	'https://res.cloudinary.com/diyc1dizi/image/upload/aranya-product/boishakh/ZS001601.jpg',	NULL,	1,	1,	NULL,	NULL,	NULL),
(8,	'Salwar Kameez',	'salwar-kameez',	NULL,	'1',	'https://res.cloudinary.com/diyc1dizi/image/upload/aranya-product/boishakh/ZS001345.jpg',	'https://res.cloudinary.com/diyc1dizi/image/upload/aranya-product/boishakh/ZS001299.jpg',	'https://res.cloudinary.com/diyc1dizi/image/upload/aranya-product/boishakh/ZS001858.jpg',	NULL,	2,	1,	NULL,	NULL,	NULL),
(9,	'Kurti & Fatua',	'kurti-fatua',	NULL,	'1',	'https://res.cloudinary.com/diyc1dizi/image/upload/aranya-product/boishakh/ZS001819.jpg',	'https://res.cloudinary.com/diyc1dizi/image/upload/aranya-product/boishakh/ZS001857.jpg',	'https://res.cloudinary.com/diyc1dizi/image/upload/aranya-product/boishakh/ZS001795.jpg',	NULL,	3,	1,	NULL,	NULL,	NULL),
(10,	'Tops & Shirts',	'tops-shirts',	NULL,	'1',	NULL,	NULL,	NULL,	NULL,	4,	1,	NULL,	NULL,	NULL),
(11,	'Kimono',	'kimono',	NULL,	'1',	NULL,	NULL,	NULL,	NULL,	5,	1,	NULL,	NULL,	NULL),
(12,	'Kaftan',	'kaftan',	NULL,	'1',	NULL,	NULL,	NULL,	NULL,	6,	1,	NULL,	NULL,	NULL),
(13,	'Panjabi',	'panjabi',	NULL,	'2',	'https://res.cloudinary.com/diyc1dizi/image/upload/aranya-product/boishakh/ZS001787.jpg',	'https://res.cloudinary.com/diyc1dizi/image/upload/aranya-product/boishakh/ZS001187.jpg',	'https://res.cloudinary.com/diyc1dizi/image/upload/aranya-product/boishakh/ZS001542.jpg',	NULL,	1,	1,	NULL,	NULL,	NULL),
(14,	'Vest',	'vest',	NULL,	'2',	'https://res.cloudinary.com/diyc1dizi/image/upload/aranya-product/boishakh/ZS001787.jpg',	'https://res.cloudinary.com/diyc1dizi/image/upload/aranya-product/boishakh/ZS001583.jpg',	'https://res.cloudinary.com/diyc1dizi/image/upload/aranya-product/boishakh/ZS001922.jpg',	NULL,	2,	1,	NULL,	NULL,	NULL),
(15,	'T-Shirt',	't-shirt',	NULL,	'2',	'https://res.cloudinary.com/diyc1dizi/image/upload/aranya-product/boishakh/ZS001793.jpg',	'https://res.cloudinary.com/diyc1dizi/image/upload/aranya-product/boishakh/ZS001583.jpg',	'https://res.cloudinary.com/diyc1dizi/image/upload/aranya-product/boishakh/ZS001694.jpg',	NULL,	3,	1,	NULL,	NULL,	NULL),
(16,	'Fatua',	'fatua',	NULL,	'2',	NULL,	NULL,	NULL,	NULL,	4,	1,	NULL,	NULL,	NULL),
(17,	'Shirts',	'shirts',	NULL,	'2',	NULL,	NULL,	NULL,	NULL,	5,	1,	NULL,	NULL,	NULL),
(18,	'Jackets',	'jackets',	NULL,	'2',	NULL,	NULL,	NULL,	NULL,	6,	1,	NULL,	NULL,	NULL),
(19,	'Baby Kantha',	'baby-kantha',	NULL,	'4',	NULL,	NULL,	NULL,	NULL,	1,	1,	NULL,	NULL,	NULL),
(20,	'Cushion Cover',	'cushion-cover',	NULL,	'4',	NULL,	NULL,	NULL,	NULL,	2,	1,	NULL,	NULL,	NULL),
(21,	'Ceramic',	'ceramic',	NULL,	'4',	NULL,	NULL,	NULL,	NULL,	3,	1,	NULL,	NULL,	NULL),
(22,	'Table Cloth',	'table-cloth',	NULL,	'4',	NULL,	NULL,	NULL,	NULL,	4,	1,	NULL,	NULL,	NULL),
(23,	'Bed Cover',	'bed-cover',	NULL,	'4',	NULL,	NULL,	NULL,	NULL,	5,	1,	NULL,	NULL,	NULL),
(24,	'Basket',	'basket',	NULL,	'4',	NULL,	NULL,	NULL,	NULL,	6,	1,	NULL,	NULL,	NULL),
(25,	'Napkin',	'napkin',	NULL,	'4',	NULL,	NULL,	NULL,	NULL,	7,	1,	NULL,	NULL,	NULL),
(26,	'Table Runner',	'table-runner',	NULL,	'4',	NULL,	NULL,	NULL,	NULL,	8,	1,	NULL,	NULL,	NULL),
(27,	'Aatong',	'aatong',	NULL,	'6',	NULL,	NULL,	NULL,	NULL,	1,	1,	NULL,	NULL,	NULL),
(28,	'Cangbuk',	'cangbuk',	NULL,	'6',	NULL,	NULL,	NULL,	NULL,	2,	1,	NULL,	NULL,	NULL),
(29,	'Ashtodhatu Jewellery',	'ashtodhatu-jewellery',	NULL,	'37',	NULL,	NULL,	NULL,	NULL,	3,	1,	NULL,	NULL,	NULL),
(30,	'Silver Jewellery',	'silver-jewellery',	NULL,	'37',	NULL,	NULL,	NULL,	NULL,	4,	1,	NULL,	NULL,	NULL),
(31,	'Metal Jewellery',	'metal-jewellery',	NULL,	'37',	NULL,	NULL,	NULL,	NULL,	5,	1,	NULL,	NULL,	NULL),
(32,	'Other Jewellery',	'other-jewellery',	NULL,	'37',	'https://res.cloudinary.com/diyc1dizi/image/upload/aranya-product/boishakh/ZS001756.jpg',	'https://res.cloudinary.com/diyc1dizi/image/upload/aranya-product/boishakh/ZS001072.jpg',	'https://res.cloudinary.com/diyc1dizi/image/upload/aranya-product/boishakh/ZS001125.jpg',	NULL,	6,	1,	NULL,	NULL,	NULL),
(33,	'Scarves',	'scarves',	NULL,	'6',	NULL,	NULL,	NULL,	NULL,	7,	1,	NULL,	NULL,	NULL),
(34,	'Orna',	'orna',	NULL,	'6',	NULL,	NULL,	NULL,	NULL,	8,	1,	NULL,	NULL,	NULL),
(35,	'Stoles',	'stoles',	NULL,	'6',	NULL,	NULL,	NULL,	NULL,	9,	1,	NULL,	NULL,	NULL),
(36,	'Shawls',	'shawls',	NULL,	'6',	NULL,	NULL,	NULL,	NULL,	10,	1,	NULL,	NULL,	NULL),
(37,	'Jewellery',	'jewellery',	NULL,	'0',	NULL,	NULL,	NULL,	NULL,	0,	1,	NULL,	NULL,	NULL),
(38,	'Girls',	'girls',	NULL,	'3',	NULL,	NULL,	NULL,	NULL,	1,	1,	NULL,	NULL,	NULL),
(39,	'Boys',	'boys',	NULL,	'3',	NULL,	NULL,	NULL,	NULL,	2,	1,	NULL,	NULL,	NULL),
(40,	'Babies',	'babies',	NULL,	'3',	NULL,	NULL,	NULL,	NULL,	3,	1,	NULL,	NULL,	NULL),
(41,	'Toddlers',	'toddlers',	NULL,	'3',	NULL,	NULL,	NULL,	NULL,	4,	1,	NULL,	NULL,	NULL),
(42,	'test cat',	'test-cat',	NULL,	'6',	'https://res.cloudinary.com/diyc1dizi/image/upload/aranya/9_1.png',	'https://res.cloudinary.com/diyc1dizi/image/upload/aranya/4_2.png',	'https://res.cloudinary.com/diyc1dizi/image/upload/aranya/11_1.png',	NULL,	19,	1,	'2023-06-22 06:03:15',	'2023-06-22 06:00:52',	'2023-06-22 06:03:15'),
(43,	'Test',	'test',	NULL,	'0',	NULL,	NULL,	NULL,	NULL,	15,	1,	'2023-07-10 07:26:25',	'2023-07-10 07:01:37',	'2023-07-10 07:26:25'),
(44,	'admin',	'admin',	NULL,	'43',	NULL,	NULL,	NULL,	NULL,	0,	1,	'2023-07-10 07:05:57',	'2023-07-10 07:02:24',	'2023-07-10 07:05:57'),
(45,	'jeans',	'jeans',	NULL,	'43',	NULL,	NULL,	NULL,	NULL,	0,	1,	'2023-07-10 07:05:52',	'2023-07-10 07:04:50',	'2023-07-10 07:05:52'),
(46,	'What\'s new',	'whats-new',	NULL,	'1',	NULL,	NULL,	NULL,	NULL,	0,	1,	'2023-07-10 07:26:08',	'2023-07-10 07:25:24',	'2023-07-10 07:26:08'),
(47,	'Test',	'test',	NULL,	'0',	NULL,	NULL,	NULL,	NULL,	0,	1,	'2023-08-13 05:24:09',	'2023-08-13 05:23:21',	'2023-08-13 05:24:09'),
(48,	'Testing purpose',	'testing-purpose',	NULL,	'47',	NULL,	NULL,	NULL,	NULL,	0,	1,	'2023-08-13 05:25:46',	'2023-08-13 05:24:00',	'2023-08-13 05:25:46'),
(49,	'Test',	'test',	NULL,	'0',	NULL,	NULL,	NULL,	NULL,	0,	1,	'2023-08-13 05:26:48',	'2023-08-13 05:26:03',	'2023-08-13 05:26:48'),
(50,	'Testing purpose',	'testing-purpose',	NULL,	'49',	NULL,	NULL,	NULL,	NULL,	0,	1,	'2023-08-13 05:26:52',	'2023-08-13 05:26:20',	'2023-08-13 05:26:52');

DROP TABLE IF EXISTS `category_fabric`;
CREATE TABLE `category_fabric` (
  `id` bigint(20) unsigned NOT NULL AUTO_INCREMENT,
  `category_id` bigint(20) unsigned NOT NULL,
  `fabric_id` bigint(20) unsigned NOT NULL,
  `created_at` timestamp NULL DEFAULT NULL,
  `updated_at` timestamp NULL DEFAULT NULL,
  PRIMARY KEY (`id`)
) ENGINE=InnoDB DEFAULT CHARSET=utf8mb4 COLLATE=utf8mb4_unicode_ci;

INSERT INTO `category_fabric` (`id`, `category_id`, `fabric_id`, `created_at`, `updated_at`) VALUES
(1,	3,	10,	'2023-03-22 03:14:42',	'2023-03-22 03:14:42'),
(2,	3,	4,	'2023-03-22 03:14:42',	'2023-03-22 03:14:42'),
(3,	8,	10,	'2023-03-22 03:14:42',	'2023-03-22 03:14:42'),
(4,	8,	23,	'2023-03-22 03:14:43',	'2023-03-22 03:14:43'),
(5,	8,	4,	'2023-03-22 03:14:43',	'2023-03-22 03:14:43'),
(6,	3,	21,	'2023-03-22 03:14:43',	'2023-03-22 03:14:43'),
(7,	3,	5,	'2023-03-22 03:14:43',	'2023-03-22 03:14:43'),
(8,	3,	26,	'2023-03-22 03:14:43',	'2023-03-22 03:14:43'),
(9,	13,	3,	'2023-03-22 03:14:44',	'2023-03-22 03:14:44'),
(10,	13,	10,	'2023-03-22 03:14:44',	'2023-03-22 03:14:44'),
(11,	13,	4,	'2023-03-22 03:14:44',	'2023-03-22 03:14:44'),
(12,	13,	14,	'2023-03-22 03:14:44',	'2023-03-22 03:14:44'),
(13,	13,	18,	'2023-03-22 03:14:44',	'2023-03-22 03:14:44'),
(14,	13,	23,	'2023-03-22 03:14:44',	'2023-03-22 03:14:44'),
(15,	13,	25,	'2023-03-22 03:14:45',	'2023-03-22 03:14:45'),
(16,	13,	28,	'2023-03-22 03:14:45',	'2023-03-22 03:14:45'),
(17,	13,	1,	'2023-03-22 03:14:45',	'2023-03-22 03:14:45'),
(18,	16,	18,	'2023-03-22 03:14:45',	'2023-03-22 03:14:45'),
(19,	18,	12,	'2023-03-22 03:14:45',	'2023-03-22 03:14:45'),
(20,	14,	4,	'2023-03-22 03:14:45',	'2023-03-22 03:14:45'),
(21,	15,	4,	'2023-03-22 03:14:46',	'2023-03-22 03:14:46'),
(22,	15,	22,	'2023-03-22 03:14:46',	'2023-03-22 03:14:46'),
(24,	7,	14,	'2023-03-22 03:14:46',	'2023-03-22 03:14:46'),
(25,	7,	4,	'2023-03-22 03:14:46',	'2023-03-22 03:14:46'),
(28,	8,	1,	'2023-03-22 03:14:46',	'2023-03-22 03:14:46'),
(29,	8,	18,	'2023-03-22 03:14:46',	'2023-03-22 03:14:46'),
(30,	10,	10,	'2023-03-22 03:14:46',	'2023-03-22 03:14:46'),
(31,	10,	14,	'2023-03-22 03:14:46',	'2023-03-22 03:14:46'),
(32,	10,	23,	'2023-03-22 03:14:46',	'2023-03-22 03:14:46'),
(33,	33,	4,	'2023-03-22 03:14:46',	'2023-03-22 03:14:46'),
(34,	33,	14,	'2023-03-22 03:14:46',	'2023-03-22 03:14:46'),
(35,	10,	3,	'2023-03-22 03:14:46',	'2023-03-22 03:14:46'),
(36,	10,	4,	'2023-03-22 03:14:46',	'2023-03-22 03:14:46'),
(37,	11,	4,	'2023-03-22 03:14:46',	'2023-03-22 03:14:46'),
(38,	11,	1,	'2023-03-22 03:14:47',	'2023-03-22 03:14:47'),
(39,	11,	21,	'2023-03-22 03:14:47',	'2023-03-22 03:14:47'),
(40,	11,	20,	'2023-03-22 03:14:47',	'2023-03-22 03:14:47'),
(41,	12,	23,	'2023-03-22 03:14:47',	'2023-03-22 03:14:47'),
(42,	9,	10,	'2023-03-22 03:14:47',	'2023-03-22 03:14:47'),
(43,	10,	25,	'2023-03-22 03:14:47',	'2023-03-22 03:14:47'),
(44,	10,	22,	'2023-03-22 03:14:47',	'2023-03-22 03:14:47'),
(45,	35,	22,	'2023-03-22 03:14:47',	'2023-03-22 03:14:47'),
(46,	34,	11,	'2023-03-22 03:14:47',	'2023-03-22 03:14:47'),
(49,	32,	2,	'2023-03-22 03:14:47',	'2023-03-22 03:14:47'),
(50,	9,	32,	'2023-05-28 06:40:34',	'2023-05-28 06:40:34'),
(51,	13,	31,	'2023-05-30 03:58:01',	'2023-05-30 03:58:01'),
(52,	1,	32,	NULL,	NULL),
(53,	1,	29,	NULL,	NULL),
(54,	1,	25,	NULL,	NULL),
(55,	1,	23,	NULL,	NULL),
(56,	2,	31,	NULL,	NULL),
(57,	2,	28,	NULL,	NULL),
(58,	2,	18,	NULL,	NULL),
(59,	2,	14,	NULL,	NULL),
(60,	2,	10,	NULL,	NULL),
(61,	2,	13,	NULL,	NULL),
(62,	2,	11,	NULL,	NULL),
(63,	2,	21,	NULL,	NULL),
(64,	42,	2,	NULL,	NULL),
(65,	42,	3,	NULL,	NULL),
(66,	42,	1,	NULL,	NULL),
(67,	42,	14,	NULL,	NULL),
(68,	7,	31,	NULL,	NULL),
(69,	7,	30,	NULL,	NULL),
(70,	5,	32,	NULL,	NULL),
(71,	5,	29,	NULL,	NULL),
(72,	5,	31,	NULL,	NULL),
(73,	44,	5,	NULL,	NULL),
(75,	45,	29,	NULL,	NULL);

DROP TABLE IF EXISTS `colours`;
CREATE TABLE `colours` (
  `id` bigint(20) unsigned NOT NULL AUTO_INCREMENT,
  `color_name` varchar(255) COLLATE utf8mb4_unicode_ci NOT NULL,
  `color_code` varchar(255) COLLATE utf8mb4_unicode_ci DEFAULT NULL,
  `slug` varchar(255) COLLATE utf8mb4_unicode_ci DEFAULT NULL,
  `precedence` int(11) DEFAULT NULL,
  `status` tinyint(4) NOT NULL DEFAULT 1,
  `deleted_at` timestamp NULL DEFAULT NULL,
  `created_at` timestamp NULL DEFAULT NULL,
  `updated_at` timestamp NULL DEFAULT NULL,
  PRIMARY KEY (`id`)
) ENGINE=InnoDB DEFAULT CHARSET=utf8mb4 COLLATE=utf8mb4_unicode_ci;

INSERT INTO `colours` (`id`, `color_name`, `color_code`, `slug`, `precedence`, `status`, `deleted_at`, `created_at`, `updated_at`) VALUES
(1,	'Red',	'#ff0000',	'red',	NULL,	1,	NULL,	'2023-03-06 16:06:30',	'2023-03-11 08:24:07'),
(2,	'Blue',	'#0000ff',	'blue',	NULL,	1,	NULL,	'2023-03-06 16:06:50',	'2023-03-11 08:32:43'),
(3,	'Green',	'#00ff00',	'green',	NULL,	1,	NULL,	'2023-03-06 16:07:02',	'2023-03-11 08:44:30'),
(5,	'Pink',	'#ffc0cb',	'pink',	NULL,	1,	NULL,	'2023-03-09 06:01:37',	'2023-03-11 08:20:01'),
(8,	'Purple',	'#9933ff',	'purple',	NULL,	1,	NULL,	'2023-03-09 06:02:52',	'2023-03-11 08:47:14'),
(9,	'Beige',	'#f5f5dc',	'beige',	NULL,	1,	NULL,	'2023-03-11 07:53:39',	'2023-03-11 07:57:57'),
(10,	'Brown',	'#964b00',	'brown',	NULL,	1,	NULL,	'2023-03-11 07:57:22',	'2023-03-11 07:57:22'),
(11,	'Golden',	'#ffd700',	'golden',	NULL,	1,	NULL,	'2023-03-11 08:01:32',	'2023-03-11 08:01:57'),
(12,	'Gray',	'#808080',	'gray',	NULL,	1,	NULL,	'2023-03-11 08:03:47',	'2023-03-11 08:03:47'),
(13,	'Olive',	'#808000',	'olive',	NULL,	1,	NULL,	'2023-03-11 08:05:03',	'2023-03-11 08:05:03'),
(14,	'Teal',	'#008080',	'teal',	NULL,	1,	NULL,	'2023-03-11 08:06:27',	'2023-03-11 08:06:27'),
(15,	'Annatto',	'#8c5341',	'annatto',	NULL,	1,	NULL,	'2023-03-11 08:09:28',	'2023-03-11 08:09:28'),
(16,	'Manjit',	'#b12525',	'manjit',	NULL,	1,	NULL,	'2023-03-11 08:11:40',	'2023-03-11 08:11:40'),
(17,	'Navy',	'#002f6c',	'navy',	NULL,	1,	NULL,	'2023-03-11 08:14:16',	'2023-03-11 08:14:16'),
(18,	'Off-White',	'#f5f5f5',	'off-white',	NULL,	1,	NULL,	'2023-03-11 08:16:02',	'2023-03-11 08:16:41'),
(19,	'White',	'#ffffff',	'white',	NULL,	1,	NULL,	'2023-03-11 08:22:44',	'2023-03-11 08:22:44'),
(20,	'Black',	'#050505',	'black',	NULL,	1,	NULL,	'2023-03-12 00:42:58',	'2023-03-12 00:42:58'),
(22,	'Sea Green',	'#36ab84',	'sea-green',	NULL,	1,	NULL,	'2023-08-13 05:16:12',	'2023-08-13 05:16:12');

DROP TABLE IF EXISTS `consignments`;
CREATE TABLE `consignments` (
  `id` bigint(20) unsigned NOT NULL AUTO_INCREMENT,
  `consignment_name` varchar(255) COLLATE utf8mb4_unicode_ci NOT NULL,
  `slug` varchar(255) COLLATE utf8mb4_unicode_ci DEFAULT NULL,
  `precedence` int(11) DEFAULT NULL,
  `status` tinyint(4) NOT NULL DEFAULT 1,
  `deleted_at` timestamp NULL DEFAULT NULL,
  `created_at` timestamp NULL DEFAULT NULL,
  `updated_at` timestamp NULL DEFAULT NULL,
  PRIMARY KEY (`id`)
) ENGINE=InnoDB DEFAULT CHARSET=utf8mb4 COLLATE=utf8mb4_unicode_ci;

INSERT INTO `consignments` (`id`, `consignment_name`, `slug`, `precedence`, `status`, `deleted_at`, `created_at`, `updated_at`) VALUES
(1,	'test-consignment',	'test-consignment',	NULL,	1,	NULL,	'2023-08-10 09:40:47',	'2023-08-10 09:40:47'),
(2,	'ABC-consignment',	'abc-consignment',	NULL,	1,	NULL,	'2023-08-13 05:19:44',	'2023-08-13 05:19:44');

DROP TABLE IF EXISTS `countries`;
CREATE TABLE `countries` (
  `id` bigint(20) unsigned NOT NULL AUTO_INCREMENT,
  `country` varchar(255) COLLATE utf8mb4_unicode_ci NOT NULL,
  `currency` varchar(255) COLLATE utf8mb4_unicode_ci NOT NULL,
  `code` varchar(255) COLLATE utf8mb4_unicode_ci NOT NULL,
  `symbol` varchar(255) COLLATE utf8mb4_unicode_ci NOT NULL,
  `status` tinyint(4) NOT NULL DEFAULT 0,
  `created_at` timestamp NULL DEFAULT NULL,
  `updated_at` timestamp NULL DEFAULT NULL,
  PRIMARY KEY (`id`)
) ENGINE=InnoDB DEFAULT CHARSET=utf8mb4 COLLATE=utf8mb4_unicode_ci;


DROP TABLE IF EXISTS `deliveries`;
CREATE TABLE `deliveries` (
  `id` bigint(20) unsigned NOT NULL AUTO_INCREMENT,
  `order_id` bigint(20) unsigned NOT NULL,
  `tracking_id` varchar(100) COLLATE utf8mb4_unicode_ci DEFAULT NULL,
  `process_date` date DEFAULT NULL,
  `process_state` tinyint(4) DEFAULT NULL,
  `process_value` varchar(255) COLLATE utf8mb4_unicode_ci DEFAULT NULL,
  `on_delivery_date` date DEFAULT NULL,
  `on_delivery_state` tinyint(4) DEFAULT NULL,
  `on_delivery_value` varchar(255) COLLATE utf8mb4_unicode_ci DEFAULT NULL,
  `delivery_date` date DEFAULT NULL,
  `delivery_state` tinyint(4) DEFAULT NULL,
  `delivery_value` varchar(255) COLLATE utf8mb4_unicode_ci DEFAULT NULL,
  `delivered_by` varchar(255) COLLATE utf8mb4_unicode_ci DEFAULT NULL,
  `deleted_at` timestamp NULL DEFAULT NULL,
  `created_at` timestamp NULL DEFAULT NULL,
  `updated_at` timestamp NULL DEFAULT NULL,
  PRIMARY KEY (`id`)
) ENGINE=InnoDB DEFAULT CHARSET=utf8mb4 COLLATE=utf8mb4_unicode_ci;

INSERT INTO `deliveries` (`id`, `order_id`, `tracking_id`, `process_date`, `process_state`, `process_value`, `on_delivery_date`, `on_delivery_state`, `on_delivery_value`, `delivery_date`, `delivery_state`, `delivery_value`, `delivered_by`, `deleted_at`, `created_at`, `updated_at`) VALUES
(1,	265,	'9999999993333',	'2023-04-02',	1,	'Processig',	'2023-04-02',	2,	'On Delivery',	'2023-04-02',	3,	'Delivered',	NULL,	NULL,	'2023-04-03 09:34:58',	'2023-04-03 04:14:17'),
(2,	264,	'4675765765657',	'2023-04-05',	1,	'Processig',	'2023-04-02',	2,	'On Delivery',	NULL,	NULL,	NULL,	NULL,	NULL,	'2023-04-03 09:34:59',	'2023-04-03 04:09:54'),
(3,	266,	'8888888886',	'2023-04-01',	1,	'Processig',	'2023-04-02',	2,	'On Delivery',	'2023-04-03',	3,	'Delivered',	NULL,	NULL,	'2023-04-03 10:17:20',	'2023-04-03 04:17:01'),
(4,	267,	NULL,	'2023-04-05',	1,	'Processig',	NULL,	NULL,	NULL,	NULL,	NULL,	NULL,	NULL,	NULL,	'2023-04-05 07:18:17',	'2023-04-05 07:18:34'),
(5,	268,	NULL,	'2023-04-05',	1,	'Processig',	NULL,	NULL,	NULL,	NULL,	NULL,	NULL,	NULL,	NULL,	'2023-04-05 07:39:38',	'2023-04-05 07:39:52'),
(6,	269,	NULL,	'2023-04-05',	1,	'Processig',	NULL,	NULL,	NULL,	NULL,	NULL,	NULL,	NULL,	NULL,	'2023-04-05 07:43:04',	'2023-04-05 07:43:15'),
(7,	270,	NULL,	'2023-04-05',	1,	'Processig',	NULL,	NULL,	NULL,	NULL,	NULL,	NULL,	NULL,	NULL,	'2023-04-05 07:51:19',	'2023-04-05 07:51:33'),
(8,	271,	NULL,	'2023-04-06',	1,	'Processig',	NULL,	NULL,	NULL,	NULL,	NULL,	NULL,	NULL,	NULL,	'2023-04-06 03:47:19',	'2023-04-06 03:47:34'),
(9,	272,	NULL,	'2023-04-06',	1,	'Processig',	NULL,	NULL,	NULL,	NULL,	NULL,	NULL,	NULL,	NULL,	'2023-04-06 05:36:20',	'2023-04-06 05:36:32'),
(10,	273,	NULL,	NULL,	NULL,	NULL,	NULL,	NULL,	NULL,	NULL,	NULL,	NULL,	NULL,	NULL,	'2023-04-06 07:55:32',	NULL),
(11,	274,	NULL,	NULL,	NULL,	NULL,	NULL,	NULL,	NULL,	NULL,	NULL,	NULL,	NULL,	NULL,	'2023-04-06 07:57:03',	NULL),
(12,	275,	NULL,	NULL,	NULL,	NULL,	NULL,	NULL,	NULL,	NULL,	NULL,	NULL,	NULL,	NULL,	'2023-04-06 08:14:24',	NULL),
(13,	276,	NULL,	'2023-04-06',	1,	'Processig',	'2023-05-11',	2,	'On Delivery',	NULL,	NULL,	NULL,	NULL,	NULL,	'2023-04-06 08:18:33',	'2023-05-11 06:53:03'),
(14,	277,	NULL,	'2023-04-06',	1,	'Processig',	NULL,	NULL,	NULL,	NULL,	NULL,	NULL,	NULL,	NULL,	'2023-04-06 08:20:15',	'2023-04-06 08:23:21'),
(15,	278,	NULL,	'2023-04-06',	1,	'Processig',	NULL,	NULL,	NULL,	NULL,	NULL,	NULL,	NULL,	NULL,	'2023-04-06 08:21:23',	'2023-04-06 08:21:37'),
(16,	279,	NULL,	'2023-04-06',	1,	'Processig',	NULL,	NULL,	NULL,	NULL,	NULL,	NULL,	NULL,	NULL,	'2023-04-06 08:52:09',	'2023-04-06 08:52:22'),
(17,	280,	NULL,	'2023-04-06',	1,	'Processig',	NULL,	NULL,	NULL,	NULL,	NULL,	NULL,	NULL,	NULL,	'2023-04-06 09:54:53',	'2023-04-06 09:55:04'),
(18,	294,	NULL,	'2023-04-09',	1,	'Processig',	'2023-05-11',	2,	'On Delivery',	'2023-05-11',	3,	'Delivered',	NULL,	NULL,	'2023-04-09 18:48:00',	'2023-05-11 05:57:14'),
(19,	295,	NULL,	'2023-04-10',	1,	'Processig',	NULL,	NULL,	NULL,	NULL,	NULL,	NULL,	NULL,	NULL,	'2023-04-10 05:18:05',	'2023-04-10 05:18:21'),
(20,	296,	NULL,	NULL,	NULL,	NULL,	NULL,	NULL,	NULL,	NULL,	NULL,	NULL,	NULL,	NULL,	'2023-04-10 05:18:07',	NULL),
(21,	297,	NULL,	NULL,	NULL,	NULL,	NULL,	NULL,	NULL,	NULL,	NULL,	NULL,	NULL,	NULL,	'2023-04-10 05:18:08',	NULL),
(22,	298,	NULL,	NULL,	NULL,	NULL,	NULL,	NULL,	NULL,	NULL,	NULL,	NULL,	NULL,	NULL,	'2023-04-10 05:18:09',	NULL),
(23,	299,	NULL,	NULL,	NULL,	NULL,	NULL,	NULL,	NULL,	NULL,	NULL,	NULL,	NULL,	NULL,	'2023-04-10 05:18:10',	NULL),
(24,	300,	NULL,	'2023-04-10',	1,	'Processig',	NULL,	NULL,	NULL,	NULL,	NULL,	NULL,	NULL,	NULL,	'2023-04-10 05:24:19',	'2023-04-10 05:24:38'),
(25,	301,	NULL,	'2023-04-10',	1,	'Processig',	NULL,	NULL,	NULL,	NULL,	NULL,	NULL,	NULL,	NULL,	'2023-04-10 05:25:29',	'2023-04-10 05:25:43'),
(26,	302,	NULL,	NULL,	NULL,	NULL,	NULL,	NULL,	NULL,	NULL,	NULL,	NULL,	NULL,	NULL,	'2023-04-10 05:25:32',	NULL),
(27,	303,	NULL,	'2023-04-10',	1,	'Processig',	NULL,	NULL,	NULL,	NULL,	NULL,	NULL,	NULL,	NULL,	'2023-04-10 05:26:36',	NULL),
(28,	304,	NULL,	'2023-04-10',	1,	'Processig',	NULL,	NULL,	NULL,	NULL,	NULL,	NULL,	NULL,	NULL,	'2023-04-10 05:27:38',	NULL),
(29,	305,	NULL,	'2023-04-10',	1,	'Processig',	NULL,	NULL,	NULL,	NULL,	NULL,	NULL,	NULL,	NULL,	'2023-04-10 05:27:42',	NULL),
(30,	306,	'DE90752095734',	NULL,	1,	'Processig',	'2023-04-10',	2,	'On Delivery',	NULL,	3,	'Delivered',	NULL,	NULL,	'2023-04-10 05:27:42',	'2023-04-10 11:26:01'),
(31,	307,	NULL,	'2023-04-17',	1,	'Processig',	NULL,	NULL,	NULL,	NULL,	NULL,	NULL,	NULL,	NULL,	'2023-04-17 11:53:38',	'2023-04-17 11:54:02'),
(32,	337,	NULL,	'2023-05-01',	1,	'Processig',	NULL,	NULL,	NULL,	NULL,	NULL,	NULL,	NULL,	NULL,	'2023-05-01 07:17:13',	'2023-05-01 07:17:35'),
(33,	338,	NULL,	'2023-05-01',	1,	'Processig',	NULL,	NULL,	NULL,	NULL,	NULL,	NULL,	NULL,	NULL,	'2023-05-01 08:57:53',	'2023-05-01 08:58:17'),
(34,	339,	NULL,	'2023-05-02',	1,	'Processig',	NULL,	NULL,	NULL,	NULL,	NULL,	NULL,	NULL,	NULL,	'2023-05-02 05:21:28',	NULL),
(35,	340,	NULL,	'2023-05-02',	1,	'Processig',	NULL,	NULL,	NULL,	NULL,	NULL,	NULL,	NULL,	NULL,	'2023-05-02 05:21:33',	NULL),
(36,	341,	NULL,	'2023-05-02',	1,	'Processig',	NULL,	NULL,	NULL,	NULL,	NULL,	NULL,	NULL,	NULL,	'2023-05-02 05:21:34',	NULL),
(37,	342,	NULL,	'2023-05-02',	1,	'Processig',	NULL,	NULL,	NULL,	NULL,	NULL,	NULL,	NULL,	NULL,	'2023-05-02 05:21:33',	NULL),
(38,	343,	NULL,	'2023-05-02',	1,	'Processig',	NULL,	NULL,	NULL,	NULL,	NULL,	NULL,	NULL,	NULL,	'2023-05-02 05:21:36',	NULL),
(39,	344,	NULL,	'2023-05-02',	1,	'Processig',	NULL,	NULL,	NULL,	NULL,	NULL,	NULL,	NULL,	NULL,	'2023-05-02 05:21:36',	NULL),
(40,	345,	NULL,	'2023-05-02',	1,	'Processig',	NULL,	NULL,	NULL,	NULL,	NULL,	NULL,	NULL,	NULL,	'2023-05-02 06:12:18',	'2023-05-02 06:13:44'),
(41,	346,	NULL,	NULL,	NULL,	NULL,	NULL,	NULL,	NULL,	NULL,	NULL,	NULL,	NULL,	NULL,	'2023-05-02 06:12:20',	NULL),
(42,	347,	NULL,	NULL,	NULL,	NULL,	NULL,	NULL,	NULL,	NULL,	NULL,	NULL,	NULL,	NULL,	'2023-05-02 06:12:22',	NULL),
(43,	348,	NULL,	NULL,	NULL,	NULL,	NULL,	NULL,	NULL,	NULL,	NULL,	NULL,	NULL,	NULL,	'2023-05-02 06:12:23',	NULL),
(44,	349,	NULL,	'2023-05-02',	1,	'Processig',	NULL,	NULL,	NULL,	NULL,	NULL,	NULL,	NULL,	NULL,	'2023-05-02 06:13:44',	'2023-05-02 06:14:11'),
(45,	350,	NULL,	NULL,	NULL,	NULL,	NULL,	NULL,	NULL,	NULL,	NULL,	NULL,	NULL,	NULL,	'2023-05-02 06:19:27',	NULL),
(46,	351,	NULL,	NULL,	NULL,	NULL,	NULL,	NULL,	NULL,	NULL,	NULL,	NULL,	NULL,	NULL,	'2023-05-02 06:20:12',	NULL),
(47,	352,	NULL,	NULL,	NULL,	NULL,	NULL,	NULL,	NULL,	NULL,	NULL,	NULL,	NULL,	NULL,	'2023-05-02 06:38:45',	NULL),
(48,	353,	NULL,	NULL,	NULL,	NULL,	NULL,	NULL,	NULL,	NULL,	NULL,	NULL,	NULL,	NULL,	'2023-05-02 06:42:29',	NULL),
(49,	354,	NULL,	NULL,	NULL,	NULL,	NULL,	NULL,	NULL,	NULL,	NULL,	NULL,	NULL,	NULL,	'2023-05-02 06:44:01',	NULL),
(50,	355,	NULL,	NULL,	NULL,	NULL,	NULL,	NULL,	NULL,	NULL,	NULL,	NULL,	NULL,	NULL,	'2023-05-02 06:46:16',	NULL),
(51,	356,	NULL,	NULL,	NULL,	NULL,	NULL,	NULL,	NULL,	NULL,	NULL,	NULL,	NULL,	NULL,	'2023-05-02 06:47:03',	NULL),
(52,	357,	NULL,	NULL,	NULL,	NULL,	NULL,	NULL,	NULL,	NULL,	NULL,	NULL,	NULL,	NULL,	'2023-05-02 06:48:43',	NULL),
(53,	358,	NULL,	NULL,	NULL,	NULL,	NULL,	NULL,	NULL,	NULL,	NULL,	NULL,	NULL,	NULL,	'2023-05-02 06:49:52',	NULL),
(54,	359,	NULL,	NULL,	NULL,	NULL,	NULL,	NULL,	NULL,	NULL,	NULL,	NULL,	NULL,	NULL,	'2023-05-02 06:55:30',	NULL),
(55,	360,	NULL,	NULL,	NULL,	NULL,	NULL,	NULL,	NULL,	NULL,	NULL,	NULL,	NULL,	NULL,	'2023-05-02 06:58:20',	NULL),
(56,	361,	NULL,	NULL,	NULL,	NULL,	NULL,	NULL,	NULL,	NULL,	NULL,	NULL,	NULL,	NULL,	'2023-05-02 07:01:35',	NULL),
(57,	362,	NULL,	NULL,	NULL,	NULL,	NULL,	NULL,	NULL,	NULL,	NULL,	NULL,	NULL,	NULL,	'2023-05-02 07:02:54',	NULL),
(58,	363,	NULL,	NULL,	NULL,	NULL,	NULL,	NULL,	NULL,	NULL,	NULL,	NULL,	NULL,	NULL,	'2023-05-02 07:04:03',	NULL),
(59,	364,	NULL,	'2023-05-03',	1,	'Processig',	NULL,	NULL,	NULL,	NULL,	NULL,	NULL,	NULL,	NULL,	'2023-05-03 09:27:01',	'2023-05-03 09:27:23'),
(60,	365,	NULL,	NULL,	NULL,	NULL,	NULL,	NULL,	NULL,	NULL,	NULL,	NULL,	NULL,	NULL,	'2023-05-03 10:42:23',	NULL),
(61,	366,	NULL,	NULL,	NULL,	NULL,	NULL,	NULL,	NULL,	NULL,	NULL,	NULL,	NULL,	NULL,	'2023-05-03 10:43:14',	NULL),
(62,	367,	NULL,	NULL,	NULL,	NULL,	NULL,	NULL,	NULL,	NULL,	NULL,	NULL,	NULL,	NULL,	'2023-05-03 10:43:17',	NULL),
(63,	368,	NULL,	NULL,	NULL,	NULL,	NULL,	NULL,	NULL,	NULL,	NULL,	NULL,	NULL,	NULL,	'2023-05-03 10:43:28',	NULL),
(64,	369,	NULL,	NULL,	NULL,	NULL,	NULL,	NULL,	NULL,	NULL,	NULL,	NULL,	NULL,	NULL,	'2023-05-03 10:43:51',	NULL),
(65,	370,	NULL,	NULL,	NULL,	NULL,	NULL,	NULL,	NULL,	NULL,	NULL,	NULL,	NULL,	NULL,	'2023-05-03 10:44:59',	NULL),
(66,	371,	NULL,	'2023-05-11',	1,	'Processig',	NULL,	NULL,	NULL,	NULL,	NULL,	NULL,	NULL,	NULL,	'2023-05-03 10:46:30',	'2023-05-11 06:36:15'),
(67,	372,	NULL,	NULL,	NULL,	NULL,	NULL,	NULL,	NULL,	NULL,	NULL,	NULL,	NULL,	NULL,	'2023-05-03 10:48:18',	NULL),
(68,	373,	NULL,	NULL,	NULL,	NULL,	NULL,	NULL,	NULL,	NULL,	NULL,	NULL,	NULL,	NULL,	'2023-05-03 10:51:30',	NULL),
(69,	374,	NULL,	'2023-05-23',	1,	'Processig',	NULL,	NULL,	NULL,	NULL,	NULL,	NULL,	NULL,	NULL,	'2023-05-23 04:54:33',	'2023-05-23 04:55:08'),
(70,	375,	NULL,	'2023-05-25',	1,	'Processig',	NULL,	NULL,	NULL,	NULL,	NULL,	NULL,	NULL,	NULL,	'2023-05-25 19:19:52',	'2023-05-25 19:20:20'),
(71,	376,	NULL,	NULL,	NULL,	NULL,	NULL,	NULL,	NULL,	NULL,	NULL,	NULL,	NULL,	NULL,	'2023-05-28 05:27:51',	NULL),
(72,	377,	NULL,	'2023-05-28',	1,	'Processig',	NULL,	NULL,	NULL,	NULL,	NULL,	NULL,	NULL,	NULL,	'2023-05-28 05:30:27',	NULL),
(73,	378,	NULL,	'2023-05-30',	1,	'Processig',	'2023-05-30',	2,	'On Delivery',	'2023-05-30',	3,	'Delivered',	NULL,	NULL,	'2023-05-30 04:02:29',	'2023-05-30 04:15:36'),
(74,	379,	NULL,	NULL,	NULL,	NULL,	NULL,	NULL,	NULL,	NULL,	NULL,	NULL,	NULL,	NULL,	'2023-06-05 10:47:59',	NULL),
(75,	380,	NULL,	NULL,	NULL,	NULL,	NULL,	NULL,	NULL,	NULL,	NULL,	NULL,	NULL,	NULL,	'2023-06-05 10:48:06',	NULL),
(76,	381,	NULL,	'2023-06-05',	1,	'Processig',	NULL,	NULL,	NULL,	NULL,	NULL,	NULL,	NULL,	NULL,	'2023-06-05 11:39:38',	'2023-06-05 11:40:00'),
(77,	382,	NULL,	NULL,	NULL,	NULL,	NULL,	NULL,	NULL,	NULL,	NULL,	NULL,	NULL,	NULL,	'2023-06-05 11:39:44',	NULL),
(78,	383,	NULL,	'2023-06-05',	1,	'Processig',	NULL,	NULL,	NULL,	NULL,	NULL,	NULL,	NULL,	NULL,	'2023-06-05 11:44:31',	'2023-06-05 11:44:51'),
(79,	384,	NULL,	'2023-06-06',	1,	'Processig',	NULL,	NULL,	NULL,	NULL,	NULL,	NULL,	NULL,	NULL,	'2023-06-06 05:03:43',	'2023-06-06 05:04:02'),
(80,	385,	NULL,	'2023-06-07',	1,	'Processig',	NULL,	NULL,	NULL,	NULL,	NULL,	NULL,	NULL,	NULL,	'2023-06-07 10:26:00',	'2023-06-07 10:26:17'),
(81,	386,	NULL,	NULL,	NULL,	NULL,	NULL,	NULL,	NULL,	NULL,	NULL,	NULL,	NULL,	NULL,	'2023-06-08 13:00:50',	NULL),
(82,	387,	NULL,	NULL,	NULL,	NULL,	NULL,	NULL,	NULL,	NULL,	NULL,	NULL,	NULL,	NULL,	'2023-06-08 13:16:29',	NULL),
(83,	388,	NULL,	'2023-06-08',	1,	'Processig',	NULL,	NULL,	NULL,	NULL,	NULL,	NULL,	NULL,	NULL,	'2023-06-08 13:17:39',	'2023-06-08 13:18:09'),
(84,	389,	NULL,	'2023-06-08',	1,	'Processig',	NULL,	NULL,	NULL,	NULL,	NULL,	NULL,	NULL,	NULL,	'2023-06-08 13:24:16',	NULL),
(85,	390,	NULL,	'2023-06-11',	1,	'Processig',	NULL,	NULL,	NULL,	NULL,	NULL,	NULL,	NULL,	NULL,	'2023-06-11 05:33:06',	'2023-06-11 05:33:29'),
(86,	391,	NULL,	'2023-06-11',	1,	'Processig',	NULL,	NULL,	NULL,	NULL,	NULL,	NULL,	NULL,	NULL,	'2023-06-11 05:53:08',	NULL),
(87,	392,	NULL,	'2023-06-11',	1,	'Processig',	NULL,	NULL,	NULL,	NULL,	NULL,	NULL,	NULL,	NULL,	'2023-06-11 05:53:13',	NULL),
(88,	393,	NULL,	'2023-06-11',	1,	'Processig',	NULL,	NULL,	NULL,	NULL,	NULL,	NULL,	NULL,	NULL,	'2023-06-11 05:53:51',	'2023-06-11 05:54:18'),
(89,	394,	NULL,	NULL,	NULL,	NULL,	NULL,	NULL,	NULL,	NULL,	NULL,	NULL,	NULL,	NULL,	'2023-06-11 05:55:04',	NULL),
(90,	395,	NULL,	NULL,	NULL,	NULL,	NULL,	NULL,	NULL,	NULL,	NULL,	NULL,	NULL,	NULL,	'2023-06-11 05:55:10',	NULL),
(91,	396,	NULL,	NULL,	NULL,	NULL,	NULL,	NULL,	NULL,	NULL,	NULL,	NULL,	NULL,	NULL,	'2023-06-11 06:00:53',	NULL),
(92,	397,	NULL,	'2023-06-11',	1,	'Processig',	NULL,	NULL,	NULL,	NULL,	NULL,	NULL,	NULL,	NULL,	'2023-06-11 06:06:18',	'2023-06-11 06:06:40'),
(93,	398,	NULL,	'2023-06-11',	1,	'Processig',	NULL,	NULL,	NULL,	NULL,	NULL,	NULL,	NULL,	NULL,	'2023-06-11 06:21:43',	'2023-06-11 06:22:02'),
(94,	399,	NULL,	'2023-06-11',	1,	'Processig',	NULL,	NULL,	NULL,	NULL,	NULL,	NULL,	NULL,	NULL,	'2023-06-11 06:38:49',	NULL),
(95,	400,	NULL,	'2023-06-11',	1,	'Processig',	NULL,	NULL,	NULL,	NULL,	NULL,	NULL,	NULL,	NULL,	'2023-06-11 07:03:10',	'2023-06-11 07:03:33'),
(96,	401,	NULL,	'2023-06-11',	1,	'Processig',	NULL,	NULL,	NULL,	NULL,	NULL,	NULL,	NULL,	NULL,	'2023-06-11 09:33:37',	'2023-06-11 09:34:00'),
(97,	402,	NULL,	'2023-06-11',	1,	'Processig',	NULL,	NULL,	NULL,	NULL,	NULL,	NULL,	NULL,	NULL,	'2023-06-11 10:16:27',	'2023-06-11 10:16:49'),
(98,	403,	NULL,	NULL,	NULL,	NULL,	NULL,	NULL,	NULL,	NULL,	NULL,	NULL,	NULL,	NULL,	'2023-06-11 10:22:31',	NULL),
(99,	404,	NULL,	NULL,	NULL,	NULL,	NULL,	NULL,	NULL,	NULL,	NULL,	NULL,	NULL,	NULL,	'2023-06-11 10:26:07',	NULL),
(100,	405,	NULL,	NULL,	NULL,	NULL,	NULL,	NULL,	NULL,	NULL,	NULL,	NULL,	NULL,	NULL,	'2023-06-11 10:28:47',	NULL),
(101,	406,	NULL,	NULL,	NULL,	NULL,	NULL,	NULL,	NULL,	NULL,	NULL,	NULL,	NULL,	NULL,	'2023-06-11 10:31:26',	NULL),
(102,	407,	NULL,	NULL,	NULL,	NULL,	NULL,	NULL,	NULL,	NULL,	NULL,	NULL,	NULL,	NULL,	'2023-06-11 10:41:19',	NULL),
(103,	408,	NULL,	NULL,	NULL,	NULL,	NULL,	NULL,	NULL,	NULL,	NULL,	NULL,	NULL,	NULL,	'2023-06-11 10:44:09',	NULL),
(104,	409,	NULL,	NULL,	NULL,	NULL,	NULL,	NULL,	NULL,	NULL,	NULL,	NULL,	NULL,	NULL,	'2023-06-11 10:48:30',	NULL),
(105,	410,	NULL,	NULL,	NULL,	NULL,	NULL,	NULL,	NULL,	NULL,	NULL,	NULL,	NULL,	NULL,	'2023-06-11 10:50:04',	NULL),
(106,	411,	NULL,	NULL,	NULL,	NULL,	NULL,	NULL,	NULL,	NULL,	NULL,	NULL,	NULL,	NULL,	'2023-06-11 10:50:47',	NULL),
(107,	412,	NULL,	NULL,	NULL,	NULL,	NULL,	NULL,	NULL,	NULL,	NULL,	NULL,	NULL,	NULL,	'2023-06-11 10:52:45',	NULL),
(108,	413,	NULL,	NULL,	NULL,	NULL,	NULL,	NULL,	NULL,	NULL,	NULL,	NULL,	NULL,	NULL,	'2023-06-11 10:56:32',	NULL),
(109,	414,	NULL,	NULL,	NULL,	NULL,	NULL,	NULL,	NULL,	NULL,	NULL,	NULL,	NULL,	NULL,	'2023-06-11 11:04:37',	NULL),
(110,	415,	NULL,	NULL,	NULL,	NULL,	NULL,	NULL,	NULL,	NULL,	NULL,	NULL,	NULL,	NULL,	'2023-06-11 11:06:28',	NULL),
(111,	416,	NULL,	NULL,	NULL,	NULL,	NULL,	NULL,	NULL,	NULL,	NULL,	NULL,	NULL,	NULL,	'2023-06-11 11:08:42',	NULL),
(112,	417,	NULL,	NULL,	NULL,	NULL,	NULL,	NULL,	NULL,	NULL,	NULL,	NULL,	NULL,	NULL,	'2023-06-11 11:31:35',	NULL),
(113,	418,	NULL,	NULL,	NULL,	NULL,	NULL,	NULL,	NULL,	NULL,	NULL,	NULL,	NULL,	NULL,	'2023-06-11 11:32:35',	NULL),
(114,	419,	NULL,	NULL,	NULL,	NULL,	NULL,	NULL,	NULL,	NULL,	NULL,	NULL,	NULL,	NULL,	'2023-06-11 11:33:20',	NULL),
(115,	420,	NULL,	NULL,	NULL,	NULL,	NULL,	NULL,	NULL,	NULL,	NULL,	NULL,	NULL,	NULL,	'2023-06-11 11:34:34',	NULL),
(116,	421,	NULL,	NULL,	NULL,	NULL,	NULL,	NULL,	NULL,	NULL,	NULL,	NULL,	NULL,	NULL,	'2023-06-11 11:35:55',	NULL),
(117,	422,	NULL,	NULL,	NULL,	NULL,	NULL,	NULL,	NULL,	NULL,	NULL,	NULL,	NULL,	NULL,	'2023-06-11 11:36:30',	NULL),
(118,	423,	NULL,	'2023-06-11',	1,	'Processig',	NULL,	NULL,	NULL,	NULL,	NULL,	NULL,	NULL,	NULL,	'2023-06-11 11:37:13',	'2023-06-11 11:37:30'),
(119,	424,	NULL,	'2023-06-11',	1,	'Processig',	NULL,	NULL,	NULL,	NULL,	NULL,	NULL,	NULL,	NULL,	'2023-06-11 11:46:02',	'2023-06-11 11:46:28'),
(120,	426,	NULL,	'2023-06-11',	1,	'Processig',	NULL,	NULL,	NULL,	NULL,	NULL,	NULL,	NULL,	NULL,	'2023-06-11 12:21:29',	'2023-06-11 12:22:01'),
(121,	429,	NULL,	'2023-06-11',	1,	'Processig',	NULL,	NULL,	NULL,	NULL,	NULL,	NULL,	NULL,	NULL,	'2023-06-11 12:30:27',	'2023-06-11 12:30:50'),
(122,	430,	NULL,	'2023-06-11',	1,	'Processig',	NULL,	NULL,	NULL,	NULL,	NULL,	NULL,	NULL,	NULL,	'2023-06-11 12:30:35',	'2023-06-11 12:31:02'),
(123,	431,	NULL,	NULL,	NULL,	NULL,	NULL,	NULL,	NULL,	NULL,	NULL,	NULL,	NULL,	NULL,	'2023-06-11 12:42:37',	NULL),
(124,	432,	NULL,	NULL,	NULL,	NULL,	NULL,	NULL,	NULL,	NULL,	NULL,	NULL,	NULL,	NULL,	'2023-06-11 12:43:26',	NULL),
(125,	433,	NULL,	'2023-06-11',	1,	'Processig',	NULL,	NULL,	NULL,	NULL,	NULL,	NULL,	NULL,	NULL,	'2023-06-11 13:03:50',	NULL),
(126,	434,	NULL,	'2023-06-12',	1,	'Processig',	NULL,	NULL,	NULL,	NULL,	NULL,	NULL,	NULL,	NULL,	'2023-06-12 05:42:00',	'2023-06-12 05:47:27'),
(127,	435,	NULL,	'2023-06-12',	1,	'Processig',	NULL,	NULL,	NULL,	NULL,	NULL,	NULL,	NULL,	NULL,	'2023-06-12 05:55:29',	NULL),
(128,	436,	NULL,	'2023-06-12',	1,	'Processig',	NULL,	NULL,	NULL,	NULL,	NULL,	NULL,	NULL,	NULL,	'2023-06-12 05:57:48',	'2023-06-12 05:58:07'),
(129,	437,	NULL,	'2023-06-12',	1,	'Processig',	NULL,	NULL,	NULL,	NULL,	NULL,	NULL,	NULL,	NULL,	'2023-06-12 06:55:31',	'2023-06-12 06:55:43'),
(130,	438,	NULL,	'2023-06-12',	1,	'Processig',	NULL,	NULL,	NULL,	NULL,	NULL,	NULL,	NULL,	NULL,	'2023-06-12 08:55:21',	'2023-06-12 08:55:33'),
(131,	439,	NULL,	NULL,	NULL,	NULL,	NULL,	NULL,	NULL,	NULL,	NULL,	NULL,	NULL,	NULL,	'2023-06-12 10:25:34',	NULL),
(132,	440,	NULL,	'2023-06-12',	1,	'Processig',	NULL,	NULL,	NULL,	NULL,	NULL,	NULL,	NULL,	NULL,	'2023-06-12 10:28:45',	'2023-06-12 10:29:13'),
(133,	441,	NULL,	NULL,	NULL,	NULL,	NULL,	NULL,	NULL,	NULL,	NULL,	NULL,	NULL,	NULL,	'2023-06-12 10:35:43',	NULL),
(134,	442,	NULL,	'2023-06-12',	1,	'Processig',	NULL,	NULL,	NULL,	NULL,	NULL,	NULL,	NULL,	NULL,	'2023-06-12 10:42:00',	'2023-06-12 10:42:11'),
(135,	443,	NULL,	'2023-06-12',	1,	'Processig',	NULL,	NULL,	NULL,	NULL,	NULL,	NULL,	NULL,	NULL,	'2023-06-12 10:43:13',	'2023-06-12 10:43:28'),
(136,	444,	NULL,	'2023-06-12',	1,	'Processig',	NULL,	NULL,	NULL,	NULL,	NULL,	NULL,	NULL,	NULL,	'2023-06-12 10:47:29',	'2023-06-12 10:47:40'),
(137,	445,	NULL,	'2023-06-12',	1,	'Processig',	NULL,	NULL,	NULL,	NULL,	NULL,	NULL,	NULL,	NULL,	'2023-06-12 10:50:08',	'2023-06-12 10:50:19'),
(138,	446,	NULL,	'2023-06-12',	1,	'Processig',	NULL,	NULL,	NULL,	NULL,	NULL,	NULL,	NULL,	NULL,	'2023-06-12 10:52:41',	'2023-06-12 10:52:51'),
(139,	447,	NULL,	'2023-06-12',	1,	'Processig',	NULL,	NULL,	NULL,	NULL,	NULL,	NULL,	NULL,	NULL,	'2023-06-12 11:03:50',	'2023-06-12 11:04:22'),
(140,	448,	NULL,	'2023-06-12',	1,	'Processig',	NULL,	NULL,	NULL,	NULL,	NULL,	NULL,	NULL,	NULL,	'2023-06-12 11:05:49',	'2023-06-12 11:06:20'),
(141,	449,	NULL,	'2023-06-12',	1,	'Processig',	NULL,	NULL,	NULL,	NULL,	NULL,	NULL,	NULL,	NULL,	'2023-06-12 11:17:42',	'2023-06-12 11:18:03'),
(142,	450,	NULL,	'2023-06-12',	1,	'Processig',	NULL,	NULL,	NULL,	NULL,	NULL,	NULL,	NULL,	NULL,	'2023-06-12 11:44:46',	'2023-06-12 11:44:57'),
(143,	451,	NULL,	'2023-06-13',	1,	'Processig',	NULL,	NULL,	NULL,	NULL,	NULL,	NULL,	NULL,	NULL,	'2023-06-13 10:24:56',	NULL),
(144,	452,	NULL,	NULL,	NULL,	NULL,	NULL,	NULL,	NULL,	NULL,	NULL,	NULL,	NULL,	NULL,	'2023-06-14 05:14:37',	NULL),
(145,	453,	NULL,	'2023-06-14',	1,	'Processig',	NULL,	NULL,	NULL,	NULL,	NULL,	NULL,	NULL,	NULL,	'2023-06-14 05:15:22',	'2023-06-14 05:16:00'),
(146,	454,	NULL,	'2023-06-14',	1,	'Processig',	NULL,	NULL,	NULL,	NULL,	NULL,	NULL,	NULL,	NULL,	'2023-06-14 05:34:32',	'2023-06-14 05:34:43'),
(147,	455,	NULL,	'2023-06-14',	1,	'Processig',	NULL,	NULL,	NULL,	NULL,	NULL,	NULL,	NULL,	NULL,	'2023-06-14 05:44:14',	'2023-06-14 05:44:28'),
(148,	456,	NULL,	'2023-06-14',	1,	'Processig',	NULL,	NULL,	NULL,	NULL,	NULL,	NULL,	NULL,	NULL,	'2023-06-14 06:39:32',	'2023-06-14 06:41:47'),
(149,	457,	NULL,	'2023-06-14',	1,	'Processig',	NULL,	NULL,	NULL,	NULL,	NULL,	NULL,	NULL,	NULL,	'2023-06-14 06:48:53',	'2023-06-14 06:49:05'),
(150,	458,	NULL,	'2023-06-14',	1,	'Processig',	NULL,	NULL,	NULL,	NULL,	NULL,	NULL,	NULL,	NULL,	'2023-06-14 06:53:33',	'2023-06-14 06:53:49'),
(151,	459,	NULL,	'2023-06-14',	1,	'Processig',	NULL,	NULL,	NULL,	NULL,	NULL,	NULL,	NULL,	NULL,	'2023-06-14 08:10:21',	'2023-06-14 08:10:33'),
(152,	460,	NULL,	'2023-06-14',	1,	'Processig',	NULL,	NULL,	NULL,	NULL,	NULL,	NULL,	NULL,	NULL,	'2023-06-14 08:35:12',	'2023-06-14 08:35:22'),
(153,	461,	NULL,	'2023-06-14',	1,	'Processig',	NULL,	NULL,	NULL,	NULL,	NULL,	NULL,	NULL,	NULL,	'2023-06-14 09:11:09',	'2023-06-14 09:11:21'),
(154,	462,	NULL,	'2023-06-14',	1,	'Processig',	NULL,	NULL,	NULL,	NULL,	NULL,	NULL,	NULL,	NULL,	'2023-06-14 10:10:27',	'2023-06-14 10:10:38'),
(155,	463,	NULL,	'2023-06-14',	1,	'Processig',	NULL,	NULL,	NULL,	NULL,	NULL,	NULL,	NULL,	NULL,	'2023-06-14 10:54:15',	'2023-06-14 10:54:26'),
(156,	464,	NULL,	'2023-06-15',	1,	'Processig',	NULL,	NULL,	NULL,	NULL,	NULL,	NULL,	NULL,	NULL,	'2023-06-15 06:19:32',	'2023-06-15 06:19:44'),
(157,	465,	NULL,	'2023-06-15',	1,	'Processig',	NULL,	NULL,	NULL,	NULL,	NULL,	NULL,	NULL,	NULL,	'2023-06-15 06:51:34',	'2023-06-15 06:51:49'),
(158,	466,	NULL,	'2023-06-18',	1,	'Processig',	NULL,	NULL,	NULL,	NULL,	NULL,	NULL,	NULL,	NULL,	'2023-06-18 10:11:16',	'2023-06-18 10:11:27'),
(159,	467,	NULL,	'2023-06-18',	1,	'Processig',	NULL,	NULL,	NULL,	NULL,	NULL,	NULL,	NULL,	NULL,	'2023-06-18 10:18:37',	'2023-06-18 10:18:48'),
(160,	468,	NULL,	'2023-06-20',	1,	'Processig',	NULL,	NULL,	NULL,	NULL,	NULL,	NULL,	NULL,	NULL,	'2023-06-20 05:52:50',	'2023-06-20 05:53:04'),
(161,	469,	NULL,	'2023-06-20',	1,	'Processig',	NULL,	NULL,	NULL,	NULL,	NULL,	NULL,	NULL,	NULL,	'2023-06-20 06:25:25',	'2023-06-20 06:25:37'),
(162,	470,	NULL,	'2023-06-22',	1,	'Processig',	NULL,	NULL,	NULL,	NULL,	NULL,	NULL,	NULL,	NULL,	'2023-06-22 10:37:51',	'2023-06-22 10:38:04'),
(163,	471,	NULL,	'2023-06-25',	1,	'Processig',	NULL,	NULL,	NULL,	NULL,	NULL,	NULL,	NULL,	NULL,	'2023-06-25 05:46:43',	'2023-06-25 05:46:59'),
(164,	472,	NULL,	'2023-06-25',	1,	'Processig',	NULL,	NULL,	NULL,	NULL,	NULL,	NULL,	NULL,	NULL,	'2023-06-25 05:53:24',	'2023-06-25 05:53:39'),
(165,	473,	NULL,	'2023-06-25',	1,	'Processig',	NULL,	NULL,	NULL,	NULL,	NULL,	NULL,	NULL,	NULL,	'2023-06-25 07:53:28',	'2023-06-25 07:53:43'),
(166,	474,	NULL,	'2023-06-25',	1,	'Processig',	NULL,	NULL,	NULL,	NULL,	NULL,	NULL,	NULL,	NULL,	'2023-06-25 07:56:48',	'2023-06-25 07:57:00'),
(167,	475,	NULL,	'2023-06-25',	1,	'Processig',	NULL,	NULL,	NULL,	NULL,	NULL,	NULL,	NULL,	NULL,	'2023-06-25 08:24:14',	'2023-06-25 08:24:27'),
(168,	476,	NULL,	'2023-06-25',	1,	'Processig',	NULL,	NULL,	NULL,	NULL,	NULL,	NULL,	NULL,	NULL,	'2023-06-25 08:36:33',	'2023-06-25 08:36:43'),
(169,	477,	NULL,	'2023-06-25',	1,	'Processig',	NULL,	NULL,	NULL,	NULL,	NULL,	NULL,	NULL,	NULL,	'2023-06-25 09:13:12',	'2023-06-25 09:13:26'),
(170,	478,	NULL,	'2023-06-25',	1,	'Processig',	NULL,	NULL,	NULL,	NULL,	NULL,	NULL,	NULL,	NULL,	'2023-06-25 10:13:05',	NULL),
(171,	479,	NULL,	'2023-06-25',	1,	'Processig',	NULL,	NULL,	NULL,	NULL,	NULL,	NULL,	NULL,	NULL,	'2023-06-25 12:17:17',	'2023-06-25 12:17:31'),
(172,	480,	NULL,	'2023-07-10',	1,	'Processig',	NULL,	NULL,	NULL,	NULL,	NULL,	NULL,	NULL,	NULL,	'2023-07-10 06:16:30',	NULL),
(173,	481,	NULL,	NULL,	NULL,	NULL,	NULL,	NULL,	NULL,	NULL,	NULL,	NULL,	NULL,	NULL,	'2023-07-12 08:46:32',	NULL),
(174,	482,	NULL,	'2023-07-12',	1,	'Processig',	NULL,	NULL,	NULL,	NULL,	NULL,	NULL,	NULL,	NULL,	'2023-07-12 08:56:05',	NULL),
(175,	483,	NULL,	'2023-07-12',	1,	'Processig',	NULL,	NULL,	NULL,	NULL,	NULL,	NULL,	NULL,	NULL,	'2023-07-12 09:00:51',	NULL),
(176,	484,	NULL,	'2023-07-12',	1,	'Processig',	NULL,	NULL,	NULL,	NULL,	NULL,	NULL,	NULL,	NULL,	'2023-07-12 09:22:40',	NULL),
(177,	485,	NULL,	'2023-07-13',	1,	'Processig',	NULL,	NULL,	NULL,	NULL,	NULL,	NULL,	NULL,	NULL,	'2023-07-13 07:02:45',	'2023-07-13 07:03:07'),
(178,	489,	NULL,	'2023-07-13',	1,	'Processig',	NULL,	NULL,	NULL,	NULL,	NULL,	NULL,	NULL,	NULL,	'2023-07-13 09:50:34',	'2023-07-13 09:50:48'),
(179,	501,	NULL,	'2023-07-13',	1,	'Processig',	NULL,	NULL,	NULL,	NULL,	NULL,	NULL,	NULL,	NULL,	'2023-07-13 13:11:46',	'2023-07-13 13:12:07'),
(180,	502,	NULL,	'2023-07-13',	1,	'Processig',	NULL,	NULL,	NULL,	NULL,	NULL,	NULL,	NULL,	NULL,	'2023-07-13 13:16:14',	'2023-07-13 13:16:31'),
(181,	503,	NULL,	'2023-07-20',	1,	'Processig',	NULL,	NULL,	NULL,	NULL,	NULL,	NULL,	NULL,	NULL,	'2023-07-20 10:13:06',	'2023-07-20 10:13:27'),
(182,	504,	NULL,	'2023-07-20',	1,	'Processig',	NULL,	NULL,	NULL,	NULL,	NULL,	NULL,	NULL,	NULL,	'2023-07-20 10:20:29',	'2023-07-20 10:20:44'),
(183,	506,	NULL,	'2023-07-25',	1,	'Processig',	NULL,	NULL,	NULL,	NULL,	NULL,	NULL,	NULL,	NULL,	'2023-07-25 05:49:48',	'2023-07-25 05:50:16'),
(184,	1,	'4675765765657',	'2023-08-22',	1,	'Processig',	'2023-08-10',	2,	'On Delivery',	NULL,	NULL,	NULL,	NULL,	NULL,	'2023-08-10 10:13:31',	'2023-08-22 11:52:23'),
(185,	2,	NULL,	'2023-08-22',	1,	'Processig',	NULL,	NULL,	NULL,	NULL,	NULL,	NULL,	NULL,	NULL,	'2023-08-22 12:14:12',	'2023-08-10 11:17:28'),
(186,	3,	NULL,	'2023-08-22',	1,	'Processig',	NULL,	NULL,	NULL,	NULL,	NULL,	NULL,	NULL,	NULL,	'2023-08-22 12:18:44',	'2023-08-10 13:45:16'),
(187,	6,	NULL,	'2023-08-16',	1,	'Processig',	NULL,	NULL,	NULL,	NULL,	NULL,	NULL,	NULL,	NULL,	'2023-08-16 06:27:02',	'2023-08-16 06:27:28'),
(188,	9,	NULL,	NULL,	NULL,	NULL,	NULL,	NULL,	NULL,	NULL,	NULL,	NULL,	NULL,	NULL,	'2023-08-16 06:35:25',	NULL),
(189,	12,	NULL,	'2023-08-16',	1,	'Processig',	NULL,	NULL,	NULL,	NULL,	NULL,	NULL,	NULL,	NULL,	'2023-08-16 06:40:34',	'2023-08-16 06:42:15'),
(190,	14,	NULL,	'2023-08-17',	1,	'Processig',	NULL,	NULL,	NULL,	NULL,	NULL,	NULL,	NULL,	NULL,	'2023-08-17 06:49:39',	'2023-08-17 06:49:52'),
(191,	15,	NULL,	'2023-08-17',	1,	'Processig',	NULL,	NULL,	NULL,	NULL,	NULL,	NULL,	NULL,	NULL,	'2023-08-17 13:05:06',	'2023-08-17 13:05:22'),
(192,	16,	NULL,	'2023-08-17',	1,	'Processig',	NULL,	NULL,	NULL,	NULL,	NULL,	NULL,	NULL,	NULL,	'2023-08-17 13:06:39',	'2023-08-17 13:06:52'),
(193,	19,	NULL,	'2023-08-20',	1,	'Processig',	NULL,	NULL,	NULL,	NULL,	NULL,	NULL,	NULL,	NULL,	'2023-08-20 11:33:31',	'2023-08-20 11:33:44'),
(194,	20,	NULL,	'2023-08-21',	1,	'Processig',	NULL,	NULL,	NULL,	NULL,	NULL,	NULL,	NULL,	NULL,	'2023-08-21 05:21:05',	'2023-08-21 05:21:19'),
(195,	21,	NULL,	'2023-08-21',	1,	'Processig',	NULL,	NULL,	NULL,	NULL,	NULL,	NULL,	NULL,	NULL,	'2023-08-21 12:15:53',	'2023-08-21 12:16:23'),
(196,	26,	NULL,	NULL,	NULL,	NULL,	NULL,	NULL,	NULL,	NULL,	NULL,	NULL,	NULL,	NULL,	'2023-08-21 13:20:19',	NULL),
(197,	27,	NULL,	'2023-08-21',	1,	'Processig',	NULL,	NULL,	NULL,	NULL,	NULL,	NULL,	NULL,	NULL,	'2023-08-21 13:20:19',	'2023-08-21 13:20:42'),
(198,	30,	NULL,	'2023-08-22',	1,	'Processig',	'2023-08-22',	2,	'On Delivery',	'2023-08-22',	3,	'Delivered',	NULL,	NULL,	'2023-08-22 07:03:33',	'2023-08-22 07:12:15'),
(199,	31,	NULL,	'2023-08-22',	1,	'Processig',	NULL,	NULL,	NULL,	NULL,	NULL,	NULL,	NULL,	NULL,	'2023-08-22 07:05:02',	NULL),
(200,	32,	NULL,	'2023-08-22',	1,	'Processig',	NULL,	NULL,	NULL,	NULL,	NULL,	NULL,	NULL,	NULL,	'2023-08-22 07:45:51',	NULL),
(201,	33,	NULL,	'2023-08-22',	1,	'Processig',	NULL,	NULL,	NULL,	NULL,	NULL,	NULL,	NULL,	NULL,	'2023-08-22 07:52:41',	'2023-08-22 07:52:55'),
(202,	1,	NULL,	'2023-08-22',	1,	'Processig',	NULL,	NULL,	NULL,	NULL,	NULL,	NULL,	NULL,	NULL,	'2023-08-22 11:52:08',	'2023-08-22 11:52:23'),
(203,	2,	NULL,	'2023-08-22',	1,	'Processig',	NULL,	NULL,	NULL,	NULL,	NULL,	NULL,	NULL,	NULL,	'2023-08-22 12:14:12',	NULL),
(204,	3,	NULL,	'2023-08-22',	1,	'Processig',	NULL,	NULL,	NULL,	NULL,	NULL,	NULL,	NULL,	NULL,	'2023-08-22 12:18:44',	NULL),
(205,	4,	NULL,	'2023-08-24',	1,	'Processig',	NULL,	NULL,	NULL,	NULL,	NULL,	NULL,	NULL,	NULL,	'2023-08-24 05:50:32',	'2023-08-24 05:50:45');

DROP TABLE IF EXISTS `designers`;
CREATE TABLE `designers` (
  `id` bigint(20) unsigned NOT NULL AUTO_INCREMENT,
  `designer_name` varchar(255) COLLATE utf8mb4_unicode_ci NOT NULL,
  `designer_sort_name` varchar(255) COLLATE utf8mb4_unicode_ci NOT NULL,
  `slug` varchar(255) COLLATE utf8mb4_unicode_ci DEFAULT NULL,
  `precedence` int(11) DEFAULT NULL,
  `status` tinyint(4) NOT NULL DEFAULT 1,
  `deleted_at` timestamp NULL DEFAULT NULL,
  `created_at` timestamp NULL DEFAULT NULL,
  `updated_at` timestamp NULL DEFAULT NULL,
  PRIMARY KEY (`id`)
) ENGINE=InnoDB DEFAULT CHARSET=utf8mb4 COLLATE=utf8mb4_unicode_ci;

INSERT INTO `designers` (`id`, `designer_name`, `designer_sort_name`, `slug`, `precedence`, `status`, `deleted_at`, `created_at`, `updated_at`) VALUES
(1,	'CS',	'CS',	'cs',	NULL,	1,	'2023-08-10 03:06:17',	'2023-03-07 04:56:13',	'2023-08-10 03:06:17'),
(2,	'BA',	'BA',	'ba',	NULL,	1,	'2023-08-10 03:06:15',	'2023-03-07 04:56:27',	'2023-08-10 03:06:15'),
(3,	'AR',	'AR',	'ar',	NULL,	1,	'2023-08-10 03:06:13',	'2023-03-07 05:55:51',	'2023-08-10 03:06:13'),
(4,	'AA',	'AA',	'aa',	NULL,	1,	'2023-08-10 03:06:10',	'2023-03-07 05:56:01',	'2023-08-10 03:06:10'),
(5,	'FF',	'FF',	'ff',	NULL,	1,	'2023-08-10 03:06:08',	'2023-03-11 09:21:51',	'2023-08-10 03:06:08'),
(6,	'IJ',	'IJ',	'ij',	NULL,	1,	'2023-08-10 03:06:06',	'2023-03-11 09:22:02',	'2023-08-10 03:06:06'),
(7,	'MA',	'MA',	'ma',	NULL,	1,	'2023-08-10 03:06:04',	'2023-03-11 09:22:14',	'2023-08-10 03:06:04'),
(8,	'MC',	'MC',	'mc',	NULL,	1,	'2023-08-10 03:06:02',	'2023-03-11 09:22:32',	'2023-08-10 03:06:02'),
(9,	'NH',	'NH',	'nh',	NULL,	1,	'2023-08-10 03:05:59',	'2023-03-11 09:22:42',	'2023-08-10 03:05:59'),
(10,	'NK',	'NK',	'nk',	NULL,	1,	'2023-08-10 03:05:57',	'2023-03-11 09:23:05',	'2023-08-10 03:05:57'),
(11,	'RG',	'RG',	'rg',	NULL,	1,	'2023-08-10 03:05:54',	'2023-03-11 09:23:14',	'2023-08-10 03:05:54'),
(12,	'SF',	'SF',	'sf',	NULL,	1,	'2023-08-10 03:05:53',	'2023-03-11 09:23:44',	'2023-08-10 03:05:53'),
(13,	'SM',	'SM',	'sm',	NULL,	1,	'2023-08-10 03:05:51',	'2023-03-11 09:24:02',	'2023-08-10 03:05:51'),
(14,	'SR',	'SR',	'sr',	NULL,	1,	'2023-08-10 03:05:48',	'2023-03-11 09:24:11',	'2023-08-10 03:05:48'),
(15,	'TA',	'TA',	'ta',	NULL,	1,	'2023-08-10 03:05:46',	'2023-03-11 09:24:38',	'2023-08-10 03:05:46'),
(16,	'RA',	'RA',	'ra',	NULL,	1,	'2023-08-10 03:05:44',	'2023-03-12 00:43:24',	'2023-08-10 03:05:44'),
(17,	'Nazifa  Tabassum',	'NT',	'nazifa-tabassum',	NULL,	1,	'2023-08-13 05:17:43',	'2023-08-10 03:06:43',	'2023-08-13 05:17:43'),
(18,	'Testing',	'Test',	'testing',	NULL,	1,	'2023-08-16 05:57:35',	'2023-08-13 05:17:56',	'2023-08-16 05:57:35'),
(19,	'Nusrat',	'NR',	'nusrat',	NULL,	1,	'2023-08-16 06:54:00',	'2023-08-16 05:57:29',	'2023-08-16 06:54:00'),
(20,	'Nawshin Khair',	'NK',	'nawshin-khair',	NULL,	1,	NULL,	'2023-08-16 06:55:52',	'2023-08-16 06:55:52'),
(21,	'Shirin Akter',	'RA',	'shirin-akter',	NULL,	1,	NULL,	'2023-08-16 06:56:08',	'2023-08-16 06:56:08'),
(22,	'Nazifa',	'NZ',	'nazifa',	NULL,	1,	NULL,	'2023-08-16 06:56:22',	'2023-08-16 06:56:22'),
(23,	'Rokeya Toma',	'RT',	'rokeya-toma',	NULL,	1,	NULL,	'2023-08-16 06:56:38',	'2023-08-16 06:56:38'),
(24,	'Samia New',	'SK',	'samia-new',	NULL,	1,	NULL,	'2023-08-16 06:56:54',	'2023-08-16 06:56:54'),
(25,	'Samia',	'SF',	'samia',	NULL,	1,	NULL,	'2023-08-16 06:57:08',	'2023-08-16 06:57:08'),
(26,	'Laizu',	'IJ',	'laizu',	NULL,	1,	NULL,	'2023-08-16 06:57:22',	'2023-08-16 06:57:22'),
(27,	'Mithila',	'FF',	'mithila',	NULL,	1,	NULL,	'2023-08-16 06:57:36',	'2023-08-16 06:57:36'),
(28,	'Farzana',	'SF',	'farzana',	NULL,	1,	NULL,	'2023-08-16 06:57:55',	'2023-08-16 06:57:55'),
(29,	'Rahimur',	'RR',	'rahimur',	NULL,	1,	NULL,	'2023-08-16 06:58:08',	'2023-08-16 06:58:08'),
(30,	'Smirity',	'MA',	'smirity',	NULL,	1,	NULL,	'2023-08-16 06:58:22',	'2023-08-16 06:58:22'),
(31,	'Afsara',	'AR',	'afsara',	NULL,	1,	NULL,	'2023-08-16 06:58:34',	'2023-08-16 06:58:34'),
(32,	'Baizid',	'BA',	'baizid',	NULL,	1,	NULL,	'2023-08-16 06:58:48',	'2023-08-16 06:58:48'),
(33,	'Moumita',	'MC',	'moumita',	NULL,	1,	NULL,	'2023-08-16 06:59:01',	'2023-08-16 06:59:01'),
(34,	'Sraboni',	'SM',	'sraboni',	NULL,	1,	NULL,	'2023-08-16 06:59:16',	'2023-08-16 06:59:16'),
(35,	'Sekhor DA',	'CS',	'sekhor-da',	NULL,	1,	NULL,	'2023-08-16 06:59:30',	'2023-08-16 06:59:30'),
(36,	'Nahid',	'NH',	'nahid',	NULL,	1,	NULL,	'2023-08-16 06:59:45',	'2023-08-16 06:59:45'),
(37,	'Rubi Guznabi',	'RG',	'rubi-guznabi',	NULL,	1,	NULL,	'2023-08-16 07:00:01',	'2023-08-16 07:00:01'),
(38,	'Taiyaba',	'TA',	'taiyaba',	NULL,	1,	NULL,	'2023-08-16 07:00:16',	'2023-08-16 07:00:16'),
(39,	'Ekram',	'EK',	'ekram',	NULL,	1,	NULL,	'2023-08-16 07:00:30',	'2023-08-16 07:00:30'),
(40,	'Asa',	'AA',	'asa',	NULL,	1,	NULL,	'2023-08-16 07:00:42',	'2023-08-16 07:00:42');

DROP TABLE IF EXISTS `discounts`;
CREATE TABLE `discounts` (
  `id` bigint(20) unsigned NOT NULL AUTO_INCREMENT,
  `product_id` bigint(20) unsigned NOT NULL,
  `discount_amount` double NOT NULL,
  `discount_type` enum('percentage','flat') COLLATE utf8mb4_unicode_ci NOT NULL,
  `max_amount` double DEFAULT NULL,
  `status` tinyint(4) NOT NULL DEFAULT 1,
  `deleted_at` timestamp NULL DEFAULT NULL,
  `created_at` timestamp NULL DEFAULT NULL,
  `updated_at` timestamp NULL DEFAULT NULL,
  PRIMARY KEY (`id`)
) ENGINE=InnoDB DEFAULT CHARSET=utf8mb4 COLLATE=utf8mb4_unicode_ci;

INSERT INTO `discounts` (`id`, `product_id`, `discount_amount`, `discount_type`, `max_amount`, `status`, `deleted_at`, `created_at`, `updated_at`) VALUES
(1,	102,	10,	'percentage',	49,	1,	NULL,	'2023-05-21 01:22:04',	'2023-05-21 01:22:04'),
(2,	104,	10,	'percentage',	49,	1,	NULL,	'2023-05-21 01:22:04',	'2023-05-21 01:22:04'),
(3,	99,	10,	'percentage',	49,	1,	NULL,	'2023-05-21 01:22:04',	'2023-05-21 01:22:04'),
(4,	93,	10,	'percentage',	49,	1,	NULL,	'2023-05-21 01:22:04',	'2023-05-21 01:22:04'),
(5,	98,	0,	'flat',	NULL,	1,	NULL,	'2023-07-10 06:22:46',	'2023-07-10 06:22:46'),
(6,	117,	0,	'flat',	NULL,	1,	NULL,	'2023-07-10 06:22:46',	'2023-07-10 06:22:46'),
(7,	116,	0,	'flat',	NULL,	1,	NULL,	'2023-07-10 06:22:46',	'2023-07-10 06:22:46'),
(8,	114,	0,	'flat',	NULL,	1,	NULL,	'2023-07-10 06:22:46',	'2023-07-10 06:22:46'),
(9,	113,	0,	'flat',	NULL,	1,	NULL,	'2023-07-10 06:22:46',	'2023-07-10 06:22:46'),
(10,	122,	0,	'flat',	NULL,	1,	NULL,	'2023-07-10 06:22:46',	'2023-07-10 06:22:46'),
(11,	123,	0,	'flat',	NULL,	1,	NULL,	'2023-07-10 06:22:47',	'2023-07-10 06:22:47'),
(12,	125,	0,	'flat',	NULL,	1,	NULL,	'2023-07-10 06:22:47',	'2023-07-10 06:22:47'),
(13,	66,	0,	'flat',	NULL,	1,	NULL,	'2023-07-10 06:22:47',	'2023-07-10 06:22:47'),
(14,	68,	0,	'flat',	NULL,	1,	NULL,	'2023-07-10 06:22:47',	'2023-07-10 06:22:47'),
(15,	73,	0,	'flat',	NULL,	1,	NULL,	'2023-07-10 06:22:47',	'2023-07-10 06:22:47'),
(16,	74,	0,	'flat',	NULL,	1,	NULL,	'2023-07-10 06:22:47',	'2023-07-10 06:22:47'),
(17,	76,	0,	'flat',	NULL,	1,	NULL,	'2023-07-10 06:22:47',	'2023-07-10 06:22:47'),
(18,	77,	0,	'flat',	NULL,	1,	NULL,	'2023-07-10 06:22:47',	'2023-07-10 06:22:47');

DROP TABLE IF EXISTS `embellishments`;
CREATE TABLE `embellishments` (
  `id` bigint(20) unsigned NOT NULL AUTO_INCREMENT,
  `embellishment_name` varchar(255) COLLATE utf8mb4_unicode_ci NOT NULL,
  `slug` varchar(255) COLLATE utf8mb4_unicode_ci DEFAULT NULL,
  `precedence` int(11) DEFAULT NULL,
  `status` tinyint(4) NOT NULL DEFAULT 1,
  `deleted_at` timestamp NULL DEFAULT NULL,
  `created_at` timestamp NULL DEFAULT NULL,
  `updated_at` timestamp NULL DEFAULT NULL,
  PRIMARY KEY (`id`)
) ENGINE=InnoDB DEFAULT CHARSET=utf8mb4 COLLATE=utf8mb4_unicode_ci;

INSERT INTO `embellishments` (`id`, `embellishment_name`, `slug`, `precedence`, `status`, `deleted_at`, `created_at`, `updated_at`) VALUES
(1,	'Cotton Print',	'cotton-print',	NULL,	1,	NULL,	'2023-03-07 04:57:04',	'2023-03-11 09:28:07'),
(2,	'Block Print',	'block-print',	NULL,	1,	NULL,	'2023-03-07 04:57:11',	'2023-03-11 09:27:43'),
(3,	'Anokhi Wax Print',	'anokhi-wax-print',	NULL,	1,	NULL,	'2023-03-07 05:56:30',	'2023-03-11 09:27:22'),
(4,	'Anokhi Print',	'anokhi-print',	NULL,	1,	NULL,	'2023-03-07 05:56:35',	'2023-03-11 09:26:58'),
(5,	'Crush Dye',	'crush-dye',	NULL,	1,	NULL,	'2023-03-11 09:28:27',	'2023-03-11 09:28:27'),
(6,	'Hand Loom',	'hand-loom',	NULL,	1,	NULL,	'2023-03-11 09:28:45',	'2023-03-11 09:28:45'),
(7,	'Kantha',	'kantha',	NULL,	1,	NULL,	'2023-03-11 09:29:06',	'2023-03-11 09:29:06'),
(8,	'Plain Dye',	'plain-dye',	NULL,	1,	NULL,	'2023-03-11 09:29:39',	'2023-03-11 09:29:39'),
(9,	'Karchupi Dye',	'karchupi-dye',	NULL,	1,	NULL,	'2023-03-11 09:30:10',	'2023-03-11 09:30:10'),
(10,	'Kota Wax Print',	'kota-wax-print',	NULL,	1,	NULL,	'2023-03-11 09:30:28',	'2023-03-11 09:30:28'),
(11,	'Patch Print',	'patch-print',	NULL,	1,	NULL,	'2023-03-11 09:30:56',	'2023-03-11 09:30:56'),
(12,	'Pipe Tie Dye',	'pipe-tie-dye',	NULL,	1,	NULL,	'2023-03-11 09:31:31',	'2023-03-11 09:31:31'),
(13,	'Print',	'print',	NULL,	1,	NULL,	'2023-03-11 09:31:56',	'2023-03-11 09:31:56'),
(14,	'Shibori Dye',	'shibori-dye',	NULL,	1,	NULL,	'2023-03-11 09:32:23',	'2023-03-11 09:32:23'),
(15,	'Silver & Rudrksha',	'silver-rudrksha',	NULL,	1,	NULL,	'2023-03-11 09:32:49',	'2023-03-11 09:32:49'),
(16,	'Tie Dye',	'tie-dye',	NULL,	1,	NULL,	'2023-03-11 09:33:29',	'2023-03-11 09:33:29'),
(17,	'Voil Print',	'voil-print',	NULL,	1,	NULL,	'2023-03-11 09:33:49',	'2023-03-11 09:33:49'),
(18,	'Wax Print',	'wax-print',	NULL,	1,	NULL,	'2023-03-11 09:34:20',	'2023-03-11 09:34:20'),
(19,	'Embroidery',	'embroidery',	NULL,	1,	NULL,	'2023-03-11 09:36:18',	'2023-03-11 09:36:18');

DROP TABLE IF EXISTS `fabrics`;
CREATE TABLE `fabrics` (
  `id` bigint(20) unsigned NOT NULL AUTO_INCREMENT,
  `fabric_name` varchar(255) COLLATE utf8mb4_unicode_ci NOT NULL,
  `fabric_code` varchar(255) COLLATE utf8mb4_unicode_ci DEFAULT NULL,
  `slug` varchar(255) COLLATE utf8mb4_unicode_ci DEFAULT NULL,
  `precedence` int(11) DEFAULT NULL,
  `status` tinyint(4) NOT NULL DEFAULT 1,
  `deleted_at` timestamp NULL DEFAULT NULL,
  `created_at` timestamp NULL DEFAULT NULL,
  `updated_at` timestamp NULL DEFAULT NULL,
  PRIMARY KEY (`id`)
) ENGINE=InnoDB DEFAULT CHARSET=utf8mb4 COLLATE=utf8mb4_unicode_ci;

INSERT INTO `fabrics` (`id`, `fabric_name`, `fabric_code`, `slug`, `precedence`, `status`, `deleted_at`, `created_at`, `updated_at`) VALUES
(1,	'Balaka Silk',	'Balaka Silk',	'balaka-silk',	NULL,	1,	NULL,	'2023-03-07 04:55:22',	'2023-03-11 09:05:11'),
(2,	'Aatong',	'Aatong',	'aatong',	NULL,	1,	NULL,	'2023-03-07 04:55:32',	'2023-03-11 09:04:36'),
(3,	'Bexi Voil',	'Bexi Voil',	'bexi-voil',	NULL,	1,	NULL,	'2023-03-11 09:05:42',	'2023-03-11 09:05:42'),
(4,	'Cotton',	'Cotton',	'cotton',	NULL,	1,	NULL,	'2023-03-11 09:06:08',	'2023-03-11 09:06:08'),
(5,	'Cotton Allover Print',	'Cotton Allover Print',	'cotton-allover-print',	NULL,	1,	NULL,	'2023-03-11 09:06:28',	'2023-03-11 09:06:28'),
(7,	'Cotton Paar Anchol',	'Cotton Paar Anchol',	'cotton-paar-anchol',	NULL,	1,	NULL,	'2023-03-11 09:07:05',	'2023-03-11 09:07:05'),
(8,	'Cotton Paar Anchol Print',	'Cotton Paar Anchol Print',	'cotton-paar-anchol-print',	NULL,	1,	NULL,	'2023-03-11 09:07:31',	'2023-03-11 09:07:31'),
(10,	'Cotton Voil',	'Cotton Voil',	'cotton-voil',	NULL,	1,	NULL,	'2023-03-11 09:08:13',	'2023-03-11 09:08:13'),
(11,	'Crepe Silk',	'Crepe Silk',	'crepe-silk',	NULL,	1,	NULL,	'2023-03-11 09:08:53',	'2023-03-11 09:08:53'),
(12,	'Denim',	'Denim',	'denim',	NULL,	1,	NULL,	'2023-03-11 09:09:16',	'2023-03-11 09:09:16'),
(13,	'Denim',	'Denim',	'denim',	NULL,	1,	NULL,	'2023-03-11 09:09:16',	'2023-03-11 09:09:16'),
(14,	'Endi Cotton',	'Endi Cotton',	'endi-cotton',	NULL,	1,	NULL,	'2023-03-11 09:09:40',	'2023-03-11 09:09:40'),
(15,	'Endi Cotton Paar Anchol Dye',	'Endi Cotton Paar Anchol Dye',	'endi-cotton-paar-anchol-dye',	NULL,	1,	NULL,	'2023-03-11 09:10:06',	'2023-03-11 09:10:06'),
(18,	'Endi Silk',	'Endi Silk',	'endi-silk',	NULL,	1,	NULL,	'2023-03-11 09:11:43',	'2023-03-11 09:11:43'),
(21,	'Khadi',	'Khadi',	'khadi',	NULL,	1,	NULL,	'2023-03-11 09:13:03',	'2023-03-11 09:13:03'),
(22,	'Knit Cotton',	'Knit Cotton',	'knit-cotton',	NULL,	1,	NULL,	'2023-03-11 09:13:42',	'2023-03-11 09:13:42'),
(23,	'Linen',	'Linen',	'linen',	NULL,	1,	NULL,	'2023-03-11 09:14:06',	'2023-03-11 09:14:06'),
(24,	'Linen Anokhi Wax Print',	'Linen Anokhi Wax Print',	'linen-anokhi-wax-print',	NULL,	1,	NULL,	'2023-03-11 09:14:32',	'2023-03-11 09:14:32'),
(25,	'Silk',	'Silk',	'silk',	NULL,	1,	NULL,	'2023-03-11 09:15:04',	'2023-03-11 09:15:04'),
(26,	'Silk Allover Dye',	'Silk Allover Dye',	'silk-allover-dye',	NULL,	1,	NULL,	'2023-03-11 09:15:30',	'2023-03-11 09:15:30'),
(27,	'Silk Paar Anchol Nakshi Dye',	'Silk Paar Anchol Nakshi Dye',	'silk-paar-anchol-nakshi-dye',	NULL,	1,	NULL,	'2023-03-11 09:15:56',	'2023-03-11 09:15:56'),
(28,	'Voil',	'Voil',	'voil',	NULL,	1,	NULL,	'2023-03-11 09:16:19',	'2023-03-11 09:16:19'),
(29,	'Kota',	'Kota',	'kota',	NULL,	1,	NULL,	'2023-04-06 08:35:44',	'2023-04-06 08:35:44'),
(30,	'Endi Half Silk',	'Endi Half Silk',	'endi-half-silk',	NULL,	1,	NULL,	'2023-04-06 08:36:31',	'2023-04-06 08:36:31'),
(31,	'Maslin',	'Maslin',	'maslin',	NULL,	1,	NULL,	'2023-04-06 08:36:49',	'2023-04-06 08:37:14'),
(32,	'Kntha sitch',	'Kntha sitch',	'kntha-sitch',	NULL,	1,	NULL,	'2023-04-06 08:37:36',	'2023-04-06 08:37:36');

DROP TABLE IF EXISTS `failed_jobs`;
CREATE TABLE `failed_jobs` (
  `id` bigint(20) unsigned NOT NULL AUTO_INCREMENT,
  `uuid` varchar(255) COLLATE utf8mb4_unicode_ci NOT NULL,
  `connection` text COLLATE utf8mb4_unicode_ci NOT NULL,
  `queue` text COLLATE utf8mb4_unicode_ci NOT NULL,
  `payload` longtext COLLATE utf8mb4_unicode_ci NOT NULL,
  `exception` longtext COLLATE utf8mb4_unicode_ci NOT NULL,
  `failed_at` timestamp NOT NULL DEFAULT current_timestamp(),
  PRIMARY KEY (`id`),
  UNIQUE KEY `failed_jobs_uuid_unique` (`uuid`)
) ENGINE=InnoDB DEFAULT CHARSET=utf8mb4 COLLATE=utf8mb4_unicode_ci;


DROP TABLE IF EXISTS `fits`;
CREATE TABLE `fits` (
  `id` bigint(20) unsigned NOT NULL AUTO_INCREMENT,
  `fit_name` varchar(255) COLLATE utf8mb4_unicode_ci NOT NULL,
  `slug` varchar(255) COLLATE utf8mb4_unicode_ci DEFAULT NULL,
  `precedence` int(11) DEFAULT NULL,
  `status` tinyint(4) NOT NULL DEFAULT 1,
  `deleted_at` timestamp NULL DEFAULT NULL,
  `created_at` timestamp NULL DEFAULT NULL,
  `updated_at` timestamp NULL DEFAULT NULL,
  PRIMARY KEY (`id`)
) ENGINE=InnoDB DEFAULT CHARSET=utf8mb4 COLLATE=utf8mb4_unicode_ci;

INSERT INTO `fits` (`id`, `fit_name`, `slug`, `precedence`, `status`, `deleted_at`, `created_at`, `updated_at`) VALUES
(1,	'Slim Fit',	'slim-fit',	NULL,	1,	NULL,	'2023-03-07 04:58:21',	'2023-03-11 09:46:14');

DROP TABLE IF EXISTS `informations`;
CREATE TABLE `informations` (
  `id` bigint(20) unsigned NOT NULL AUTO_INCREMENT,
  `title` varchar(255) COLLATE utf8mb4_unicode_ci NOT NULL,
  `slug` varchar(255) COLLATE utf8mb4_unicode_ci NOT NULL,
  `back_link` varchar(255) COLLATE utf8mb4_unicode_ci DEFAULT NULL,
  `content` longtext COLLATE utf8mb4_unicode_ci NOT NULL,
  `status` tinyint(4) NOT NULL DEFAULT 1,
  `created_at` timestamp NULL DEFAULT NULL,
  `updated_at` timestamp NULL DEFAULT NULL,
  PRIMARY KEY (`id`)
) ENGINE=InnoDB DEFAULT CHARSET=utf8mb4 COLLATE=utf8mb4_unicode_ci;

INSERT INTO `informations` (`id`, `title`, `slug`, `back_link`, `content`, `status`, `created_at`, `updated_at`) VALUES
(1,	'Privacy Policy',	'privacy-policy',	'https://staging.aranya.com.bd/privacy-policy',	'<p class=\"ql-align-justify\">Aranyas privacy policy applies to personal information we collect from our customers and job applicants through our website (aranya.com.bd) and at stores across Bangladesh. The policy outlines the information we collect about customers and job applicants; how we use, disclose and otherwise manage this information; and the choices you have to restrict our usage of this information. Ensuring the privacy of your personal information is important to us.</p><p class=\"ql-align-justify\"><strong>When and how information is collected by Aranya</strong></p><p class=\"ql-align-justify\">We collect personal information when you:</p><ul><li class=\"ql-align-justify\">Purchase, order, return or exchange products and services</li><li class=\"ql-align-justify\">Register on our website or My Aranya Rewards programme</li><li class=\"ql-align-justify\">Track your order through Aranya website</li><li class=\"ql-align-justify\">Sign up for Aranya newsletter</li><li class=\"ql-align-justify\">Send or purchase a gift card</li><li class=\"ql-align-justify\">Apply for a job at Aranya through our website or other third party job portals</li><li class=\"ql-align-justify\">Participate in our promotions or surveys</li><li class=\"ql-align-justify\">Contact us with a comment, question or complaint</li></ul><p class=\"ql-align-justify\"><strong>Information collected when you shop at Aranya stores</strong></p><p class=\"ql-align-justify\">You do not have to provide us with any personal information when you make cash purchases at our stores. However, if you use a credit or debit card for your purchases we will collect your card-related information and your signature in order to process your payment. We may also collect your suggestions, complaints or enquiries through emails or complaint/suggestion forms.</p><p class=\"ql-align-justify\"><strong>Information collected by Aranya website</strong></p><p class=\"ql-align-justify\"><strong>My Aranya Rewards programme</strong>&nbsp; We store information of the programmes members, including their purchase order history and history of rewards points collected over a specific period. However, we do not authenticate members personal details and, therefore, cannot be held liable for any misinformation received or fraud or identity theft cases that any member may be charged with.</p><p class=\"ql-align-justify\"><strong>Registered shoppers</strong>&nbsp; We store basic information and purchase history of a registered member in order for members to track their orders.</p><p class=\"ql-align-justify\"><strong>Guest shopper</strong>&nbsp; We may collect personal information, such as name, email address and/or mobile number of a guest shopper who signs up for our newsletter. We use this information to communicate with guest shoppers to provide them with news about special offers.</p><p class=\"ql-align-justify\"><strong>Information collected for orders placed over phone or fax</strong></p><p class=\"ql-align-justify\">No Aranya store or website accepts orders placed over phone or fax. We will never ask for your credit/debit card or any other sensitive information over the phone or email.</p><p class=\"ql-align-justify\"><strong>Information collected when you apply for a job at Aranya</strong></p><p class=\"ql-align-justify\">If you apply for a job through our website, you may be required to provide us with information about yourself that you usually provide on your resume. This information will be saved on our internal server for no more than one year. We use this information to process and respond to your enquiry or job application. We may share your information with the human resources department at Bengal Group Limited in special circumstances. We will not sell your information to any third party or share unless required by the law. We only keep your personal information for as long as necessary for the purposes it was collected, or as otherwise required by the law.</p><p class=\"ql-align-justify\"><strong>Information collected when you sign up for our newsletter</strong></p><p class=\"ql-align-justify\">We will use your email address, if you signed up, to send our electronic newsletters which contain advanced notification of promotions, launch of new merchandise, store openings and other Aranya-related news. We may also use the optional information such as your name, postal code and product interests to enhance our product and services. We respect your privacy and will not sell your email address to any company. You can unsubscribe from our email list at any time by clicking on the unsubscribe link at the bottom of our newsletter.</p><p class=\"ql-align-justify\"><strong>Information collected when you visit or register on Aranya website</strong></p><p class=\"ql-align-justify\">You are not required to register to browse our website. However, you will be required to create an account if you wish to avail special services that registered users can enjoy, by providing us with your email address and a password. Personal information (such as name, address, mobile number, email address, billing address, shipping address and credit card information) you provide to us while creating or updating your account and at checkout on our website is stored in electronic files on our web server and our internal systems in Bangladesh. We use this information to provide and administer the services you have requested and for other purposes to which you have consented.</p><p class=\"ql-align-justify\"><strong>Information collected when you participate in promotional or survey programmes</strong></p><p class=\"ql-align-justify\">When you participate in a promotion or respond to one of our surveys, we may collect your name, address, mobile number and email address. We use this information to administer your participation in the promotion and, for surveys, to contact you with follow-up questions.</p><p class=\"ql-align-justify\"><strong>Information collected by customer service (web interface)</strong></p><p class=\"ql-align-justify\">You may be asked for information that identifies you, such as your name, address and telephone number when you contact our customer service representatives with a question, feedback or comments. We collect this information to verify your identity and to help us promptly answer your question or respond to your comment or feedback. We may retain this information to assist you in the future. We may also use your feedback, suggestions and comments to improve our products, website and services.</p><p class=\"ql-align-justify\"><strong>Information collected through website analytics</strong></p><p class=\"ql-align-justify\"><strong>IP address</strong> You can visit our website without telling us who you are or providing us with any personal information. However, we collect the Internet protocol (IP) addresses of all our website visitors and other related information such as page requests, browser type, operating system and average time spent on our website. We use this information to monitor and improve our website.</p><p class=\"ql-align-justify\"><strong>Cookies</strong> We use cookies and similar technologies to collect product and purchase information from the pages you access or visit. Cookies are bits of information that are automatically stored on your computer so we can recognise you when you return. We use cookies to better understand your use of our website so that we may continue to improve our website. If you do not wish to have cookies on your system, you can set your browser preferences to disable them. However, if you decide not to accept cookies, you may not be able to take advantage of all of the features that our website offers. The information collected through cookies may be combined with other identifiable personal information (such as demographic and past purchase information) from our records and other sources. We may use this combined information for future marketing initiatives and to help us improve our website presentation and your overall shopping experience.</p><p class=\"ql-align-justify\"><strong>Information collected by third party websites and e-advertisements</strong></p><p class=\"ql-align-justify\">Our website may contain links to third party websites. We will not provide any of your personal information to these third parties without your prior consent. We provide these third party links as part of our effort to provide you with news and events information or for your convenience. The inclusion of these links does not imply our endorsement of the companies, their websites, or their products and services. The links of websites we include in our web pages have separate and independent privacy policies. We have no control over these websites and, therefore, have no responsibility or liability for the manner in which the organisations (that operate those linked websites) may collect, use or disclose and otherwise treat your personal details. We may also use third parties to publish our advertisements on other websites, such as electronic newspapers and travel sites. In order to measure the effectiveness of our advertisements, these companies may use tracer tags or web beacons to report certain information (but not your name, address, email address or telephone number) about your visits to Aranya website and the websites which advertise and feature links on Aranya website.</p><p class=\"ql-align-justify\"><strong>Information collected by social media platforms</strong></p><p class=\"ql-align-justify\">You may choose to engage with our content on or through third-party social networking websites, plug-ins and applications. If you choose to do so, you may allow us to have access to certain information associated with your social media account (such as, name, username, email address, profile picture, and gender information) to receive our content or as a requirement of the operation of the website, plug-in or application.</p><p class=\"ql-align-justify\"><strong>Information we share</strong></p><p class=\"ql-align-justify\">We may transfer (or otherwise make available) your personal information to members of Bengal Group and other third parties who provide services on our behalf. We use service providers to process data and online payments, deliver our products and services, host our website, send emails, run our promotions and surveys, to help us better understand your use of our website, and to improve our website. All of our service providers are required to maintain the confidentiality and security of your personal information and to use it only in compliance with applicable privacy laws. These service providers are not authorised to use your information in any manner, other than in helping us to provide you with products and services or as otherwise required by the law.</p><p class=\"ql-align-justify\"><strong>Information collected for legal obligations</strong></p><p class=\"ql-align-justify\">We may be required to provide your personal information in response to a search warrant or other legally valid inquiry or order, or to an investigative body in the case of a breach of an agreement or contravention of law, or as otherwise required by the law in Bangladesh.</p><p class=\"ql-align-justify\"><strong>Security of personal details</strong></p><p class=\"ql-align-justify\">Your privacy is important to us. We ensure practical administrative, technical and physical safeguards in an effort to protect against the loss, theft, unauthorised access, use, modification and disclosure of personal information in our custody and control. Our measures to safeguard personal information in our custody and control include, providing access to personal information only to employees and authorised service providers who require such information for the purposes described in this privacy and security policy. To provide you with an increased level of security, online access to certain personal information may be protected with a password you create. We strongly recommend that you do not disclose your password to anyone. We will never ask you for your password in any unsolicited communication.</p><p class=\"ql-align-justify\"><strong>Policy changes</strong></p><p class=\"ql-align-justify\">We may periodically update this privacy policy for new, unanticipated uses not previously disclosed. Any changes made to the policy will be posted here.</p><p class=\"ql-align-justify\"><strong>Updating your profile</strong></p><p class=\"ql-align-justify\">If you wish to access or update your profile details that we have about you, or to correct factual errors in our records, please&nbsp;<a href=\"https://aranya.com.bd/contact-us/\" rel=\"noopener noreferrer\" target=\"_blank\" style=\"color: rgb(59, 84, 115);\">contact us</a>. To protect your privacy, we will take necessary steps to verify your identity before granting access or making corrections. You can also easily update your account information by logging on to your Aranya account.</p><p><br></p>',	1,	'2023-07-24 05:52:24',	NULL),
(2,	'Terms And Conditions',	'terms-and-conditions',	'https://staging.aranya.com.bd/terms-and-conditions',	'<p class=\"ql-align-justify\"><strong>Terms and Conditions</strong></p><p class=\"ql-align-justify\">Welcome to Aranya Crafts Limited also hereby known as we, us or Aranya. We are sister company of Bengal Foundation and Aranya and its sub-brand Aatong are represented at this virtual shop. The following are the basic rules that govern your use of our site. Your use of Aranya site constitutes your agreement to follow and be bound by these terms. If you do not agree to these terms, please do not use this site.</p><p class=\"ql-align-justify\"><strong>Terms and Conditions may change</strong></p><p class=\"ql-align-justify\">Since Aranya may revise this agreement at any time, you should visit this page periodically to review the terms of your use. Should you have any questions concerning any of our policies, please&nbsp;<a href=\"https://aranya.com.bd/contact-us/\" rel=\"noopener noreferrer\" target=\"_blank\" style=\"color: rgb(59, 84, 115);\">contact us</a>.</p><p class=\"ql-align-justify\"><strong>Availability</strong></p><p class=\"ql-align-justify\">Please understand that our featured items offered are naturally dyed and therefore in limited quantities and, because of their limited availability and nature of production, stock will not and cannot be refreshed. That means once an item is gone, it may be gone for good and not appear on the website again. When an item featured on aranya.com.bd is no longer in stock, we make every attempt to remove that item from the website in a timely manner. Should you have any questions concerning the availability of a particular item, please contact us at +88 02 9882542 between 9am and 5pm Bangladesh time or go to&nbsp;<a href=\"https://aranya.com.bd/contact-us/\" rel=\"noopener noreferrer\" target=\"_blank\" style=\"color: rgb(59, 84, 115);\">contact us</a>.</p><p class=\"ql-align-justify\"><strong>Product Information</strong></p><p class=\"ql-align-justify\">Please note that considering the laws of Bangladesh on shippable items, fragility and other constraints, Aranya does not carry every item that you would find in our stores. The prices displayed on the website are quoted in Bangladeshi Taka (BDT). Most Aranya products displayed on the website are available in select Aranya stores in Bangladesh while supplies last. In some cases, web merchandise may not be available in Bangladesh stores. Stores may also have different prices or promotional events at different times. Sale prices on the website are Internet-only specials, and do not reflect the pricing of Bangladesh stores.</p><p class=\"ql-align-justify\"><strong>Natural Dye</strong>&nbsp; Aranya products are dyed naturally therefore we cannot guarantee that the product you see online and the purchased product will be exactly the same though every effort is made for it to be a very close match.</p><p class=\"ql-align-justify\"><strong>Colours</strong>&nbsp; We have made every effort to display as accurately as possible the colours of our products that appear on the website. However, due to monitor discrepancies of personal computer/laptop/tablet/hand-held devices/mobile, we cannot guarantee that your display of colour will be accurate.</p><p class=\"ql-align-justify\"><strong>Pricing</strong>&nbsp; In the event an Aranya product is listed at an incorrect price due to photographical or typographical error or error in pricing information, Aranya shall have the right to refuse or cancel any orders placed for product listed at the incorrect price.</p><p class=\"ql-align-justify\"><strong>Payment and Credit Note</strong>&nbsp; Aranya shall have the right to refuse or cancel any such orders whether or not the order has been confirmed and your credit card charged. If your credit card has already been charged for the purchase and your order is cancelled Aranya shall issue a credit note in the amount of the incorrect price. Aranya does not provide refunds for online orders, including cost of shipping and handling.</p><p class=\"ql-align-justify\"><strong>Shipping and Processing Fees</strong>&nbsp; Our shipping and processing charges are intended to compensate designated shipping companies in addition to covering the cost of processing your order, handling and packing the purchased products and delivering them to you. The risk of loss and title for items deliverable to you pass to you upon our delivery to the carrier.</p><p class=\"ql-align-justify\"><strong>Inaccuracy Disclaimer</strong></p><p class=\"ql-align-justify\">From time to time there may be information on our website or in our newsletter that contains typographical errors, inaccuracies, or omissions that may relate to product descriptions, pricing, and availability. Aranya reserves the right to correct any errors, inaccuracies or omissions and to change or update information at any time without prior notice (including after you have submitted your order). We endeavour to present the most recent, most accurate, and most reliable information on our website at all times. However, there may be occasions when some of the information featured on aranya.com.bd may contain incomplete data, typographical errors, or inaccuracies. Any errors are wholly unintentional and we apologise if erroneous information is reflected in merchandise price, item availability, or in any way affects your individual order. Please be aware that we present our content as is and make no claims to its accuracy, either expressed or implied. We reserve the right to amend errors or to update product information at any time without prior notice.</p><p class=\"ql-align-justify\"><strong>Legal Information</strong></p><p class=\"ql-align-justify\">This website is expressly owned and operated by Aranya. Unless otherwise noted, all design and content featured on aranya.com.bd, including navigational buttons and images, logos, artwork, icons, graphics, photography, text, and the like, are copyrights, trademarks, trade dress, and/or intellectual property that are owned, controlled, or licensed by Aranya. This website in its entirety is protected by copyright and applicable trade dress and are protected under Bangladeshi and international copyright laws. All worldwide rights, titles, and interests are reserved. The contents of our website and the website as a whole are intended solely for your personal, non-commercial use. Any use of our website and its content for purposes other than personal and non-commercial, is prohibited without the prior written permission of Aranya. Do not reproduce, publish, display, modify, sell, or distribute any of the materials from Aranya. You may, however, download or electronically copy and print any of the page contents displayed on the site, but please remember that these are available for your personal, non-commercial use only. Should you choose to download, copy, or forward any site materials via email, no right, title, or interest in those materials will be transferred to you.</p><p class=\"ql-align-justify\"><strong>Any dispute or claim  related to your use of aranya.com.bd in any way, or to any product or service distributed by Aranya  will be subject to the laws of Bangladesh and will be resolved by binding arbitration under the Arbitration Act of 2001 of Bangladesh. If necessary the dispute may be submitted to court in the jurisdiction of Bangladesh.</strong></p><p class=\"ql-align-justify\"><strong>Limitation of Liability</strong>&nbsp; Given the unpredictability of technology, internet connectivity and the online environment, Aranya does not warrant that the function or operation of this website will be uninterrupted or error-free, that defects will be corrected, or that this site or the server that makes it available will be free of viruses or other harmful elements. As a visitor to and user of this website, you must assume full responsibility for any costs associated with the servicing of equipment used in connection with the use of our website. As a visitor to and a user of this website, you, in effect, agree that your access will be subject to the terms and conditions set forth in this legal notice and that access is undertaken at your own risk. Aranya shall not be liable for damages of any kind related to your use of or inability to access this website. Aranya will not be responsible for any fraud, theft or mistake in the usage of your creditcard in the online purchase of any Aranya item.</p><p class=\"ql-align-justify\"><strong>Indemnification</strong>&nbsp; You agree to indemnify, defend, and hold harmless Aranya, its officers, directors, employees, agents, licensors and suppliers (collectively the Service Providers) from and against all losses, expenses, damages and costs, including reasonable attorneys fees, resulting from any violation of these terms and conditions or any activity related to your account (including negligent or wrongful conduct) by you or any other person accessing the site using your Internet account.</p><p class=\"ql-align-justify\"><strong>Correspondence and Communications</strong></p><p class=\"ql-align-justify\">Although we will make every effort to respond quickly to applicable email messages, aranya.com.bd is under no obligation to respond to all pieces of correspondence received through this site, or to maintain your submitted comments in confidence, or to pay compensation of any kind for your comments or submissions.</p><p class=\"ql-align-justify\">While we welcome your comments and feedback regarding aranya.com.bd, our merchandise and our services, we do not wish to receive any confidential or proprietary ideas, suggestions, materials, or information via this website or any email connection. All your comments, feedback, ideas, suggestions, and other submissions that are disclosed or submitted to our organization through aranya.com.bd shall become and remain the property of Aranya. Any such disclosure or submission by you is a declaration of the full release of all proprietary claims and/or intellectual rights regarding your submission. However, we will not use your name in connection with any such materials, information, suggestions, ideas or comments unless we first obtain your permission or otherwise are required by law to do so.</p><p><br></p>',	1,	'2023-07-24 05:53:09',	NULL);

DROP TABLE IF EXISTS `ingredients`;
CREATE TABLE `ingredients` (
  `id` bigint(20) unsigned NOT NULL AUTO_INCREMENT,
  `ingredient_name` varchar(255) COLLATE utf8mb4_unicode_ci NOT NULL,
  `slug` varchar(255) COLLATE utf8mb4_unicode_ci DEFAULT NULL,
  `precedence` int(11) DEFAULT NULL,
  `status` tinyint(4) NOT NULL DEFAULT 1,
  `deleted_at` timestamp NULL DEFAULT NULL,
  `created_at` timestamp NULL DEFAULT NULL,
  `updated_at` timestamp NULL DEFAULT NULL,
  PRIMARY KEY (`id`)
) ENGINE=InnoDB DEFAULT CHARSET=utf8mb4 COLLATE=utf8mb4_unicode_ci;

INSERT INTO `ingredients` (`id`, `ingredient_name`, `slug`, `precedence`, `status`, `deleted_at`, `created_at`, `updated_at`) VALUES
(1,	'Betelnut',	'betelnut',	NULL,	1,	NULL,	'2023-03-07 04:59:12',	'2023-03-11 09:48:08'),
(2,	'Catechu',	'catechu',	NULL,	1,	NULL,	'2023-03-07 04:59:21',	'2023-03-11 09:48:28'),
(3,	'Indigo',	'indigo',	NULL,	1,	NULL,	'2023-03-07 05:57:55',	'2023-03-11 09:48:55'),
(4,	'Khasmi',	'khasmi',	NULL,	1,	NULL,	'2023-03-07 05:58:05',	'2023-03-11 09:49:25'),
(5,	'Lotkom',	'lotkom',	NULL,	1,	NULL,	'2023-03-11 09:49:47',	'2023-03-11 09:49:47'),
(6,	'Madder',	'madder',	NULL,	1,	NULL,	'2023-03-11 09:50:08',	'2023-03-11 09:50:08'),
(7,	'Myrabalan',	'myrabalan',	NULL,	1,	NULL,	'2023-03-11 09:50:38',	'2023-03-11 09:50:38'),
(8,	'Raintree',	'raintree',	NULL,	1,	NULL,	'2023-03-11 09:51:09',	'2023-03-11 09:51:09'),
(9,	'Annatto',	'annatto',	NULL,	1,	NULL,	'2023-03-11 09:55:13',	'2023-03-11 09:57:26'),
(10,	'Pomegranate',	'pomegranate',	NULL,	1,	NULL,	'2023-03-11 09:55:39',	'2023-03-11 09:55:39'),
(11,	'Manjit',	'manjit',	NULL,	1,	NULL,	'2023-03-11 09:56:32',	'2023-03-11 09:56:32'),
(12,	'Black Kashmi',	'black-kashmi',	NULL,	1,	NULL,	'2023-03-11 10:06:04',	'2023-03-11 10:06:04'),
(13,	'Sagupest',	'sagupest',	NULL,	1,	NULL,	'2023-03-11 10:07:06',	'2023-03-11 10:07:06');

DROP TABLE IF EXISTS `inventories`;
CREATE TABLE `inventories` (
  `id` bigint(20) unsigned NOT NULL AUTO_INCREMENT,
  `product_id` bigint(20) unsigned NOT NULL,
  `colour_id` bigint(20) unsigned NOT NULL DEFAULT 0,
  `size_id` bigint(20) unsigned NOT NULL DEFAULT 0,
  `stock` int(11) NOT NULL,
  `cpu` double(16,8) NOT NULL DEFAULT 0.00000000,
  `mrp` double(16,8) NOT NULL DEFAULT 0.00000000,
  `sku` varchar(255) COLLATE utf8mb4_unicode_ci DEFAULT NULL,
  `warning_amount` int(11) NOT NULL DEFAULT 10,
  `warehouse` varchar(255) COLLATE utf8mb4_unicode_ci DEFAULT NULL,
  `deleted_at` timestamp NULL DEFAULT NULL,
  `created_at` timestamp NULL DEFAULT '2022-03-11 18:00:00',
  `updated_at` timestamp NULL DEFAULT NULL,
  PRIMARY KEY (`id`)
) ENGINE=InnoDB DEFAULT CHARSET=utf8mb4 COLLATE=utf8mb4_unicode_ci;

INSERT INTO `inventories` (`id`, `product_id`, `colour_id`, `size_id`, `stock`, `cpu`, `mrp`, `sku`, `warning_amount`, `warehouse`, `deleted_at`, `created_at`, `updated_at`) VALUES
(1,	1,	1,	9,	0,	877.47000000,	2475.00000000,	'C4531',	10,	NULL,	NULL,	'2023-03-22 03:14:41',	'2023-03-22 03:14:41'),
(2,	1,	1,	10,	0,	877.47000000,	2475.00000000,	'C4532',	10,	NULL,	NULL,	'2023-03-22 03:14:42',	'2023-03-22 03:14:42'),
(3,	1,	1,	11,	0,	548.12000000,	1675.00000000,	'C4524',	10,	NULL,	NULL,	'2023-03-22 03:14:42',	'2023-03-22 03:14:42'),
(4,	1,	1,	16,	1,	548.12000000,	1675.00000000,	'C4525',	10,	NULL,	NULL,	'2023-03-22 03:14:42',	'2023-03-22 03:14:42'),
(5,	1,	1,	7,	2,	620.16000000,	1975.00000000,	'C4527',	10,	NULL,	NULL,	'2023-03-22 03:14:42',	'2023-03-22 03:14:42'),
(6,	1,	1,	17,	2,	620.16000000,	1975.00000000,	'C4528',	10,	NULL,	NULL,	'2023-03-22 03:14:42',	'2023-03-22 03:14:42'),
(7,	1,	1,	18,	0,	620.16000000,	1975.00000000,	'C4529',	10,	NULL,	NULL,	'2023-03-22 03:14:42',	'2023-03-22 03:14:42'),
(8,	1,	1,	9,	3,	877.47000000,	2475.00000000,	'C4540',	10,	NULL,	NULL,	'2023-03-22 03:14:42',	'2023-03-22 03:14:42'),
(9,	1,	1,	10,	0,	877.47000000,	2475.00000000,	'C4541',	10,	NULL,	NULL,	'2023-03-22 03:14:42',	'2023-03-22 03:14:42'),
(10,	2,	20,	11,	1,	575.39000000,	1375.00000000,	'C6553',	10,	NULL,	NULL,	'2023-03-22 03:14:42',	'2023-03-22 03:14:42'),
(11,	2,	20,	16,	3,	418.87000000,	1375.00000000,	'C6554',	10,	NULL,	NULL,	'2023-03-22 03:14:42',	'2023-03-22 03:14:42'),
(12,	2,	20,	17,	0,	466.15000000,	1375.00000000,	'C6556',	10,	NULL,	NULL,	'2023-03-22 03:14:42',	'2023-03-22 03:14:42'),
(13,	2,	20,	18,	2,	466.15000000,	1375.00000000,	'C6557',	10,	NULL,	NULL,	'2023-03-22 03:14:42',	'2023-03-22 03:14:42'),
(14,	2,	20,	7,	1,	575.39000000,	1675.00000000,	'C6559',	10,	NULL,	NULL,	'2023-03-22 03:14:42',	'2023-03-22 03:14:42'),
(15,	2,	20,	9,	2,	575.39000000,	1675.00000000,	'C6560',	10,	NULL,	NULL,	'2023-03-22 03:14:42',	'2023-03-22 03:14:42'),
(16,	2,	20,	10,	4,	575.39000000,	1675.00000000,	'C6561',	10,	NULL,	NULL,	'2023-03-22 03:14:42',	'2023-03-22 03:14:42'),
(17,	3,	13,	11,	1,	430.23000000,	1675.00000000,	'C5565',	10,	NULL,	NULL,	'2023-03-22 03:14:42',	'2023-03-22 03:14:42'),
(18,	3,	13,	16,	1,	430.23000000,	1375.00000000,	'C5566',	10,	NULL,	NULL,	'2023-03-22 03:14:42',	'2023-03-22 03:14:42'),
(19,	3,	13,	17,	0,	474.90000000,	1375.00000000,	'C5568',	10,	NULL,	NULL,	'2023-03-22 03:14:42',	'2023-03-22 03:14:42'),
(20,	3,	13,	18,	1,	474.98000000,	1375.00000000,	'C5569',	10,	NULL,	NULL,	'2023-03-22 03:14:42',	'2023-03-22 03:14:42'),
(21,	3,	13,	7,	4,	578.38000000,	1675.00000000,	'C5571',	10,	NULL,	NULL,	'2023-03-22 03:14:42',	'2023-03-22 03:14:42'),
(22,	3,	13,	9,	3,	578.38000000,	1675.00000000,	'C5572',	10,	NULL,	NULL,	'2023-03-22 03:14:42',	'2023-03-22 03:14:42'),
(23,	3,	13,	10,	2,	578.38000000,	1675.00000000,	'C5573',	10,	NULL,	NULL,	'2023-03-22 03:14:42',	'2023-03-22 03:14:42'),
(24,	4,	5,	11,	3,	424.00000000,	1675.00000000,	'C5575',	10,	NULL,	NULL,	'2023-03-22 03:14:42',	'2023-03-22 03:14:42'),
(25,	4,	5,	16,	2,	424.00000000,	1375.00000000,	'C5576',	10,	NULL,	NULL,	'2023-03-22 03:14:42',	'2023-03-22 03:14:42'),
(26,	4,	5,	17,	2,	472.54000000,	1375.00000000,	'C5578',	10,	NULL,	NULL,	'2023-03-22 03:14:42',	'2023-03-22 03:14:42'),
(27,	4,	5,	18,	2,	472.54000000,	1375.00000000,	'C5579',	10,	NULL,	NULL,	'2023-03-22 03:14:42',	'2023-03-22 03:14:42'),
(28,	4,	5,	7,	2,	584.69000000,	1675.00000000,	'C5581',	10,	NULL,	NULL,	'2023-03-22 03:14:42',	'2023-03-22 03:14:42'),
(29,	4,	5,	9,	6,	584.69000000,	1675.00000000,	'C5582',	10,	NULL,	NULL,	'2023-03-22 03:14:42',	'2023-03-22 03:14:42'),
(30,	4,	5,	10,	3,	584.69000000,	1675.00000000,	'C5583',	10,	NULL,	NULL,	'2023-03-22 03:14:42',	'2023-03-22 03:14:42'),
(31,	5,	2,	11,	1,	540.64000000,	2475.00000000,	'C7171',	10,	NULL,	NULL,	'2023-03-22 03:14:42',	'2023-03-22 03:14:42'),
(32,	5,	20,	11,	1,	540.64000000,	2475.00000000,	'C7171',	10,	NULL,	NULL,	'2023-03-22 03:14:42',	'2023-03-22 03:14:42'),
(33,	5,	2,	16,	2,	540.64000000,	1675.00000000,	'C7172',	10,	NULL,	NULL,	'2023-03-22 03:14:42',	'2023-03-22 03:14:42'),
(34,	5,	20,	16,	2,	540.64000000,	1675.00000000,	'C7172',	10,	NULL,	NULL,	'2023-03-22 03:14:42',	'2023-03-22 03:14:42'),
(35,	5,	2,	17,	1,	620.63000000,	1975.00000000,	'C7174',	10,	NULL,	NULL,	'2023-03-22 03:14:42',	'2023-03-22 03:14:42'),
(36,	5,	20,	17,	1,	620.63000000,	1975.00000000,	'C7174',	10,	NULL,	NULL,	'2023-03-22 03:14:42',	'2023-03-22 03:14:42'),
(37,	5,	2,	18,	3,	620.63000000,	1975.00000000,	'C7175',	10,	NULL,	NULL,	'2023-03-22 03:14:42',	'2023-03-22 03:14:42'),
(38,	5,	20,	18,	3,	620.63000000,	1975.00000000,	'C7175',	10,	NULL,	NULL,	'2023-03-22 03:14:42',	'2023-03-22 03:14:42'),
(39,	5,	2,	7,	3,	805.45000000,	2475.00000000,	'C7177',	10,	NULL,	NULL,	'2023-03-22 03:14:42',	'2023-03-22 03:14:42'),
(40,	5,	20,	7,	3,	805.45000000,	2475.00000000,	'C7177',	10,	NULL,	NULL,	'2023-03-22 03:14:42',	'2023-03-22 03:14:42'),
(41,	5,	2,	9,	3,	805.45000000,	2475.00000000,	'C7178',	10,	NULL,	NULL,	'2023-03-22 03:14:42',	'2023-03-22 03:14:42'),
(42,	5,	20,	9,	3,	805.45000000,	2475.00000000,	'C7178',	10,	NULL,	NULL,	'2023-03-22 03:14:42',	'2023-03-22 03:14:42'),
(43,	5,	2,	10,	5,	805.45000000,	2475.00000000,	'C7179',	10,	NULL,	NULL,	'2023-03-22 03:14:42',	'2023-03-22 03:14:42'),
(44,	5,	20,	10,	5,	805.45000000,	2475.00000000,	'C7179',	10,	NULL,	NULL,	'2023-03-22 03:14:42',	'2023-03-22 03:14:42'),
(45,	6,	11,	6,	3,	221.40000000,	565.00000000,	'C7237',	10,	NULL,	NULL,	'2023-03-22 03:14:42',	'2023-03-22 03:14:42'),
(46,	6,	11,	13,	0,	221.40000000,	565.00000000,	'C7238',	10,	NULL,	NULL,	'2023-03-22 03:14:42',	'2023-03-22 03:14:42'),
(47,	6,	11,	14,	1,	221.40000000,	565.00000000,	'C7239',	10,	NULL,	NULL,	'2023-03-22 03:14:42',	'2023-03-22 03:14:42'),
(48,	6,	11,	15,	1,	221.40000000,	565.00000000,	'C7240',	10,	NULL,	NULL,	'2023-03-22 03:14:42',	'2023-03-22 03:14:42'),
(49,	7,	1,	8,	4,	323.35000000,	865.00000000,	'C7386',	10,	NULL,	NULL,	'2023-03-22 03:14:42',	'2023-03-22 03:14:42'),
(50,	7,	12,	8,	4,	323.35000000,	865.00000000,	'C7386',	10,	NULL,	NULL,	'2023-03-22 03:14:42',	'2023-03-22 03:14:42'),
(51,	7,	1,	11,	4,	323.35000000,	865.00000000,	'C7387',	10,	NULL,	NULL,	'2023-03-22 03:14:42',	'2023-03-22 03:14:42'),
(52,	7,	12,	11,	4,	323.35000000,	865.00000000,	'C7387',	10,	NULL,	NULL,	'2023-03-22 03:14:42',	'2023-03-22 03:14:42'),
(53,	7,	1,	12,	5,	323.35000000,	865.00000000,	'C7388',	10,	NULL,	NULL,	'2023-03-22 03:14:42',	'2023-03-22 03:14:42'),
(54,	7,	12,	12,	5,	323.35000000,	865.00000000,	'C7388',	10,	NULL,	NULL,	'2023-03-22 03:14:42',	'2023-03-22 03:14:42'),
(55,	8,	1,	10,	5,	907.83000000,	2165.00000000,	'C2738',	10,	NULL,	NULL,	'2023-03-22 03:14:42',	'2023-03-22 03:14:42'),
(56,	8,	1,	18,	1,	907.83000000,	2165.00000000,	'C2739',	10,	NULL,	NULL,	'2023-03-22 03:14:42',	'2023-03-22 03:14:42'),
(57,	9,	10,	11,	2,	402.96000000,	1465.00000000,	'C4074',	10,	NULL,	NULL,	'2023-03-22 03:14:42',	'2023-03-22 03:14:42'),
(58,	9,	10,	16,	1,	402.96000000,	1165.00000000,	'C4075',	10,	NULL,	NULL,	'2023-03-22 03:14:42',	'2023-03-22 03:14:42'),
(59,	9,	10,	17,	0,	402.96000000,	1165.00000000,	'C4076',	10,	NULL,	NULL,	'2023-03-22 03:14:42',	'2023-03-22 03:14:42'),
(60,	9,	10,	7,	3,	487.80000000,	1465.00000000,	'C4078',	10,	NULL,	NULL,	'2023-03-22 03:14:42',	'2023-03-22 03:14:42'),
(61,	9,	10,	9,	5,	487.80000000,	1465.00000000,	'C4079',	10,	NULL,	NULL,	'2023-03-22 03:14:42',	'2023-03-22 03:14:42'),
(62,	9,	10,	10,	6,	487.80000000,	1465.00000000,	'C4080',	10,	NULL,	NULL,	'2023-03-22 03:14:42',	'2023-03-22 03:14:42'),
(63,	9,	10,	18,	4,	487.80000000,	1465.00000000,	'C4081',	10,	NULL,	NULL,	'2023-03-22 03:14:42',	'2023-03-22 03:14:42'),
(64,	10,	9,	11,	1,	389.77000000,	1465.00000000,	'C4113',	10,	NULL,	NULL,	'2023-03-22 03:14:42',	'2023-03-22 03:14:42'),
(65,	10,	9,	16,	1,	389.77000000,	1165.00000000,	'C4114',	10,	NULL,	NULL,	'2023-03-22 03:14:42',	'2023-03-22 03:14:42'),
(66,	10,	9,	17,	3,	389.77000000,	1165.00000000,	'C4115',	10,	NULL,	NULL,	'2023-03-22 03:14:42',	'2023-03-22 03:14:42'),
(67,	10,	9,	7,	6,	472.22000000,	1465.00000000,	'C4117',	10,	NULL,	NULL,	'2023-03-22 03:14:42',	'2023-03-22 03:14:42'),
(68,	10,	9,	9,	6,	472.22000000,	1465.00000000,	'C4118',	10,	NULL,	NULL,	'2023-03-22 03:14:42',	'2023-03-22 03:14:42'),
(69,	10,	9,	10,	6,	472.22000000,	1465.00000000,	'C4119',	10,	NULL,	NULL,	'2023-03-22 03:14:42',	'2023-03-22 03:14:42'),
(70,	10,	9,	18,	3,	472.22000000,	1465.00000000,	'C4120',	10,	NULL,	NULL,	'2023-03-22 03:14:42',	'2023-03-22 03:14:42'),
(71,	11,	14,	11,	1,	441.19000000,	1465.00000000,	'C7070',	10,	NULL,	NULL,	'2023-03-22 03:14:42',	'2023-03-22 03:14:42'),
(72,	11,	14,	16,	0,	441.19000000,	1165.00000000,	'C7071',	10,	NULL,	NULL,	'2023-03-22 03:14:42',	'2023-03-22 03:14:42'),
(73,	11,	14,	17,	2,	545.26000000,	1465.00000000,	'C7073',	10,	NULL,	NULL,	'2023-03-22 03:14:42',	'2023-03-22 03:14:42'),
(74,	11,	14,	18,	1,	545.26000000,	1465.00000000,	'C7074',	10,	NULL,	NULL,	'2023-03-22 03:14:42',	'2023-03-22 03:14:42'),
(75,	11,	14,	7,	5,	586.19000000,	1465.00000000,	'C7076',	10,	NULL,	NULL,	'2023-03-22 03:14:42',	'2023-03-22 03:14:42'),
(76,	11,	14,	9,	3,	586.19000000,	1465.00000000,	'C7077',	10,	NULL,	NULL,	'2023-03-22 03:14:42',	'2023-03-22 03:14:42'),
(77,	11,	14,	10,	5,	586.19000000,	1465.00000000,	'C7078',	10,	NULL,	NULL,	'2023-03-22 03:14:42',	'2023-03-22 03:14:42'),
(78,	12,	11,	11,	2,	355.51000000,	1165.00000000,	'C6511',	10,	NULL,	NULL,	'2023-03-22 03:14:42',	'2023-03-22 03:14:42'),
(79,	12,	11,	16,	2,	355.51000000,	965.00000000,	'C6512',	10,	NULL,	NULL,	'2023-03-22 03:14:42',	'2023-03-22 03:14:42'),
(80,	12,	11,	17,	5,	383.82000000,	965.00000000,	'C6514',	10,	NULL,	NULL,	'2023-03-22 03:14:42',	'2023-03-22 03:14:42'),
(81,	12,	11,	18,	3,	383.82000000,	965.00000000,	'C6515',	10,	NULL,	NULL,	'2023-03-22 03:14:42',	'2023-03-22 03:14:42'),
(82,	12,	11,	7,	4,	449.36000000,	1165.00000000,	'C6517',	10,	NULL,	NULL,	'2023-03-22 03:14:42',	'2023-03-22 03:14:42'),
(83,	12,	11,	9,	5,	449.36000000,	1165.00000000,	'C6518',	10,	NULL,	NULL,	'2023-03-22 03:14:42',	'2023-03-22 03:14:42'),
(84,	12,	11,	10,	5,	449.36000000,	1165.00000000,	'C6519',	10,	NULL,	NULL,	'2023-03-22 03:14:42',	'2023-03-22 03:14:42'),
(85,	13,	5,	11,	2,	966.45000000,	2385.00000000,	'C2295',	10,	NULL,	NULL,	'2023-03-22 03:14:42',	'2023-03-22 03:14:42'),
(86,	13,	10,	11,	2,	966.45000000,	2385.00000000,	'C2295',	10,	NULL,	NULL,	'2023-03-22 03:14:42',	'2023-03-22 03:14:42'),
(87,	13,	5,	16,	2,	966.45000000,	2385.00000000,	'C2296',	10,	NULL,	NULL,	'2023-03-22 03:14:43',	'2023-03-22 03:14:43'),
(88,	13,	10,	16,	2,	966.45000000,	2385.00000000,	'C2296',	10,	NULL,	NULL,	'2023-03-22 03:14:43',	'2023-03-22 03:14:43'),
(89,	13,	5,	17,	2,	1222.07000000,	2885.00000000,	'C2298',	10,	NULL,	NULL,	'2023-03-22 03:14:43',	'2023-03-22 03:14:43'),
(90,	13,	10,	17,	2,	1222.07000000,	2885.00000000,	'C2298',	10,	NULL,	NULL,	'2023-03-22 03:14:43',	'2023-03-22 03:14:43'),
(91,	13,	5,	18,	1,	1222.07000000,	2885.00000000,	'C2299',	10,	NULL,	NULL,	'2023-03-22 03:14:43',	'2023-03-22 03:14:43'),
(92,	13,	10,	18,	1,	1222.07000000,	2885.00000000,	'C2299',	10,	NULL,	NULL,	'2023-03-22 03:14:43',	'2023-03-22 03:14:43'),
(93,	13,	5,	7,	1,	1431.23000000,	3485.00000000,	'C2301',	10,	NULL,	NULL,	'2023-03-22 03:14:43',	'2023-03-22 03:14:43'),
(94,	13,	10,	7,	1,	1431.23000000,	3485.00000000,	'C2301',	10,	NULL,	NULL,	'2023-03-22 03:14:43',	'2023-03-22 03:14:43'),
(95,	13,	5,	9,	3,	1431.23000000,	3485.00000000,	'C2302',	10,	NULL,	NULL,	'2023-03-22 03:14:43',	'2023-03-22 03:14:43'),
(96,	13,	10,	9,	3,	1431.23000000,	3485.00000000,	'C2302',	10,	NULL,	NULL,	'2023-03-22 03:14:43',	'2023-03-22 03:14:43'),
(97,	14,	2,	11,	3,	947.39000000,	2885.00000000,	'C7354',	10,	NULL,	NULL,	'2023-03-22 03:14:43',	'2023-03-22 03:14:43'),
(98,	14,	2,	16,	1,	947.39000000,	2385.00000000,	'C7355',	10,	NULL,	NULL,	'2023-03-22 03:14:43',	'2023-03-22 03:14:43'),
(99,	14,	2,	17,	0,	1076.35000000,	2785.00000000,	'C7357',	10,	NULL,	NULL,	'2023-03-22 03:14:43',	'2023-03-22 03:14:43'),
(100,	14,	2,	18,	0,	1076.35000000,	2785.00000000,	'C7358',	10,	NULL,	NULL,	'2023-03-22 03:14:43',	'2023-03-22 03:14:43'),
(101,	14,	2,	7,	0,	1252.55000000,	2885.00000000,	'C7360',	10,	NULL,	NULL,	'2023-03-22 03:14:43',	'2023-03-22 03:14:43'),
(102,	14,	2,	9,	0,	1252.55000000,	2885.00000000,	'C7361',	10,	NULL,	NULL,	'2023-03-22 03:14:43',	'2023-03-22 03:14:43'),
(103,	15,	5,	8,	5,	768.20000000,	1875.00000000,	'D0090',	10,	NULL,	NULL,	'2023-03-22 03:14:43',	'2023-03-22 03:14:43'),
(104,	15,	5,	11,	6,	768.20000000,	1875.00000000,	'D0091',	10,	NULL,	NULL,	'2023-03-22 03:14:43',	'2023-03-22 03:14:43'),
(105,	15,	5,	12,	5,	768.20000000,	1875.00000000,	'D0092',	10,	NULL,	NULL,	'2023-03-22 03:14:43',	'2023-03-22 03:14:43'),
(106,	15,	5,	16,	5,	768.20000000,	1875.00000000,	'D0093',	10,	NULL,	NULL,	'2023-03-22 03:14:43',	'2023-03-22 03:14:43'),
(107,	16,	5,	8,	7,	838.28000000,	3485.00000000,	'C8720',	10,	NULL,	NULL,	'2023-03-22 03:14:43',	'2023-03-22 03:14:43'),
(108,	16,	14,	8,	7,	838.28000000,	3485.00000000,	'C8720',	10,	NULL,	NULL,	'2023-03-22 03:14:43',	'2023-03-22 03:14:43'),
(109,	16,	5,	11,	6,	838.28000000,	2385.00000000,	'C8721',	10,	NULL,	NULL,	'2023-03-22 03:14:43',	'2023-03-22 03:14:43'),
(110,	16,	14,	11,	6,	838.28000000,	2385.00000000,	'C8721',	10,	NULL,	NULL,	'2023-03-22 03:14:43',	'2023-03-22 03:14:43'),
(111,	16,	5,	16,	7,	838.28000000,	2385.00000000,	'C8722',	10,	NULL,	NULL,	'2023-03-22 03:14:43',	'2023-03-22 03:14:43'),
(112,	16,	14,	16,	7,	838.28000000,	2385.00000000,	'C8722',	10,	NULL,	NULL,	'2023-03-22 03:14:43',	'2023-03-22 03:14:43'),
(113,	16,	5,	17,	1,	838.28000000,	2385.00000000,	'C8724',	10,	NULL,	NULL,	'2023-03-22 03:14:43',	'2023-03-22 03:14:43'),
(114,	16,	14,	17,	1,	838.28000000,	2385.00000000,	'C8724',	10,	NULL,	NULL,	'2023-03-22 03:14:43',	'2023-03-22 03:14:43'),
(115,	16,	5,	18,	2,	838.28000000,	2385.00000000,	'C8725',	10,	NULL,	NULL,	'2023-03-22 03:14:43',	'2023-03-22 03:14:43'),
(116,	16,	14,	18,	2,	838.28000000,	2385.00000000,	'C8725',	10,	NULL,	NULL,	'2023-03-22 03:14:43',	'2023-03-22 03:14:43'),
(117,	16,	5,	7,	2,	1395.44000000,	3485.00000000,	'C8727',	10,	NULL,	NULL,	'2023-03-22 03:14:43',	'2023-03-22 03:14:43'),
(118,	16,	14,	7,	2,	1395.44000000,	3485.00000000,	'C8727',	10,	NULL,	NULL,	'2023-03-22 03:14:43',	'2023-03-22 03:14:43'),
(119,	16,	5,	9,	3,	1395.44000000,	3485.00000000,	'C8728',	10,	NULL,	NULL,	'2023-03-22 03:14:43',	'2023-03-22 03:14:43'),
(120,	16,	14,	9,	3,	1395.44000000,	3485.00000000,	'C8728',	10,	NULL,	NULL,	'2023-03-22 03:14:43',	'2023-03-22 03:14:43'),
(121,	17,	2,	8,	5,	751.05000000,	2785.00000000,	'D0095',	10,	NULL,	NULL,	'2023-03-22 03:14:43',	'2023-03-22 03:14:43'),
(122,	17,	12,	8,	5,	751.05000000,	2785.00000000,	'D0095',	10,	NULL,	NULL,	'2023-03-22 03:14:43',	'2023-03-22 03:14:43'),
(123,	17,	2,	11,	7,	751.05000000,	1685.00000000,	'D0096',	10,	NULL,	NULL,	'2023-03-22 03:14:43',	'2023-03-22 03:14:43'),
(124,	17,	12,	11,	7,	751.05000000,	1685.00000000,	'D0096',	10,	NULL,	NULL,	'2023-03-22 03:14:43',	'2023-03-22 03:14:43'),
(125,	17,	2,	12,	0,	751.05000000,	1685.00000000,	'D0097',	10,	NULL,	NULL,	'2023-03-22 03:14:43',	'2023-03-22 03:14:43'),
(126,	17,	12,	12,	0,	751.05000000,	1685.00000000,	'D0097',	10,	NULL,	NULL,	'2023-03-22 03:14:43',	'2023-03-22 03:14:43'),
(127,	17,	2,	16,	8,	751.05000000,	1685.00000000,	'D0098',	10,	NULL,	NULL,	'2023-03-22 03:14:43',	'2023-03-22 03:14:43'),
(128,	17,	12,	16,	8,	751.05000000,	1685.00000000,	'D0098',	10,	NULL,	NULL,	'2023-03-22 03:14:43',	'2023-03-22 03:14:43'),
(129,	17,	2,	17,	2,	927.42000000,	2385.00000000,	'D0100',	10,	NULL,	NULL,	'2023-03-22 03:14:43',	'2023-03-22 03:14:43'),
(130,	17,	12,	17,	2,	927.42000000,	2385.00000000,	'D0100',	10,	NULL,	NULL,	'2023-03-22 03:14:43',	'2023-03-22 03:14:43'),
(131,	17,	2,	18,	4,	927.42000000,	2385.00000000,	'D0101',	10,	NULL,	NULL,	'2023-03-22 03:14:43',	'2023-03-22 03:14:43'),
(132,	17,	12,	18,	4,	927.42000000,	2385.00000000,	'D0101',	10,	NULL,	NULL,	'2023-03-22 03:14:43',	'2023-03-22 03:14:43'),
(133,	17,	2,	7,	5,	1095.22000000,	2785.00000000,	'D0103',	10,	NULL,	NULL,	'2023-03-22 03:14:43',	'2023-03-22 03:14:43'),
(134,	17,	12,	7,	5,	1095.22000000,	2785.00000000,	'D0103',	10,	NULL,	NULL,	'2023-03-22 03:14:43',	'2023-03-22 03:14:43'),
(135,	17,	2,	9,	2,	1095.22000000,	2785.00000000,	'D0104',	10,	NULL,	NULL,	'2023-03-22 03:14:43',	'2023-03-22 03:14:43'),
(136,	17,	12,	9,	2,	1095.22000000,	2785.00000000,	'D0104',	10,	NULL,	NULL,	'2023-03-22 03:14:43',	'2023-03-22 03:14:43'),
(137,	18,	2,	6,	0,	714.79000000,	1685.00000000,	'C5626',	10,	NULL,	NULL,	'2023-03-22 03:14:43',	'2023-03-22 03:14:43'),
(138,	18,	2,	13,	3,	714.79000000,	1685.00000000,	'C5627',	10,	NULL,	NULL,	'2023-03-22 03:14:43',	'2023-03-22 03:14:43'),
(139,	18,	2,	14,	0,	714.79000000,	1685.00000000,	'C5628',	10,	NULL,	NULL,	'2023-03-22 03:14:43',	'2023-03-22 03:14:43'),
(140,	18,	2,	15,	0,	714.79000000,	1685.00000000,	'C5629',	10,	NULL,	NULL,	'2023-03-22 03:14:43',	'2023-03-22 03:14:43'),
(141,	19,	10,	6,	6,	493.42000000,	1375.00000000,	'C3854',	10,	NULL,	NULL,	'2023-03-22 03:14:43',	'2023-03-22 03:14:43'),
(142,	19,	10,	13,	5,	493.42000000,	1185.00000000,	'C3855',	10,	NULL,	NULL,	'2023-03-22 03:14:43',	'2023-03-22 03:14:43'),
(143,	19,	10,	14,	3,	493.42000000,	1185.00000000,	'C3856',	10,	NULL,	NULL,	'2023-03-22 03:14:43',	'2023-03-22 03:14:43'),
(144,	19,	10,	15,	3,	493.42000000,	1185.00000000,	'C3857',	10,	NULL,	NULL,	'2023-03-22 03:14:43',	'2023-03-22 03:14:43'),
(145,	19,	10,	11,	2,	570.27000000,	1375.00000000,	'C3859',	10,	NULL,	NULL,	'2023-03-22 03:14:43',	'2023-03-22 03:14:43'),
(146,	19,	10,	16,	0,	570.27000000,	1375.00000000,	'C3860',	10,	NULL,	NULL,	'2023-03-22 03:14:43',	'2023-03-22 03:14:43'),
(147,	20,	1,	6,	0,	846.26000000,	2375.00000000,	'C6625',	10,	NULL,	NULL,	'2023-03-22 03:14:43',	'2023-03-22 03:14:43'),
(148,	20,	20,	6,	0,	846.26000000,	2375.00000000,	'C6625',	10,	NULL,	NULL,	'2023-03-22 03:14:43',	'2023-03-22 03:14:43'),
(149,	20,	1,	13,	0,	846.26000000,	2375.00000000,	'C6626',	10,	NULL,	NULL,	'2023-03-22 03:14:43',	'2023-03-22 03:14:43'),
(150,	20,	20,	13,	0,	846.26000000,	2375.00000000,	'C6626',	10,	NULL,	NULL,	'2023-03-22 03:14:43',	'2023-03-22 03:14:43'),
(151,	20,	1,	6,	6,	701.63000000,	1875.00000000,	'C6583',	10,	NULL,	NULL,	'2023-03-22 03:14:43',	'2023-03-22 03:14:43'),
(152,	20,	20,	6,	6,	701.63000000,	1875.00000000,	'C6583',	10,	NULL,	NULL,	'2023-03-22 03:14:43',	'2023-03-22 03:14:43'),
(153,	20,	1,	13,	5,	701.63000000,	1875.00000000,	'C6584',	10,	NULL,	NULL,	'2023-03-22 03:14:43',	'2023-03-22 03:14:43'),
(154,	20,	20,	13,	5,	701.63000000,	1875.00000000,	'C6584',	10,	NULL,	NULL,	'2023-03-22 03:14:43',	'2023-03-22 03:14:43'),
(155,	20,	1,	11,	5,	846.26000000,	2375.00000000,	'C6586',	10,	NULL,	NULL,	'2023-03-22 03:14:43',	'2023-03-22 03:14:43'),
(156,	20,	20,	11,	5,	846.26000000,	2375.00000000,	'C6586',	10,	NULL,	NULL,	'2023-03-22 03:14:43',	'2023-03-22 03:14:43'),
(157,	20,	1,	12,	0,	846.26000000,	2375.00000000,	'C6587',	10,	NULL,	NULL,	'2023-03-22 03:14:43',	'2023-03-22 03:14:43'),
(158,	20,	20,	12,	0,	846.26000000,	2375.00000000,	'C6587',	10,	NULL,	NULL,	'2023-03-22 03:14:43',	'2023-03-22 03:14:43'),
(159,	20,	1,	14,	3,	940.18000000,	2375.00000000,	'C6589',	10,	NULL,	NULL,	'2023-03-22 03:14:43',	'2023-03-22 03:14:43'),
(160,	20,	20,	14,	3,	940.18000000,	2375.00000000,	'C6589',	10,	NULL,	NULL,	'2023-03-22 03:14:43',	'2023-03-22 03:14:43'),
(161,	20,	1,	15,	3,	940.18000000,	2375.00000000,	'C6590',	10,	NULL,	NULL,	'2023-03-22 03:14:43',	'2023-03-22 03:14:43'),
(162,	20,	20,	15,	3,	940.18000000,	2375.00000000,	'C6590',	10,	NULL,	NULL,	'2023-03-22 03:14:43',	'2023-03-22 03:14:43'),
(163,	20,	1,	16,	4,	846.26000000,	2375.00000000,	'C6628',	10,	NULL,	NULL,	'2023-03-22 03:14:43',	'2023-03-22 03:14:43'),
(164,	20,	20,	16,	4,	846.26000000,	2375.00000000,	'C6628',	10,	NULL,	NULL,	'2023-03-22 03:14:43',	'2023-03-22 03:14:43'),
(165,	21,	2,	6,	4,	670.28000000,	1675.00000000,	'C4513',	10,	NULL,	NULL,	'2023-03-22 03:14:43',	'2023-03-22 03:14:43'),
(166,	21,	20,	6,	4,	670.28000000,	1675.00000000,	'C4513',	10,	NULL,	NULL,	'2023-03-22 03:14:43',	'2023-03-22 03:14:43'),
(167,	21,	2,	13,	1,	670.28000000,	1675.00000000,	'C4514',	10,	NULL,	NULL,	'2023-03-22 03:14:43',	'2023-03-22 03:14:43'),
(168,	21,	20,	13,	1,	670.28000000,	1675.00000000,	'C4514',	10,	NULL,	NULL,	'2023-03-22 03:14:43',	'2023-03-22 03:14:43'),
(169,	21,	2,	14,	1,	670.28000000,	1675.00000000,	'C4515',	10,	NULL,	NULL,	'2023-03-22 03:14:43',	'2023-03-22 03:14:43'),
(170,	21,	20,	14,	1,	670.28000000,	1675.00000000,	'C4515',	10,	NULL,	NULL,	'2023-03-22 03:14:43',	'2023-03-22 03:14:43'),
(171,	21,	2,	15,	1,	670.28000000,	1675.00000000,	'C4516',	10,	NULL,	NULL,	'2023-03-22 03:14:43',	'2023-03-22 03:14:43'),
(172,	21,	20,	15,	1,	670.28000000,	1675.00000000,	'C4516',	10,	NULL,	NULL,	'2023-03-22 03:14:43',	'2023-03-22 03:14:43'),
(173,	22,	18,	6,	3,	640.94000000,	1675.00000000,	'C4353',	10,	NULL,	NULL,	'2023-03-22 03:14:43',	'2023-03-22 03:14:43'),
(174,	22,	18,	13,	1,	640.94000000,	1675.00000000,	'C4354',	10,	NULL,	NULL,	'2023-03-22 03:14:43',	'2023-03-22 03:14:43'),
(175,	22,	18,	14,	2,	640.94000000,	1675.00000000,	'C4355',	10,	NULL,	NULL,	'2023-03-22 03:14:43',	'2023-03-22 03:14:43'),
(176,	23,	10,	11,	8,	609.09000000,	1875.00000000,	'C4469',	10,	NULL,	NULL,	'2023-03-22 03:14:43',	'2023-03-22 03:14:43'),
(177,	23,	10,	16,	3,	609.09000000,	1675.00000000,	'C4470',	10,	NULL,	NULL,	'2023-03-22 03:14:43',	'2023-03-22 03:14:43'),
(178,	23,	10,	17,	6,	670.09000000,	1875.00000000,	'C4472',	10,	NULL,	NULL,	'2023-03-22 03:14:43',	'2023-03-22 03:14:43'),
(179,	23,	10,	18,	6,	670.09000000,	1875.00000000,	'C4473',	10,	NULL,	NULL,	'2023-03-22 03:14:43',	'2023-03-22 03:14:43'),
(180,	24,	10,	11,	5,	806.01000000,	2275.00000000,	'C4475',	10,	NULL,	NULL,	'2023-03-22 03:14:43',	'2023-03-22 03:14:43'),
(181,	24,	10,	16,	9,	806.01000000,	2075.00000000,	'C4476',	10,	NULL,	NULL,	'2023-03-22 03:14:43',	'2023-03-22 03:14:43'),
(182,	24,	10,	17,	1,	950.57000000,	2275.00000000,	'C4478',	10,	NULL,	NULL,	'2023-03-22 03:14:43',	'2023-03-22 03:14:43'),
(183,	24,	10,	18,	3,	950.57000000,	2275.00000000,	'C4479',	10,	NULL,	NULL,	'2023-03-22 03:14:43',	'2023-03-22 03:14:43'),
(184,	25,	2,	8,	3,	716.39000000,	2075.00000000,	'C5676',	10,	NULL,	NULL,	'2023-03-22 03:14:43',	'2023-03-22 03:14:43'),
(185,	25,	2,	11,	1,	716.39000000,	1875.00000000,	'C5677',	10,	NULL,	NULL,	'2023-03-22 03:14:43',	'2023-03-22 03:14:43'),
(186,	25,	2,	16,	1,	716.39000000,	1875.00000000,	'C5678',	10,	NULL,	NULL,	'2023-03-22 03:14:43',	'2023-03-22 03:14:43'),
(187,	25,	2,	17,	5,	850.77000000,	2075.00000000,	'C5680',	10,	NULL,	NULL,	'2023-03-22 03:14:43',	'2023-03-22 03:14:43'),
(188,	25,	2,	18,	4,	850.77000000,	2075.00000000,	'C5681',	10,	NULL,	NULL,	'2023-03-22 03:14:43',	'2023-03-22 03:14:43'),
(189,	26,	13,	11,	7,	1093.27000000,	3375.00000000,	'C7484',	10,	NULL,	NULL,	'2023-03-22 03:14:43',	'2023-03-22 03:14:43'),
(190,	26,	13,	12,	4,	1093.27000000,	2975.00000000,	'C7485',	10,	NULL,	NULL,	'2023-03-22 03:14:43',	'2023-03-22 03:14:43'),
(191,	26,	13,	16,	5,	1093.27000000,	2975.00000000,	'C7486',	10,	NULL,	NULL,	'2023-03-22 03:14:43',	'2023-03-22 03:14:43'),
(192,	26,	13,	17,	8,	1251.30000000,	3375.00000000,	'C7488',	10,	NULL,	NULL,	'2023-03-22 03:14:43',	'2023-03-22 03:14:43'),
(193,	26,	13,	18,	8,	1251.30000000,	3375.00000000,	'C7489',	10,	NULL,	NULL,	'2023-03-22 03:14:43',	'2023-03-22 03:14:43'),
(194,	27,	2,	11,	1,	536.12000000,	1375.00000000,	'C6764',	10,	NULL,	NULL,	'2023-03-22 03:14:43',	'2023-03-22 03:14:43'),
(195,	27,	2,	16,	0,	536.12000000,	1375.00000000,	'C6765',	10,	NULL,	NULL,	'2023-03-22 03:14:43',	'2023-03-22 03:14:43'),
(196,	28,	5,	11,	3,	514.66000000,	1375.00000000,	'C5623',	10,	NULL,	NULL,	'2023-03-22 03:14:43',	'2023-03-22 03:14:43'),
(197,	28,	5,	16,	5,	514.66000000,	1375.00000000,	'C5624',	10,	NULL,	NULL,	'2023-03-22 03:14:43',	'2023-03-22 03:14:43'),
(198,	29,	2,	16,	2,	994.81000000,	2275.00000000,	'C6767',	10,	NULL,	NULL,	'2023-03-22 03:14:43',	'2023-03-22 03:14:43'),
(199,	29,	2,	17,	3,	994.81000000,	2275.00000000,	'C6769',	10,	NULL,	NULL,	'2023-03-22 03:14:43',	'2023-03-22 03:14:43'),
(200,	29,	2,	18,	1,	994.81000000,	2275.00000000,	'C6770',	10,	NULL,	NULL,	'2023-03-22 03:14:43',	'2023-03-22 03:14:43'),
(201,	30,	1,	8,	4,	1846.42000000,	5175.00000000,	'C7538',	10,	NULL,	NULL,	'2023-03-22 03:14:43',	'2023-03-22 03:14:43'),
(202,	30,	1,	11,	5,	1846.42000000,	4575.00000000,	'C7539',	10,	NULL,	NULL,	'2023-03-22 03:14:43',	'2023-03-22 03:14:43'),
(203,	30,	1,	12,	10,	1846.42000000,	4575.00000000,	'C7540',	10,	NULL,	NULL,	'2023-03-22 03:14:43',	'2023-03-22 03:14:43'),
(204,	30,	1,	16,	3,	2097.50000000,	5175.00000000,	'C7542',	10,	NULL,	NULL,	'2023-03-22 03:14:44',	'2023-03-22 03:14:44'),
(205,	30,	1,	17,	5,	2097.50000000,	5175.00000000,	'C7543',	10,	NULL,	NULL,	'2023-03-22 03:14:44',	'2023-03-22 03:14:44'),
(206,	30,	1,	18,	2,	2097.50000000,	5175.00000000,	'C7544',	10,	NULL,	NULL,	'2023-03-22 03:14:44',	'2023-03-22 03:14:44'),
(207,	31,	9,	11,	3,	594.68000000,	2295.00000000,	'B6921',	10,	NULL,	NULL,	'2023-03-22 03:14:44',	'2023-03-22 03:14:44'),
(208,	31,	9,	16,	3,	594.68000000,	1495.00000000,	'B6922',	10,	NULL,	NULL,	'2023-03-22 03:14:44',	'2023-03-22 03:14:44'),
(209,	31,	9,	17,	2,	736.12000000,	1795.00000000,	'B6924',	10,	NULL,	NULL,	'2023-03-22 03:14:44',	'2023-03-22 03:14:44'),
(210,	31,	9,	18,	6,	736.12000000,	1795.00000000,	'B6925',	10,	NULL,	NULL,	'2023-03-22 03:14:44',	'2023-03-22 03:14:44'),
(211,	31,	9,	7,	6,	950.79000000,	2295.00000000,	'B6927',	10,	NULL,	NULL,	'2023-03-22 03:14:44',	'2023-03-22 03:14:44'),
(212,	31,	9,	9,	4,	950.79000000,	2295.00000000,	'B6928',	10,	NULL,	NULL,	'2023-03-22 03:14:44',	'2023-03-22 03:14:44'),
(213,	32,	12,	6,	8,	224.55000000,	865.00000000,	'C9846',	10,	NULL,	NULL,	'2023-03-22 03:14:44',	'2023-03-22 03:14:44'),
(214,	32,	12,	13,	5,	224.55000000,	865.00000000,	'C9847',	10,	NULL,	NULL,	'2023-03-22 03:14:44',	'2023-03-22 03:14:44'),
(215,	32,	12,	14,	7,	224.55000000,	865.00000000,	'C9848',	10,	NULL,	NULL,	'2023-03-22 03:14:44',	'2023-03-22 03:14:44'),
(216,	32,	12,	15,	6,	224.55000000,	865.00000000,	'C9849',	10,	NULL,	NULL,	'2023-03-22 03:14:44',	'2023-03-22 03:14:44'),
(217,	33,	2,	6,	7,	258.98000000,	985.00000000,	'C8771',	10,	NULL,	NULL,	'2023-03-22 03:14:44',	'2023-03-22 03:14:44'),
(218,	33,	2,	13,	7,	258.98000000,	985.00000000,	'C8772',	10,	NULL,	NULL,	'2023-03-22 03:14:44',	'2023-03-22 03:14:44'),
(219,	34,	10,	6,	11,	198.08000000,	865.00000000,	'C9851',	10,	NULL,	NULL,	'2023-03-22 03:14:44',	'2023-03-22 03:14:44'),
(220,	34,	10,	13,	9,	198.08000000,	865.00000000,	'C9852',	10,	NULL,	NULL,	'2023-03-22 03:14:44',	'2023-03-22 03:14:44'),
(221,	35,	0,	13,	0,	242.20000000,	865.00000000,	'C9855',	10,	NULL,	NULL,	'2023-03-22 03:14:44',	'2023-03-22 03:14:44'),
(222,	35,	2,	6,	11,	242.20000000,	865.00000000,	'C9857',	10,	NULL,	NULL,	'2023-03-22 03:14:44',	'2023-03-22 03:14:44'),
(223,	35,	2,	6,	1,	198.08000000,	865.00000000,	'D1736',	10,	NULL,	NULL,	'2023-03-22 03:14:44',	'2023-03-22 03:14:44'),
(224,	35,	0,	6,	0,	242.20000000,	865.00000000,	'C9854',	10,	NULL,	NULL,	'2023-03-22 03:14:44',	'2023-03-22 03:14:44'),
(225,	35,	2,	13,	4,	242.20000000,	865.00000000,	'C9858',	10,	NULL,	NULL,	'2023-03-22 03:14:44',	'2023-03-22 03:14:44'),
(226,	36,	14,	19,	3,	1138.39000000,	3675.00000000,	'B1949',	10,	NULL,	NULL,	'2023-03-22 03:14:44',	'2023-03-22 03:14:44'),
(227,	36,	20,	19,	3,	1138.39000000,	3675.00000000,	'B1949',	10,	NULL,	NULL,	'2023-03-22 03:14:44',	'2023-03-22 03:14:44'),
(228,	36,	14,	20,	0,	1138.39000000,	3675.00000000,	'B1950',	10,	NULL,	NULL,	'2023-03-22 03:14:44',	'2023-03-22 03:14:44'),
(229,	36,	20,	20,	0,	1138.39000000,	3675.00000000,	'B1950',	10,	NULL,	NULL,	'2023-03-22 03:14:44',	'2023-03-22 03:14:44'),
(230,	36,	14,	21,	0,	0.00000000,	3675.00000000,	'B1951',	10,	NULL,	NULL,	'2023-03-22 03:14:44',	'2023-03-22 03:14:44'),
(231,	36,	20,	21,	0,	0.00000000,	3675.00000000,	'B1951',	10,	NULL,	NULL,	'2023-03-22 03:14:44',	'2023-03-22 03:14:44'),
(232,	36,	14,	22,	0,	1138.39000000,	3675.00000000,	'B1952',	10,	NULL,	NULL,	'2023-03-22 03:14:44',	'2023-03-22 03:14:44'),
(233,	36,	20,	22,	0,	1138.39000000,	3675.00000000,	'B1952',	10,	NULL,	NULL,	'2023-03-22 03:14:44',	'2023-03-22 03:14:44'),
(234,	36,	14,	23,	0,	1138.39000000,	3675.00000000,	'B1953',	10,	NULL,	NULL,	'2023-03-22 03:14:44',	'2023-03-22 03:14:44'),
(235,	36,	20,	23,	0,	1138.39000000,	3675.00000000,	'B1953',	10,	NULL,	NULL,	'2023-03-22 03:14:44',	'2023-03-22 03:14:44'),
(236,	37,	1,	19,	3,	1525.36000000,	3930.00000000,	'D0034',	10,	NULL,	NULL,	'2023-03-22 03:14:44',	'2023-03-22 03:14:44'),
(237,	37,	1,	20,	2,	1525.36000000,	3930.00000000,	'D0035',	10,	NULL,	NULL,	'2023-03-22 03:14:44',	'2023-03-22 03:14:44'),
(238,	37,	1,	21,	4,	1525.36000000,	3930.00000000,	'D0036',	10,	NULL,	NULL,	'2023-03-22 03:14:44',	'2023-03-22 03:14:44'),
(239,	37,	1,	22,	1,	1525.36000000,	3930.00000000,	'D0037',	10,	NULL,	NULL,	'2023-03-22 03:14:44',	'2023-03-22 03:14:44'),
(240,	37,	1,	23,	1,	1525.36000000,	3930.00000000,	'D0038',	10,	NULL,	NULL,	'2023-03-22 03:14:44',	'2023-03-22 03:14:44'),
(241,	38,	10,	19,	2,	1068.42000000,	3675.00000000,	'B8670',	10,	NULL,	NULL,	'2023-03-22 03:14:44',	'2023-03-22 03:14:44'),
(242,	38,	10,	20,	3,	1068.42000000,	3675.00000000,	'B8671',	10,	NULL,	NULL,	'2023-03-22 03:14:44',	'2023-03-22 03:14:44'),
(243,	38,	10,	21,	0,	1068.42000000,	3675.00000000,	'B8672',	10,	NULL,	NULL,	'2023-03-22 03:14:44',	'2023-03-22 03:14:44'),
(244,	38,	10,	22,	1,	1068.42000000,	3675.00000000,	'B8673',	10,	NULL,	NULL,	'2023-03-22 03:14:44',	'2023-03-22 03:14:44'),
(245,	38,	10,	23,	0,	1068.42000000,	3675.00000000,	'B8674',	10,	NULL,	NULL,	'2023-03-22 03:14:44',	'2023-03-22 03:14:44'),
(246,	39,	11,	19,	0,	625.89000000,	2230.00000000,	'C3208',	10,	NULL,	NULL,	'2023-03-22 03:14:44',	'2023-03-22 03:14:44'),
(247,	39,	13,	19,	0,	625.89000000,	2230.00000000,	'C3208',	10,	NULL,	NULL,	'2023-03-22 03:14:44',	'2023-03-22 03:14:44'),
(248,	39,	11,	20,	0,	625.89000000,	1975.00000000,	'C3209',	10,	NULL,	NULL,	'2023-03-22 03:14:44',	'2023-03-22 03:14:44'),
(249,	39,	13,	20,	0,	625.89000000,	1975.00000000,	'C3209',	10,	NULL,	NULL,	'2023-03-22 03:14:44',	'2023-03-22 03:14:44'),
(250,	39,	11,	21,	0,	625.89000000,	1975.00000000,	'C3210',	10,	NULL,	NULL,	'2023-03-22 03:14:44',	'2023-03-22 03:14:44'),
(251,	39,	13,	21,	0,	625.89000000,	1975.00000000,	'C3210',	10,	NULL,	NULL,	'2023-03-22 03:14:44',	'2023-03-22 03:14:44'),
(252,	39,	11,	22,	0,	625.89000000,	1975.00000000,	'C3211',	10,	NULL,	NULL,	'2023-03-22 03:14:44',	'2023-03-22 03:14:44'),
(253,	39,	13,	22,	0,	625.89000000,	1975.00000000,	'C3211',	10,	NULL,	NULL,	'2023-03-22 03:14:44',	'2023-03-22 03:14:44'),
(254,	39,	11,	23,	0,	625.89000000,	1975.00000000,	'C3212',	10,	NULL,	NULL,	'2023-03-22 03:14:44',	'2023-03-22 03:14:44'),
(255,	39,	13,	23,	0,	625.89000000,	1975.00000000,	'C3212',	10,	NULL,	NULL,	'2023-03-22 03:14:44',	'2023-03-22 03:14:44'),
(256,	39,	1,	19,	4,	625.89000000,	2230.00000000,	'C9996',	10,	NULL,	NULL,	'2023-03-22 03:14:44',	'2023-03-22 03:14:44'),
(257,	39,	13,	19,	4,	625.89000000,	2230.00000000,	'C9996',	10,	NULL,	NULL,	'2023-03-22 03:14:44',	'2023-03-22 03:14:44'),
(258,	39,	1,	20,	0,	625.89000000,	2230.00000000,	'C9997',	10,	NULL,	NULL,	'2023-03-22 03:14:44',	'2023-03-22 03:14:44'),
(259,	39,	13,	20,	0,	625.89000000,	2230.00000000,	'C9997',	10,	NULL,	NULL,	'2023-03-22 03:14:44',	'2023-03-22 03:14:44'),
(260,	39,	1,	21,	1,	625.89000000,	2230.00000000,	'C9998',	10,	NULL,	NULL,	'2023-03-22 03:14:44',	'2023-03-22 03:14:44'),
(261,	39,	13,	21,	1,	625.89000000,	2230.00000000,	'C9998',	10,	NULL,	NULL,	'2023-03-22 03:14:44',	'2023-03-22 03:14:44'),
(262,	40,	2,	22,	0,	1466.12000000,	4675.00000000,	'B7763',	10,	NULL,	NULL,	'2023-03-22 03:14:44',	'2023-03-22 03:14:44'),
(263,	40,	2,	19,	0,	1190.90000000,	2475.00000000,	'B7765',	10,	NULL,	NULL,	'2023-03-22 03:14:44',	'2023-03-22 03:14:44'),
(264,	40,	2,	20,	0,	1190.90000000,	2475.00000000,	'B7766',	10,	NULL,	NULL,	'2023-03-22 03:14:44',	'2023-03-22 03:14:44'),
(265,	40,	2,	21,	0,	1190.90000000,	2475.00000000,	'B7767',	10,	NULL,	NULL,	'2023-03-22 03:14:44',	'2023-03-22 03:14:44'),
(266,	40,	2,	22,	0,	1190.90000000,	2475.00000000,	'B7768',	10,	NULL,	NULL,	'2023-03-22 03:14:44',	'2023-03-22 03:14:44'),
(267,	40,	10,	19,	4,	793.40000000,	2475.00000000,	'B7752',	10,	NULL,	NULL,	'2023-03-22 03:14:44',	'2023-03-22 03:14:44'),
(268,	40,	10,	20,	0,	793.40000000,	2475.00000000,	'B7753',	10,	NULL,	NULL,	'2023-03-22 03:14:44',	'2023-03-22 03:14:44'),
(269,	40,	10,	21,	0,	793.40000000,	2475.00000000,	'B7754',	10,	NULL,	NULL,	'2023-03-22 03:14:44',	'2023-03-22 03:14:44'),
(270,	40,	10,	22,	0,	793.40000000,	2475.00000000,	'B7755',	10,	NULL,	NULL,	'2023-03-22 03:14:44',	'2023-03-22 03:14:44'),
(271,	40,	10,	23,	0,	793.40000000,	2475.00000000,	'B7756',	10,	NULL,	NULL,	'2023-03-22 03:14:44',	'2023-03-22 03:14:44'),
(272,	41,	1,	19,	3,	1116.73000000,	3675.00000000,	'B9677',	10,	NULL,	NULL,	'2023-03-22 03:14:44',	'2023-03-22 03:14:44'),
(273,	41,	1,	20,	1,	1116.73000000,	3675.00000000,	'B9678',	10,	NULL,	NULL,	'2023-03-22 03:14:44',	'2023-03-22 03:14:44'),
(274,	41,	1,	21,	0,	1116.73000000,	3675.00000000,	'B9679',	10,	NULL,	NULL,	'2023-03-22 03:14:44',	'2023-03-22 03:14:44'),
(275,	41,	1,	22,	1,	1116.73000000,	3675.00000000,	'B9680',	10,	NULL,	NULL,	'2023-03-22 03:14:44',	'2023-03-22 03:14:44'),
(276,	41,	1,	23,	0,	1116.73000000,	3675.00000000,	'B9681',	10,	NULL,	NULL,	'2023-03-22 03:14:44',	'2023-03-22 03:14:44'),
(277,	42,	1,	19,	3,	1712.91000000,	4275.00000000,	'C3610',	10,	NULL,	NULL,	'2023-03-22 03:14:44',	'2023-03-22 03:14:44'),
(278,	42,	12,	19,	3,	1712.91000000,	4275.00000000,	'C3610',	10,	NULL,	NULL,	'2023-03-22 03:14:44',	'2023-03-22 03:14:44'),
(279,	42,	1,	20,	0,	1712.91000000,	4275.00000000,	'C3611',	10,	NULL,	NULL,	'2023-03-22 03:14:44',	'2023-03-22 03:14:44'),
(280,	42,	12,	20,	0,	1712.91000000,	4275.00000000,	'C3611',	10,	NULL,	NULL,	'2023-03-22 03:14:44',	'2023-03-22 03:14:44'),
(281,	42,	1,	21,	0,	1712.91000000,	4275.00000000,	'C3612',	10,	NULL,	NULL,	'2023-03-22 03:14:44',	'2023-03-22 03:14:44'),
(282,	42,	12,	21,	0,	1712.91000000,	4275.00000000,	'C3612',	10,	NULL,	NULL,	'2023-03-22 03:14:44',	'2023-03-22 03:14:44'),
(283,	42,	1,	22,	0,	1712.91000000,	4275.00000000,	'C3613',	10,	NULL,	NULL,	'2023-03-22 03:14:44',	'2023-03-22 03:14:44'),
(284,	42,	12,	22,	0,	1712.91000000,	4275.00000000,	'C3613',	10,	NULL,	NULL,	'2023-03-22 03:14:44',	'2023-03-22 03:14:44'),
(285,	42,	1,	23,	0,	1712.91000000,	4275.00000000,	'C3614',	10,	NULL,	NULL,	'2023-03-22 03:14:44',	'2023-03-22 03:14:44'),
(286,	42,	12,	23,	0,	1712.91000000,	4275.00000000,	'C3614',	10,	NULL,	NULL,	'2023-03-22 03:14:44',	'2023-03-22 03:14:44'),
(287,	43,	9,	19,	4,	2349.00000000,	5975.00000000,	'C9341',	10,	NULL,	NULL,	'2023-03-22 03:14:44',	'2023-03-22 03:14:44'),
(288,	43,	10,	19,	4,	2349.00000000,	5975.00000000,	'C9341',	10,	NULL,	NULL,	'2023-03-22 03:14:44',	'2023-03-22 03:14:44'),
(289,	43,	9,	20,	2,	2349.00000000,	5975.00000000,	'C9342',	10,	NULL,	NULL,	'2023-03-22 03:14:44',	'2023-03-22 03:14:44'),
(290,	43,	10,	20,	2,	2349.00000000,	5975.00000000,	'C9342',	10,	NULL,	NULL,	'2023-03-22 03:14:44',	'2023-03-22 03:14:44'),
(291,	43,	9,	21,	0,	2349.00000000,	5975.00000000,	'C9343',	10,	NULL,	NULL,	'2023-03-22 03:14:44',	'2023-03-22 03:14:44'),
(292,	43,	10,	21,	0,	2349.00000000,	5975.00000000,	'C9343',	10,	NULL,	NULL,	'2023-03-22 03:14:44',	'2023-03-22 03:14:44'),
(293,	43,	9,	22,	0,	2349.00000000,	5975.00000000,	'C9344',	10,	NULL,	NULL,	'2023-03-22 03:14:44',	'2023-03-22 03:14:44'),
(294,	43,	10,	22,	0,	2349.00000000,	5975.00000000,	'C9344',	10,	NULL,	NULL,	'2023-03-22 03:14:44',	'2023-03-22 03:14:44'),
(295,	43,	9,	23,	0,	2349.00000000,	5975.00000000,	'C9345',	10,	NULL,	NULL,	'2023-03-22 03:14:44',	'2023-03-22 03:14:44'),
(296,	43,	10,	23,	0,	2349.00000000,	5975.00000000,	'C9345',	10,	NULL,	NULL,	'2023-03-22 03:14:44',	'2023-03-22 03:14:44'),
(297,	44,	2,	19,	4,	2504.80000000,	7000.00000000,	'C3346',	10,	NULL,	NULL,	'2023-03-22 03:14:44',	'2023-03-22 03:14:44'),
(298,	44,	12,	19,	4,	2504.80000000,	7000.00000000,	'C3346',	10,	NULL,	NULL,	'2023-03-22 03:14:44',	'2023-03-22 03:14:44'),
(299,	44,	2,	20,	0,	2504.80000000,	7000.00000000,	'C3347',	10,	NULL,	NULL,	'2023-03-22 03:14:44',	'2023-03-22 03:14:44'),
(300,	44,	12,	20,	0,	2504.80000000,	7000.00000000,	'C3347',	10,	NULL,	NULL,	'2023-03-22 03:14:44',	'2023-03-22 03:14:44'),
(301,	44,	2,	21,	0,	2504.80000000,	7000.00000000,	'C3348',	10,	NULL,	NULL,	'2023-03-22 03:14:44',	'2023-03-22 03:14:44'),
(302,	44,	12,	21,	0,	2504.80000000,	7000.00000000,	'C3348',	10,	NULL,	NULL,	'2023-03-22 03:14:44',	'2023-03-22 03:14:44'),
(303,	44,	2,	22,	0,	2504.80000000,	7000.00000000,	'C3349',	10,	NULL,	NULL,	'2023-03-22 03:14:44',	'2023-03-22 03:14:44'),
(304,	44,	12,	22,	0,	2504.80000000,	7000.00000000,	'C3349',	10,	NULL,	NULL,	'2023-03-22 03:14:44',	'2023-03-22 03:14:44'),
(305,	44,	2,	23,	0,	2504.80000000,	7000.00000000,	'C3350',	10,	NULL,	NULL,	'2023-03-22 03:14:44',	'2023-03-22 03:14:44'),
(306,	44,	12,	23,	0,	2504.80000000,	7000.00000000,	'C3350',	10,	NULL,	NULL,	'2023-03-22 03:14:44',	'2023-03-22 03:14:44'),
(307,	45,	1,	19,	0,	1390.29000000,	3675.00000000,	'C6734',	10,	NULL,	NULL,	'2023-03-22 03:14:44',	'2023-03-22 03:14:44'),
(308,	45,	1,	20,	0,	1390.29000000,	3675.00000000,	'C6735',	10,	NULL,	NULL,	'2023-03-22 03:14:44',	'2023-03-22 03:14:44'),
(309,	45,	1,	21,	0,	1390.29000000,	3675.00000000,	'C6736',	10,	NULL,	NULL,	'2023-03-22 03:14:44',	'2023-03-22 03:14:44'),
(310,	45,	1,	22,	0,	1390.29000000,	3675.00000000,	'C6737',	10,	NULL,	NULL,	'2023-03-22 03:14:44',	'2023-03-22 03:14:44'),
(311,	45,	1,	23,	0,	1390.29000000,	3675.00000000,	'C6738',	10,	NULL,	NULL,	'2023-03-22 03:14:44',	'2023-03-22 03:14:44'),
(312,	46,	10,	19,	3,	753.05000000,	2475.00000000,	'C6979',	10,	NULL,	NULL,	'2023-03-22 03:14:44',	'2023-03-22 03:14:44'),
(313,	46,	20,	19,	3,	753.05000000,	2475.00000000,	'C6979',	10,	NULL,	NULL,	'2023-03-22 03:14:44',	'2023-03-22 03:14:44'),
(314,	46,	10,	20,	0,	753.05000000,	2475.00000000,	'C6980',	10,	NULL,	NULL,	'2023-03-22 03:14:44',	'2023-03-22 03:14:44'),
(315,	46,	20,	20,	0,	753.05000000,	2475.00000000,	'C6980',	10,	NULL,	NULL,	'2023-03-22 03:14:44',	'2023-03-22 03:14:44'),
(316,	46,	10,	21,	0,	753.05000000,	2475.00000000,	'C6981',	10,	NULL,	NULL,	'2023-03-22 03:14:44',	'2023-03-22 03:14:44'),
(317,	46,	20,	21,	0,	753.05000000,	2475.00000000,	'C6981',	10,	NULL,	NULL,	'2023-03-22 03:14:44',	'2023-03-22 03:14:44'),
(318,	46,	10,	22,	0,	753.05000000,	2475.00000000,	'C6982',	10,	NULL,	NULL,	'2023-03-22 03:14:44',	'2023-03-22 03:14:44'),
(319,	46,	20,	22,	0,	753.05000000,	2475.00000000,	'C6982',	10,	NULL,	NULL,	'2023-03-22 03:14:44',	'2023-03-22 03:14:44'),
(320,	46,	10,	23,	0,	753.05000000,	2475.00000000,	'C6983',	10,	NULL,	NULL,	'2023-03-22 03:14:44',	'2023-03-22 03:14:44'),
(321,	46,	20,	23,	0,	753.05000000,	2475.00000000,	'C6983',	10,	NULL,	NULL,	'2023-03-22 03:14:44',	'2023-03-22 03:14:44'),
(322,	47,	13,	19,	4,	1588.32000000,	4675.00000000,	'C6662',	10,	NULL,	NULL,	'2023-03-22 03:14:44',	'2023-03-22 03:14:44'),
(323,	47,	13,	20,	1,	1588.32000000,	4675.00000000,	'C6663',	10,	NULL,	NULL,	'2023-03-22 03:14:44',	'2023-03-22 03:14:44'),
(324,	47,	13,	21,	0,	1588.32000000,	4675.00000000,	'C6664',	10,	NULL,	NULL,	'2023-03-22 03:14:44',	'2023-03-22 03:14:44'),
(325,	47,	13,	22,	0,	1588.32000000,	4675.00000000,	'C6665',	10,	NULL,	NULL,	'2023-03-22 03:14:44',	'2023-03-22 03:14:44'),
(326,	47,	13,	23,	0,	1588.32000000,	4675.00000000,	'C6666',	10,	NULL,	NULL,	'2023-03-22 03:14:44',	'2023-03-22 03:14:44'),
(327,	48,	9,	19,	5,	2396.54000000,	5975.00000000,	'C6668',	10,	NULL,	NULL,	'2023-03-22 03:14:44',	'2023-03-22 03:14:44'),
(328,	48,	20,	19,	5,	2396.54000000,	5975.00000000,	'C6668',	10,	NULL,	NULL,	'2023-03-22 03:14:44',	'2023-03-22 03:14:44'),
(329,	48,	9,	20,	2,	2396.54000000,	5975.00000000,	'C6669',	10,	NULL,	NULL,	'2023-03-22 03:14:44',	'2023-03-22 03:14:44'),
(330,	48,	20,	20,	2,	2396.54000000,	5975.00000000,	'C6669',	10,	NULL,	NULL,	'2023-03-22 03:14:44',	'2023-03-22 03:14:44'),
(331,	48,	9,	21,	1,	2396.54000000,	5975.00000000,	'C6670',	10,	NULL,	NULL,	'2023-03-22 03:14:44',	'2023-03-22 03:14:44'),
(332,	48,	20,	21,	1,	2396.54000000,	5975.00000000,	'C6670',	10,	NULL,	NULL,	'2023-03-22 03:14:44',	'2023-03-22 03:14:44'),
(333,	48,	9,	22,	1,	2396.54000000,	5975.00000000,	'C6671',	10,	NULL,	NULL,	'2023-03-22 03:14:44',	'2023-03-22 03:14:44'),
(334,	48,	20,	22,	1,	2396.54000000,	5975.00000000,	'C6671',	10,	NULL,	NULL,	'2023-03-22 03:14:44',	'2023-03-22 03:14:44'),
(335,	48,	9,	23,	0,	2396.54000000,	5975.00000000,	'C6672',	10,	NULL,	NULL,	'2023-03-22 03:14:44',	'2023-03-22 03:14:44'),
(336,	48,	20,	23,	0,	2396.54000000,	5975.00000000,	'C6672',	10,	NULL,	NULL,	'2023-03-22 03:14:44',	'2023-03-22 03:14:44'),
(337,	49,	10,	19,	0,	1304.53000000,	3970.00000000,	'C4855',	10,	NULL,	NULL,	'2023-03-22 03:14:44',	'2023-03-22 03:14:44'),
(338,	49,	10,	20,	0,	1304.53000000,	3675.00000000,	'C4856',	10,	NULL,	NULL,	'2023-03-22 03:14:44',	'2023-03-22 03:14:44'),
(339,	49,	10,	21,	0,	1304.53000000,	3675.00000000,	'C4857',	10,	NULL,	NULL,	'2023-03-22 03:14:44',	'2023-03-22 03:14:44'),
(340,	49,	10,	22,	0,	1304.53000000,	3675.00000000,	'C4858',	10,	NULL,	NULL,	'2023-03-22 03:14:44',	'2023-03-22 03:14:44'),
(341,	49,	10,	23,	0,	1304.53000000,	3675.00000000,	'C4859',	10,	NULL,	NULL,	'2023-03-22 03:14:44',	'2023-03-22 03:14:44'),
(342,	49,	1,	19,	4,	1304.53000000,	3970.00000000,	'C9919',	10,	NULL,	NULL,	'2023-03-22 03:14:44',	'2023-03-22 03:14:44'),
(343,	49,	10,	19,	4,	1304.53000000,	3970.00000000,	'C9919',	10,	NULL,	NULL,	'2023-03-22 03:14:44',	'2023-03-22 03:14:44'),
(344,	49,	1,	20,	0,	1304.53000000,	3970.00000000,	'C9920',	10,	NULL,	NULL,	'2023-03-22 03:14:44',	'2023-03-22 03:14:44'),
(345,	49,	10,	20,	0,	1304.53000000,	3970.00000000,	'C9920',	10,	NULL,	NULL,	'2023-03-22 03:14:44',	'2023-03-22 03:14:44'),
(346,	49,	1,	21,	0,	1304.53000000,	3970.00000000,	'C9921',	10,	NULL,	NULL,	'2023-03-22 03:14:44',	'2023-03-22 03:14:44'),
(347,	49,	10,	21,	0,	1304.53000000,	3970.00000000,	'C9921',	10,	NULL,	NULL,	'2023-03-22 03:14:44',	'2023-03-22 03:14:44'),
(348,	49,	1,	22,	1,	1304.53000000,	3970.00000000,	'C9922',	10,	NULL,	NULL,	'2023-03-22 03:14:44',	'2023-03-22 03:14:44'),
(349,	49,	10,	22,	1,	1304.53000000,	3970.00000000,	'C9922',	10,	NULL,	NULL,	'2023-03-22 03:14:44',	'2023-03-22 03:14:44'),
(350,	49,	1,	23,	0,	1304.53000000,	3970.00000000,	'C9923',	10,	NULL,	NULL,	'2023-03-22 03:14:44',	'2023-03-22 03:14:44'),
(351,	49,	10,	23,	0,	1304.53000000,	3970.00000000,	'C9923',	10,	NULL,	NULL,	'2023-03-22 03:14:44',	'2023-03-22 03:14:44'),
(352,	50,	11,	19,	0,	783.38000000,	2730.00000000,	'C7672',	10,	NULL,	NULL,	'2023-03-22 03:14:44',	'2023-03-22 03:14:44'),
(353,	50,	11,	20,	0,	783.38000000,	2475.00000000,	'C7673',	10,	NULL,	NULL,	'2023-03-22 03:14:44',	'2023-03-22 03:14:44'),
(354,	50,	11,	21,	0,	783.38000000,	2475.00000000,	'C7674',	10,	NULL,	NULL,	'2023-03-22 03:14:44',	'2023-03-22 03:14:44'),
(355,	50,	11,	22,	0,	783.38000000,	2475.00000000,	'C7675',	10,	NULL,	NULL,	'2023-03-22 03:14:44',	'2023-03-22 03:14:44'),
(356,	50,	11,	23,	0,	783.38000000,	2475.00000000,	'C7676',	10,	NULL,	NULL,	'2023-03-22 03:14:44',	'2023-03-22 03:14:44'),
(357,	50,	1,	19,	4,	783.38000000,	2730.00000000,	'D0080',	10,	NULL,	NULL,	'2023-03-22 03:14:44',	'2023-03-22 03:14:44'),
(358,	50,	1,	20,	4,	783.38000000,	2730.00000000,	'D0081',	10,	NULL,	NULL,	'2023-03-22 03:14:44',	'2023-03-22 03:14:44'),
(359,	50,	1,	21,	2,	783.38000000,	2730.00000000,	'D0082',	10,	NULL,	NULL,	'2023-03-22 03:14:44',	'2023-03-22 03:14:44'),
(360,	50,	1,	22,	2,	783.38000000,	2730.00000000,	'D0083',	10,	NULL,	NULL,	'2023-03-22 03:14:44',	'2023-03-22 03:14:44'),
(361,	50,	1,	23,	2,	783.38000000,	2730.00000000,	'D0084',	10,	NULL,	NULL,	'2023-03-22 03:14:44',	'2023-03-22 03:14:44'),
(362,	51,	2,	19,	4,	1675.42000000,	4675.00000000,	'C6224',	10,	NULL,	NULL,	'2023-03-22 03:14:44',	'2023-03-22 03:14:44'),
(363,	51,	12,	19,	4,	1675.42000000,	4675.00000000,	'C6224',	10,	NULL,	NULL,	'2023-03-22 03:14:44',	'2023-03-22 03:14:44'),
(364,	51,	2,	20,	0,	1675.42000000,	4675.00000000,	'C6225',	10,	NULL,	NULL,	'2023-03-22 03:14:45',	'2023-03-22 03:14:45'),
(365,	51,	12,	20,	0,	1675.42000000,	4675.00000000,	'C6225',	10,	NULL,	NULL,	'2023-03-22 03:14:45',	'2023-03-22 03:14:45'),
(366,	51,	2,	21,	1,	1675.42000000,	4675.00000000,	'C6226',	10,	NULL,	NULL,	'2023-03-22 03:14:45',	'2023-03-22 03:14:45'),
(367,	51,	12,	21,	1,	1675.42000000,	4675.00000000,	'C6226',	10,	NULL,	NULL,	'2023-03-22 03:14:45',	'2023-03-22 03:14:45'),
(368,	51,	2,	22,	0,	1675.42000000,	4675.00000000,	'C6227',	10,	NULL,	NULL,	'2023-03-22 03:14:45',	'2023-03-22 03:14:45'),
(369,	51,	12,	22,	0,	1675.42000000,	4675.00000000,	'C6227',	10,	NULL,	NULL,	'2023-03-22 03:14:45',	'2023-03-22 03:14:45'),
(370,	51,	2,	23,	0,	1675.42000000,	4675.00000000,	'C6228',	10,	NULL,	NULL,	'2023-03-22 03:14:45',	'2023-03-22 03:14:45'),
(371,	51,	12,	23,	0,	1675.42000000,	4675.00000000,	'C6228',	10,	NULL,	NULL,	'2023-03-22 03:14:45',	'2023-03-22 03:14:45'),
(372,	52,	10,	19,	5,	1350.86000000,	3675.00000000,	'C6242',	10,	NULL,	NULL,	'2023-03-22 03:14:45',	'2023-03-22 03:14:45'),
(373,	52,	10,	20,	0,	1350.86000000,	3675.00000000,	'C6243',	10,	NULL,	NULL,	'2023-03-22 03:14:45',	'2023-03-22 03:14:45'),
(374,	52,	10,	21,	0,	1350.86000000,	3675.00000000,	'C6244',	10,	NULL,	NULL,	'2023-03-22 03:14:45',	'2023-03-22 03:14:45'),
(375,	52,	10,	22,	0,	1350.86000000,	3675.00000000,	'C6245',	10,	NULL,	NULL,	'2023-03-22 03:14:45',	'2023-03-22 03:14:45'),
(376,	52,	10,	23,	0,	1350.86000000,	3675.00000000,	'C6246',	10,	NULL,	NULL,	'2023-03-22 03:14:45',	'2023-03-22 03:14:45'),
(377,	53,	11,	19,	4,	2346.08000000,	5975.00000000,	'C7363',	10,	NULL,	NULL,	'2023-03-22 03:14:45',	'2023-03-22 03:14:45'),
(378,	53,	11,	20,	1,	2346.08000000,	5975.00000000,	'C7364',	10,	NULL,	NULL,	'2023-03-22 03:14:45',	'2023-03-22 03:14:45'),
(379,	53,	11,	21,	0,	2346.08000000,	5975.00000000,	'C7365',	10,	NULL,	NULL,	'2023-03-22 03:14:45',	'2023-03-22 03:14:45'),
(380,	53,	11,	22,	4,	2346.08000000,	5975.00000000,	'C7366',	10,	NULL,	NULL,	'2023-03-22 03:14:45',	'2023-03-22 03:14:45'),
(381,	53,	11,	23,	2,	2346.08000000,	5975.00000000,	'C7367',	10,	NULL,	NULL,	'2023-03-22 03:14:45',	'2023-03-22 03:14:45'),
(382,	54,	10,	19,	6,	1059.52000000,	2975.00000000,	'D0417',	10,	NULL,	NULL,	'2023-03-22 03:14:45',	'2023-03-22 03:14:45'),
(383,	54,	10,	20,	4,	1059.52000000,	2975.00000000,	'D0419',	10,	NULL,	NULL,	'2023-03-22 03:14:45',	'2023-03-22 03:14:45'),
(384,	54,	10,	21,	0,	1059.52000000,	2975.00000000,	'D0421',	10,	NULL,	NULL,	'2023-03-22 03:14:45',	'2023-03-22 03:14:45'),
(385,	54,	10,	22,	0,	1059.52000000,	2975.00000000,	'D0423',	10,	NULL,	NULL,	'2023-03-22 03:14:45',	'2023-03-22 03:14:45'),
(386,	54,	10,	23,	1,	1059.52000000,	2975.00000000,	'D0425',	10,	NULL,	NULL,	'2023-03-22 03:14:45',	'2023-03-22 03:14:45'),
(387,	55,	2,	21,	0,	1245.16000000,	2975.00000000,	'D0614',	10,	NULL,	NULL,	'2023-03-22 03:14:45',	'2023-03-22 03:14:45'),
(388,	55,	11,	21,	0,	1245.16000000,	2975.00000000,	'D0614',	10,	NULL,	NULL,	'2023-03-22 03:14:45',	'2023-03-22 03:14:45'),
(389,	55,	2,	22,	0,	1245.16000000,	2975.00000000,	'D0616',	10,	NULL,	NULL,	'2023-03-22 03:14:45',	'2023-03-22 03:14:45'),
(390,	55,	11,	22,	0,	1245.16000000,	2975.00000000,	'D0616',	10,	NULL,	NULL,	'2023-03-22 03:14:45',	'2023-03-22 03:14:45'),
(391,	55,	2,	19,	4,	1245.16000000,	2975.00000000,	'D0610',	10,	NULL,	NULL,	'2023-03-22 03:14:45',	'2023-03-22 03:14:45'),
(392,	55,	11,	19,	4,	1245.16000000,	2975.00000000,	'D0610',	10,	NULL,	NULL,	'2023-03-22 03:14:45',	'2023-03-22 03:14:45'),
(393,	55,	2,	20,	0,	1245.16000000,	2975.00000000,	'D0612',	10,	NULL,	NULL,	'2023-03-22 03:14:45',	'2023-03-22 03:14:45'),
(394,	55,	11,	20,	0,	1245.16000000,	2975.00000000,	'D0612',	10,	NULL,	NULL,	'2023-03-22 03:14:45',	'2023-03-22 03:14:45'),
(395,	55,	2,	23,	0,	1245.16000000,	2975.00000000,	'D0618',	10,	NULL,	NULL,	'2023-03-22 03:14:45',	'2023-03-22 03:14:45'),
(396,	55,	11,	23,	0,	1245.16000000,	2975.00000000,	'D0618',	10,	NULL,	NULL,	'2023-03-22 03:14:45',	'2023-03-22 03:14:45'),
(397,	55,	2,	22,	0,	1245.16000000,	2975.00000000,	'D0620',	10,	NULL,	NULL,	'2023-03-22 03:14:45',	'2023-03-22 03:14:45'),
(398,	55,	11,	22,	0,	1245.16000000,	2975.00000000,	'D0620',	10,	NULL,	NULL,	'2023-03-22 03:14:45',	'2023-03-22 03:14:45'),
(399,	55,	2,	21,	0,	1245.16000000,	2975.00000000,	'D0622',	10,	NULL,	NULL,	'2023-03-22 03:14:45',	'2023-03-22 03:14:45'),
(400,	55,	11,	21,	0,	1245.16000000,	2975.00000000,	'D0622',	10,	NULL,	NULL,	'2023-03-22 03:14:45',	'2023-03-22 03:14:45'),
(401,	56,	2,	19,	3,	1294.24000000,	3075.00000000,	'D0427',	10,	NULL,	NULL,	'2023-03-22 03:14:45',	'2023-03-22 03:14:45'),
(402,	56,	12,	19,	3,	1294.24000000,	3075.00000000,	'D0427',	10,	NULL,	NULL,	'2023-03-22 03:14:45',	'2023-03-22 03:14:45'),
(403,	56,	2,	20,	0,	1294.24000000,	3075.00000000,	'D0429',	10,	NULL,	NULL,	'2023-03-22 03:14:45',	'2023-03-22 03:14:45'),
(404,	56,	12,	20,	0,	1294.24000000,	3075.00000000,	'D0429',	10,	NULL,	NULL,	'2023-03-22 03:14:45',	'2023-03-22 03:14:45'),
(405,	56,	2,	21,	0,	1294.24000000,	3075.00000000,	'D0431',	10,	NULL,	NULL,	'2023-03-22 03:14:45',	'2023-03-22 03:14:45'),
(406,	56,	12,	21,	0,	1294.24000000,	3075.00000000,	'D0431',	10,	NULL,	NULL,	'2023-03-22 03:14:45',	'2023-03-22 03:14:45'),
(407,	56,	2,	22,	0,	1294.24000000,	3075.00000000,	'D0433',	10,	NULL,	NULL,	'2023-03-22 03:14:45',	'2023-03-22 03:14:45'),
(408,	56,	12,	22,	0,	1294.24000000,	3075.00000000,	'D0433',	10,	NULL,	NULL,	'2023-03-22 03:14:45',	'2023-03-22 03:14:45'),
(409,	56,	2,	23,	0,	1294.24000000,	3075.00000000,	'D0435',	10,	NULL,	NULL,	'2023-03-22 03:14:45',	'2023-03-22 03:14:45'),
(410,	56,	12,	23,	0,	1294.24000000,	3075.00000000,	'D0435',	10,	NULL,	NULL,	'2023-03-22 03:14:45',	'2023-03-22 03:14:45'),
(411,	57,	2,	19,	3,	1520.88000000,	3475.00000000,	'C9301',	10,	NULL,	NULL,	'2023-03-22 03:14:45',	'2023-03-22 03:14:45'),
(412,	57,	12,	19,	3,	1520.88000000,	3475.00000000,	'C9301',	10,	NULL,	NULL,	'2023-03-22 03:14:45',	'2023-03-22 03:14:45'),
(413,	57,	2,	20,	0,	1520.88000000,	3475.00000000,	'C9302',	10,	NULL,	NULL,	'2023-03-22 03:14:45',	'2023-03-22 03:14:45'),
(414,	57,	12,	20,	0,	1520.88000000,	3475.00000000,	'C9302',	10,	NULL,	NULL,	'2023-03-22 03:14:45',	'2023-03-22 03:14:45'),
(415,	57,	2,	21,	0,	1520.88000000,	3475.00000000,	'C9303',	10,	NULL,	NULL,	'2023-03-22 03:14:45',	'2023-03-22 03:14:45'),
(416,	57,	12,	21,	0,	1520.88000000,	3475.00000000,	'C9303',	10,	NULL,	NULL,	'2023-03-22 03:14:45',	'2023-03-22 03:14:45'),
(417,	57,	2,	22,	1,	1520.88000000,	3475.00000000,	'C9304',	10,	NULL,	NULL,	'2023-03-22 03:14:45',	'2023-03-22 03:14:45'),
(418,	57,	12,	22,	1,	1520.88000000,	3475.00000000,	'C9304',	10,	NULL,	NULL,	'2023-03-22 03:14:45',	'2023-03-22 03:14:45'),
(419,	57,	2,	23,	0,	1520.88000000,	3475.00000000,	'C9305',	10,	NULL,	NULL,	'2023-03-22 03:14:45',	'2023-03-22 03:14:45'),
(420,	57,	12,	23,	0,	1520.88000000,	3475.00000000,	'C9305',	10,	NULL,	NULL,	'2023-03-22 03:14:45',	'2023-03-22 03:14:45'),
(421,	58,	14,	19,	4,	1323.63000000,	2815.00000000,	'D0270',	10,	NULL,	NULL,	'2023-03-22 03:14:45',	'2023-03-22 03:14:45'),
(422,	58,	14,	20,	0,	1323.63000000,	2815.00000000,	'D0271',	10,	NULL,	NULL,	'2023-03-22 03:14:45',	'2023-03-22 03:14:45'),
(423,	58,	14,	21,	0,	1323.63000000,	2815.00000000,	'D0272',	10,	NULL,	NULL,	'2023-03-22 03:14:45',	'2023-03-22 03:14:45'),
(424,	58,	14,	22,	0,	1323.63000000,	2815.00000000,	'D0273',	10,	NULL,	NULL,	'2023-03-22 03:14:45',	'2023-03-22 03:14:45'),
(425,	58,	14,	23,	0,	1323.63000000,	2815.00000000,	'D0274',	10,	NULL,	NULL,	'2023-03-22 03:14:45',	'2023-03-22 03:14:45'),
(426,	59,	10,	19,	4,	678.19000000,	2475.00000000,	'D0471',	10,	NULL,	NULL,	'2023-03-22 03:14:45',	'2023-03-22 03:14:45'),
(427,	59,	10,	20,	1,	678.19000000,	2475.00000000,	'D0473',	10,	NULL,	NULL,	'2023-03-22 03:14:45',	'2023-03-22 03:14:45'),
(428,	59,	10,	21,	0,	678.19000000,	2475.00000000,	'D0475',	10,	NULL,	NULL,	'2023-03-22 03:14:45',	'2023-03-22 03:14:45'),
(429,	59,	10,	22,	2,	678.19000000,	2475.00000000,	'D0477',	10,	NULL,	NULL,	'2023-03-22 03:14:45',	'2023-03-22 03:14:45'),
(430,	59,	10,	23,	0,	678.19000000,	2475.00000000,	'D0479',	10,	NULL,	NULL,	'2023-03-22 03:14:45',	'2023-03-22 03:14:45'),
(431,	60,	10,	19,	6,	1156.04000000,	2975.00000000,	'D0461',	10,	NULL,	NULL,	'2023-03-22 03:14:45',	'2023-03-22 03:14:45'),
(432,	60,	16,	19,	6,	1156.04000000,	2975.00000000,	'D0461',	10,	NULL,	NULL,	'2023-03-22 03:14:45',	'2023-03-22 03:14:45'),
(433,	60,	10,	20,	3,	1156.04000000,	2975.00000000,	'D0463',	10,	NULL,	NULL,	'2023-03-22 03:14:45',	'2023-03-22 03:14:45'),
(434,	60,	16,	20,	3,	1156.04000000,	2975.00000000,	'D0463',	10,	NULL,	NULL,	'2023-03-22 03:14:45',	'2023-03-22 03:14:45'),
(435,	60,	10,	21,	3,	1156.04000000,	2975.00000000,	'D0465',	10,	NULL,	NULL,	'2023-03-22 03:14:45',	'2023-03-22 03:14:45'),
(436,	60,	16,	21,	3,	1156.04000000,	2975.00000000,	'D0465',	10,	NULL,	NULL,	'2023-03-22 03:14:45',	'2023-03-22 03:14:45'),
(437,	60,	10,	22,	1,	1156.04000000,	2975.00000000,	'D0467',	10,	NULL,	NULL,	'2023-03-22 03:14:45',	'2023-03-22 03:14:45'),
(438,	60,	16,	22,	1,	1156.04000000,	2975.00000000,	'D0467',	10,	NULL,	NULL,	'2023-03-22 03:14:45',	'2023-03-22 03:14:45'),
(439,	60,	10,	23,	1,	1156.04000000,	2975.00000000,	'D0469',	10,	NULL,	NULL,	'2023-03-22 03:14:45',	'2023-03-22 03:14:45'),
(440,	60,	16,	23,	1,	1156.04000000,	2975.00000000,	'D0469',	10,	NULL,	NULL,	'2023-03-22 03:14:45',	'2023-03-22 03:14:45'),
(441,	61,	12,	19,	4,	1571.18000000,	4275.00000000,	'D0481',	10,	NULL,	NULL,	'2023-03-22 03:14:45',	'2023-03-22 03:14:45'),
(442,	61,	16,	19,	4,	1571.18000000,	4275.00000000,	'D0481',	10,	NULL,	NULL,	'2023-03-22 03:14:45',	'2023-03-22 03:14:45'),
(443,	61,	12,	20,	3,	1571.18000000,	4275.00000000,	'D0483',	10,	NULL,	NULL,	'2023-03-22 03:14:45',	'2023-03-22 03:14:45'),
(444,	61,	16,	20,	3,	1571.18000000,	4275.00000000,	'D0483',	10,	NULL,	NULL,	'2023-03-22 03:14:45',	'2023-03-22 03:14:45'),
(445,	61,	12,	21,	2,	1571.18000000,	4275.00000000,	'D0485',	10,	NULL,	NULL,	'2023-03-22 03:14:45',	'2023-03-22 03:14:45'),
(446,	61,	16,	21,	2,	1571.18000000,	4275.00000000,	'D0485',	10,	NULL,	NULL,	'2023-03-22 03:14:45',	'2023-03-22 03:14:45'),
(447,	61,	12,	22,	1,	1571.18000000,	4275.00000000,	'D0487',	10,	NULL,	NULL,	'2023-03-22 03:14:45',	'2023-03-22 03:14:45'),
(448,	61,	16,	22,	1,	1571.18000000,	4275.00000000,	'D0487',	10,	NULL,	NULL,	'2023-03-22 03:14:45',	'2023-03-22 03:14:45'),
(449,	61,	12,	23,	1,	1571.18000000,	4275.00000000,	'D0489',	10,	NULL,	NULL,	'2023-03-22 03:14:45',	'2023-03-22 03:14:45'),
(450,	61,	16,	23,	1,	1571.18000000,	4275.00000000,	'D0489',	10,	NULL,	NULL,	'2023-03-22 03:14:45',	'2023-03-22 03:14:45'),
(451,	62,	0,	19,	4,	2462.90000000,	6975.00000000,	'B1460',	10,	NULL,	NULL,	'2023-03-22 03:14:45',	'2023-03-22 03:14:45'),
(452,	62,	0,	20,	0,	2462.90000000,	6975.00000000,	'B1461',	10,	NULL,	NULL,	'2023-03-22 03:14:45',	'2023-03-22 03:14:45'),
(453,	62,	0,	21,	0,	2462.90000000,	6975.00000000,	'B1462',	10,	NULL,	NULL,	'2023-03-22 03:14:45',	'2023-03-22 03:14:45'),
(454,	62,	0,	22,	0,	2462.90000000,	6975.00000000,	'B1463',	10,	NULL,	NULL,	'2023-03-22 03:14:45',	'2023-03-22 03:14:45'),
(455,	62,	0,	23,	0,	2462.90000000,	6975.00000000,	'B1464',	10,	NULL,	NULL,	'2023-03-22 03:14:45',	'2023-03-22 03:14:45'),
(456,	63,	11,	19,	3,	1446.68000000,	3765.00000000,	'C5174',	10,	NULL,	NULL,	'2023-03-22 03:14:45',	'2023-03-22 03:14:45'),
(457,	63,	11,	20,	0,	1446.68000000,	3765.00000000,	'C5175',	10,	NULL,	NULL,	'2023-03-22 03:14:45',	'2023-03-22 03:14:45'),
(458,	63,	11,	21,	0,	1446.68000000,	3765.00000000,	'C5176',	10,	NULL,	NULL,	'2023-03-22 03:14:45',	'2023-03-22 03:14:45'),
(459,	63,	11,	22,	0,	1446.68000000,	3765.00000000,	'C5177',	10,	NULL,	NULL,	'2023-03-22 03:14:45',	'2023-03-22 03:14:45'),
(460,	63,	11,	23,	0,	1446.68000000,	3765.00000000,	'C5178',	10,	NULL,	NULL,	'2023-03-22 03:14:45',	'2023-03-22 03:14:45'),
(461,	64,	13,	23,	0,	1128.26000000,	3985.00000000,	'C5206',	10,	NULL,	NULL,	'2023-03-22 03:14:45',	'2023-03-22 03:14:45'),
(462,	64,	13,	19,	3,	1128.26000000,	3985.00000000,	'C5202',	10,	NULL,	NULL,	'2023-03-22 03:14:45',	'2023-03-22 03:14:45'),
(463,	64,	13,	20,	0,	1128.26000000,	3985.00000000,	'C5203',	10,	NULL,	NULL,	'2023-03-22 03:14:45',	'2023-03-22 03:14:45'),
(464,	64,	13,	21,	0,	1128.26000000,	3985.00000000,	'C5204',	10,	NULL,	NULL,	'2023-03-22 03:14:45',	'2023-03-22 03:14:45'),
(465,	64,	13,	22,	1,	1128.26000000,	3985.00000000,	'C5205',	10,	NULL,	NULL,	'2023-03-22 03:14:45',	'2023-03-22 03:14:45'),
(466,	65,	20,	19,	2,	1151.40000000,	5285.00000000,	'C4901',	10,	NULL,	NULL,	'2023-03-22 03:14:45',	'2023-03-22 03:14:45'),
(467,	65,	20,	20,	3,	1151.40000000,	5285.00000000,	'C4902',	10,	NULL,	NULL,	'2023-03-22 03:14:45',	'2023-03-22 03:14:45'),
(468,	65,	20,	21,	1,	1151.40000000,	5285.00000000,	'C4903',	10,	NULL,	NULL,	'2023-03-22 03:14:45',	'2023-03-22 03:14:45'),
(469,	65,	20,	22,	1,	1151.40000000,	5285.00000000,	'C4904',	10,	NULL,	NULL,	'2023-03-22 03:14:45',	'2023-03-22 03:14:45'),
(470,	65,	20,	23,	0,	1151.40000000,	5285.00000000,	'C4905',	10,	NULL,	NULL,	'2023-03-22 03:14:45',	'2023-03-22 03:14:45'),
(471,	66,	10,	2,	3,	490.00000000,	1175.00000000,	'B6135',	10,	NULL,	NULL,	'2023-03-22 03:14:46',	'2023-03-22 03:14:46'),
(472,	66,	10,	3,	4,	490.00000000,	1175.00000000,	'B6136',	10,	NULL,	NULL,	'2023-03-22 03:14:46',	'2023-03-22 03:14:46'),
(473,	66,	10,	1,	4,	490.00000000,	1175.00000000,	'B6137',	10,	NULL,	NULL,	'2023-03-22 03:14:46',	'2023-03-22 03:14:46'),
(474,	66,	10,	4,	0,	490.00000000,	1175.00000000,	'B6138',	10,	NULL,	NULL,	'2023-03-22 03:14:46',	'2023-03-22 03:14:46'),
(475,	67,	2,	2,	2,	620.00000000,	1275.00000000,	'B6140',	10,	NULL,	NULL,	'2023-03-22 03:14:46',	'2023-03-22 03:14:46'),
(476,	67,	2,	3,	0,	620.00000000,	1275.00000000,	'B6141',	10,	NULL,	NULL,	'2023-03-22 03:14:46',	'2023-03-22 03:14:46'),
(477,	67,	2,	1,	1,	620.00000000,	1275.00000000,	'B6142',	10,	NULL,	NULL,	'2023-03-22 03:14:46',	'2023-03-22 03:14:46'),
(478,	67,	2,	4,	3,	620.00000000,	1275.00000000,	'B6143',	10,	NULL,	NULL,	'2023-03-22 03:14:46',	'2023-03-22 03:14:46'),
(479,	68,	2,	2,	2,	610.00000000,	1275.00000000,	'B6155',	10,	NULL,	NULL,	'2023-03-22 03:14:46',	'2023-03-22 03:14:46'),
(480,	68,	2,	3,	1,	610.00000000,	1275.00000000,	'B6156',	10,	NULL,	NULL,	'2023-03-22 03:14:46',	'2023-03-22 03:14:46'),
(481,	68,	2,	1,	3,	610.00000000,	1275.00000000,	'B6157',	10,	NULL,	NULL,	'2023-03-22 03:14:46',	'2023-03-22 03:14:46'),
(482,	68,	2,	4,	2,	610.00000000,	1275.00000000,	'B6158',	10,	NULL,	NULL,	'2023-03-22 03:14:46',	'2023-03-22 03:14:46'),
(483,	69,	2,	2,	3,	577.48000000,	1275.00000000,	'C7112',	10,	NULL,	NULL,	'2023-03-22 03:14:46',	'2023-03-22 03:14:46'),
(484,	69,	10,	2,	3,	577.48000000,	1275.00000000,	'C7112',	10,	NULL,	NULL,	'2023-03-22 03:14:46',	'2023-03-22 03:14:46'),
(485,	69,	2,	3,	1,	577.48000000,	1275.00000000,	'C7113',	10,	NULL,	NULL,	'2023-03-22 03:14:46',	'2023-03-22 03:14:46'),
(486,	69,	10,	3,	1,	577.48000000,	1275.00000000,	'C7113',	10,	NULL,	NULL,	'2023-03-22 03:14:46',	'2023-03-22 03:14:46'),
(487,	69,	2,	1,	7,	577.48000000,	1275.00000000,	'C7114',	10,	NULL,	NULL,	'2023-03-22 03:14:46',	'2023-03-22 03:14:46'),
(488,	69,	10,	1,	7,	577.48000000,	1275.00000000,	'C7114',	10,	NULL,	NULL,	'2023-03-22 03:14:46',	'2023-03-22 03:14:46'),
(489,	69,	2,	4,	1,	577.48000000,	1275.00000000,	'C7115',	10,	NULL,	NULL,	'2023-03-22 03:14:46',	'2023-03-22 03:14:46'),
(490,	69,	10,	4,	1,	577.48000000,	1275.00000000,	'C7115',	10,	NULL,	NULL,	'2023-03-22 03:14:46',	'2023-03-22 03:14:46'),
(491,	70,	11,	2,	4,	425.16000000,	1175.00000000,	'C6772',	10,	NULL,	NULL,	'2023-03-22 03:14:46',	'2023-03-22 03:14:46'),
(492,	70,	11,	3,	9,	425.16000000,	1175.00000000,	'C6773',	10,	NULL,	NULL,	'2023-03-22 03:14:46',	'2023-03-22 03:14:46'),
(493,	70,	11,	1,	11,	425.16000000,	1175.00000000,	'C6774',	10,	NULL,	NULL,	'2023-03-22 03:14:46',	'2023-03-22 03:14:46'),
(494,	70,	11,	4,	3,	425.16000000,	1175.00000000,	'C6775',	10,	NULL,	NULL,	'2023-03-22 03:14:46',	'2023-03-22 03:14:46'),
(495,	70,	11,	2,	1,	466.76000000,	1175.00000000,	'C7099',	10,	NULL,	NULL,	'2023-03-22 03:14:46',	'2023-03-22 03:14:46'),
(496,	70,	11,	3,	2,	466.76000000,	1175.00000000,	'C7100',	10,	NULL,	NULL,	'2023-03-22 03:14:46',	'2023-03-22 03:14:46'),
(497,	70,	11,	1,	1,	466.76000000,	1175.00000000,	'C7101',	10,	NULL,	NULL,	'2023-03-22 03:14:46',	'2023-03-22 03:14:46'),
(498,	70,	11,	4,	0,	466.76000000,	1175.00000000,	'C7102',	10,	NULL,	NULL,	'2023-03-22 03:14:46',	'2023-03-22 03:14:46'),
(499,	71,	1,	0,	0,	3777.86000000,	16000.00000000,	'C8864',	10,	NULL,	NULL,	'2023-03-22 03:14:46',	'2023-03-22 03:14:46'),
(500,	71,	10,	0,	0,	3777.86000000,	16000.00000000,	'C8864',	10,	NULL,	NULL,	'2023-03-22 03:14:46',	'2023-03-22 03:14:46'),
(501,	71,	1,	0,	2,	2305.54000000,	5995.00000000,	'D0343',	10,	NULL,	NULL,	'2023-03-22 03:14:46',	'2023-03-22 03:14:46'),
(502,	71,	20,	0,	2,	2305.54000000,	5995.00000000,	'D0343',	10,	NULL,	NULL,	'2023-03-22 03:14:46',	'2023-03-22 03:14:46'),
(503,	72,	11,	0,	0,	3813.56000000,	10295.00000000,	'B9064',	10,	NULL,	NULL,	'2023-03-22 03:14:46',	'2023-03-22 03:14:46'),
(504,	72,	13,	0,	0,	3813.56000000,	10295.00000000,	'B9064',	10,	NULL,	NULL,	'2023-03-22 03:14:46',	'2023-03-22 03:14:46'),
(505,	72,	11,	0,	4,	3972.96000000,	8500.00000000,	'C8449',	10,	NULL,	NULL,	'2023-03-22 03:14:46',	'2023-03-22 03:14:46'),
(506,	72,	13,	0,	4,	3972.96000000,	8500.00000000,	'C8449',	10,	NULL,	NULL,	'2023-03-22 03:14:46',	'2023-03-22 03:14:46'),
(507,	73,	9,	0,	3,	2255.91000000,	5995.00000000,	'C9085',	10,	NULL,	NULL,	'2023-03-22 03:14:46',	'2023-03-22 03:14:46'),
(508,	73,	14,	0,	3,	2255.91000000,	5995.00000000,	'C9085',	10,	NULL,	NULL,	'2023-03-22 03:14:46',	'2023-03-22 03:14:46'),
(509,	74,	1,	0,	5,	1875.60000000,	4995.00000000,	'C9977',	10,	NULL,	NULL,	'2023-03-22 03:14:46',	'2023-03-22 03:14:46'),
(510,	74,	12,	0,	5,	1875.60000000,	4995.00000000,	'C9977',	10,	NULL,	NULL,	'2023-03-22 03:14:46',	'2023-03-22 03:14:46'),
(511,	75,	1,	0,	0,	1958.28000000,	5995.00000000,	'C9981',	10,	NULL,	NULL,	'2023-03-22 03:14:46',	'2023-03-22 03:14:46'),
(512,	75,	5,	0,	0,	1958.28000000,	5995.00000000,	'C9981',	10,	NULL,	NULL,	'2023-03-22 03:14:46',	'2023-03-22 03:14:46'),
(513,	75,	1,	0,	6,	1658.28000000,	4500.00000000,	'C9979',	10,	NULL,	NULL,	'2023-03-22 03:14:46',	'2023-03-22 03:14:46'),
(514,	75,	5,	0,	6,	1658.28000000,	4500.00000000,	'C9979',	10,	NULL,	NULL,	'2023-03-22 03:14:46',	'2023-03-22 03:14:46'),
(515,	76,	0,	0,	2,	1590.48000000,	4995.00000000,	'D0064',	10,	NULL,	NULL,	'2023-03-22 03:14:46',	'2023-03-22 03:14:46'),
(516,	77,	2,	0,	2,	2207.89000000,	5995.00000000,	'D0402',	10,	NULL,	NULL,	'2023-03-22 03:14:46',	'2023-03-22 03:14:46'),
(517,	77,	14,	0,	2,	2207.89000000,	5995.00000000,	'D0402',	10,	NULL,	NULL,	'2023-03-22 03:14:46',	'2023-03-22 03:14:46'),
(518,	78,	5,	0,	3,	1630.13000000,	4500.00000000,	'D0411',	10,	NULL,	NULL,	'2023-03-22 03:14:46',	'2023-03-22 03:14:46'),
(519,	79,	2,	0,	3,	2011.31000000,	4500.00000000,	'D0413',	10,	NULL,	NULL,	'2023-03-22 03:14:46',	'2023-03-22 03:14:46'),
(520,	80,	2,	0,	5,	2345.79000000,	5995.00000000,	'D0519',	10,	NULL,	NULL,	'2023-03-22 03:14:46',	'2023-03-22 03:14:46'),
(521,	80,	15,	0,	5,	2345.79000000,	5995.00000000,	'D0519',	10,	NULL,	NULL,	'2023-03-22 03:14:46',	'2023-03-22 03:14:46'),
(522,	80,	16,	0,	5,	2345.79000000,	5995.00000000,	'D0519',	10,	NULL,	NULL,	'2023-03-22 03:14:46',	'2023-03-22 03:14:46'),
(523,	81,	2,	0,	5,	2108.11000000,	4500.00000000,	'D0539',	10,	NULL,	NULL,	'2023-03-22 03:14:46',	'2023-03-22 03:14:46'),
(524,	81,	15,	0,	5,	2108.11000000,	4500.00000000,	'D0539',	10,	NULL,	NULL,	'2023-03-22 03:14:46',	'2023-03-22 03:14:46'),
(525,	81,	16,	0,	5,	2108.11000000,	4500.00000000,	'D0539',	10,	NULL,	NULL,	'2023-03-22 03:14:46',	'2023-03-22 03:14:46'),
(526,	82,	12,	0,	4,	1995.74000000,	4995.00000000,	'D0455',	10,	NULL,	NULL,	'2023-03-22 03:14:46',	'2023-03-22 03:14:46'),
(527,	82,	15,	0,	4,	1995.74000000,	4995.00000000,	'D0455',	10,	NULL,	NULL,	'2023-03-22 03:14:46',	'2023-03-22 03:14:46'),
(528,	82,	17,	0,	4,	1995.74000000,	4995.00000000,	'D0455',	10,	NULL,	NULL,	'2023-03-22 03:14:46',	'2023-03-22 03:14:46'),
(529,	83,	2,	0,	5,	1583.15000000,	4500.00000000,	'D0553',	10,	NULL,	NULL,	'2023-03-22 03:14:46',	'2023-03-22 03:14:46'),
(530,	83,	13,	0,	5,	1583.15000000,	4500.00000000,	'D0553',	10,	NULL,	NULL,	'2023-03-22 03:14:46',	'2023-03-22 03:14:46'),
(531,	84,	2,	0,	4,	2400.59000000,	4995.00000000,	'D0555',	10,	NULL,	NULL,	'2023-03-22 03:14:46',	'2023-03-22 03:14:46'),
(532,	84,	13,	0,	4,	2400.59000000,	4995.00000000,	'D0555',	10,	NULL,	NULL,	'2023-03-22 03:14:46',	'2023-03-22 03:14:46'),
(533,	85,	9,	2,	3,	6326.55000000,	14185.00000000,	'B8045',	10,	NULL,	NULL,	'2023-03-22 03:14:46',	'2023-03-22 03:14:46'),
(534,	85,	10,	2,	3,	6326.55000000,	14185.00000000,	'B8045',	10,	NULL,	NULL,	'2023-03-22 03:14:46',	'2023-03-22 03:14:46'),
(535,	85,	9,	3,	2,	6326.55000000,	14185.00000000,	'B8046',	10,	NULL,	NULL,	'2023-03-22 03:14:46',	'2023-03-22 03:14:46'),
(536,	85,	10,	3,	2,	6326.55000000,	14185.00000000,	'B8046',	10,	NULL,	NULL,	'2023-03-22 03:14:46',	'2023-03-22 03:14:46'),
(537,	85,	9,	1,	3,	6326.55000000,	14185.00000000,	'B8047',	10,	NULL,	NULL,	'2023-03-22 03:14:46',	'2023-03-22 03:14:46'),
(538,	85,	10,	1,	3,	6326.55000000,	14185.00000000,	'B8047',	10,	NULL,	NULL,	'2023-03-22 03:14:46',	'2023-03-22 03:14:46'),
(539,	85,	9,	4,	1,	6326.55000000,	14185.00000000,	'B8048',	10,	NULL,	NULL,	'2023-03-22 03:14:46',	'2023-03-22 03:14:46'),
(540,	85,	10,	4,	1,	6326.55000000,	14185.00000000,	'B8048',	10,	NULL,	NULL,	'2023-03-22 03:14:46',	'2023-03-22 03:14:46'),
(541,	85,	9,	5,	2,	6326.55000000,	14185.00000000,	'B8049',	10,	NULL,	NULL,	'2023-03-22 03:14:46',	'2023-03-22 03:14:46'),
(542,	85,	10,	5,	2,	6326.55000000,	14185.00000000,	'B8049',	10,	NULL,	NULL,	'2023-03-22 03:14:46',	'2023-03-22 03:14:46'),
(543,	86,	9,	2,	0,	5845.82000000,	13995.00000000,	'C2842',	10,	NULL,	NULL,	'2023-03-22 03:14:46',	'2023-03-22 03:14:46'),
(544,	86,	10,	2,	0,	5845.82000000,	13995.00000000,	'C2842',	10,	NULL,	NULL,	'2023-03-22 03:14:46',	'2023-03-22 03:14:46'),
(545,	86,	9,	3,	0,	5845.82000000,	13995.00000000,	'C2843',	10,	NULL,	NULL,	'2023-03-22 03:14:46',	'2023-03-22 03:14:46'),
(546,	86,	10,	3,	0,	5845.82000000,	13995.00000000,	'C2843',	10,	NULL,	NULL,	'2023-03-22 03:14:46',	'2023-03-22 03:14:46'),
(547,	86,	9,	1,	2,	5845.82000000,	13995.00000000,	'C2844',	10,	NULL,	NULL,	'2023-03-22 03:14:46',	'2023-03-22 03:14:46'),
(548,	86,	10,	1,	2,	5845.82000000,	13995.00000000,	'C2844',	10,	NULL,	NULL,	'2023-03-22 03:14:46',	'2023-03-22 03:14:46'),
(549,	86,	9,	4,	0,	5845.82000000,	13995.00000000,	'C2845',	10,	NULL,	NULL,	'2023-03-22 03:14:46',	'2023-03-22 03:14:46'),
(550,	86,	10,	4,	0,	5845.82000000,	13995.00000000,	'C2845',	10,	NULL,	NULL,	'2023-03-22 03:14:46',	'2023-03-22 03:14:46'),
(551,	86,	9,	5,	0,	5845.82000000,	13995.00000000,	'C2846',	10,	NULL,	NULL,	'2023-03-22 03:14:46',	'2023-03-22 03:14:46'),
(552,	86,	10,	5,	0,	5845.82000000,	13995.00000000,	'C2846',	10,	NULL,	NULL,	'2023-03-22 03:14:46',	'2023-03-22 03:14:46'),
(553,	87,	11,	2,	1,	6487.67000000,	19995.00000000,	'C8300',	10,	NULL,	NULL,	'2023-03-22 03:14:46',	'2023-03-22 03:14:46'),
(554,	87,	11,	3,	3,	6487.67000000,	19995.00000000,	'C8301',	10,	NULL,	NULL,	'2023-03-22 03:14:46',	'2023-03-22 03:14:46'),
(555,	87,	11,	1,	6,	6487.67000000,	19995.00000000,	'C8302',	10,	NULL,	NULL,	'2023-03-22 03:14:46',	'2023-03-22 03:14:46'),
(556,	87,	11,	4,	2,	6487.67000000,	19995.00000000,	'C8303',	10,	NULL,	NULL,	'2023-03-22 03:14:46',	'2023-03-22 03:14:46'),
(557,	87,	11,	5,	0,	6487.67000000,	19995.00000000,	'C8304',	10,	NULL,	NULL,	'2023-03-22 03:14:46',	'2023-03-22 03:14:46'),
(558,	88,	1,	2,	2,	870.21000000,	2455.00000000,	'B9160',	10,	NULL,	NULL,	'2023-03-22 03:14:46',	'2023-03-22 03:14:46'),
(559,	88,	1,	3,	0,	870.21000000,	2455.00000000,	'B9161',	10,	NULL,	NULL,	'2023-03-22 03:14:46',	'2023-03-22 03:14:46'),
(560,	88,	1,	1,	1,	870.21000000,	2455.00000000,	'B9162',	10,	NULL,	NULL,	'2023-03-22 03:14:46',	'2023-03-22 03:14:46'),
(561,	88,	1,	4,	0,	870.21000000,	2455.00000000,	'B9163',	10,	NULL,	NULL,	'2023-03-22 03:14:46',	'2023-03-22 03:14:46'),
(562,	88,	1,	5,	0,	870.21000000,	2455.00000000,	'B9164',	10,	NULL,	NULL,	'2023-03-22 03:14:46',	'2023-03-22 03:14:46'),
(563,	89,	10,	2,	0,	959.72000000,	2455.00000000,	'C6272',	10,	NULL,	NULL,	'2023-03-22 03:14:46',	'2023-03-22 03:14:46'),
(564,	89,	10,	3,	0,	959.72000000,	2455.00000000,	'C6273',	10,	NULL,	NULL,	'2023-03-22 03:14:46',	'2023-03-22 03:14:46'),
(565,	89,	10,	1,	1,	959.72000000,	2455.00000000,	'C6274',	10,	NULL,	NULL,	'2023-03-22 03:14:46',	'2023-03-22 03:14:46'),
(566,	89,	10,	4,	4,	959.72000000,	2455.00000000,	'C6275',	10,	NULL,	NULL,	'2023-03-22 03:14:46',	'2023-03-22 03:14:46'),
(567,	89,	10,	5,	0,	959.72000000,	2455.00000000,	'C6276',	10,	NULL,	NULL,	'2023-03-22 03:14:46',	'2023-03-22 03:14:46'),
(568,	90,	5,	2,	6,	997.80000000,	2455.00000000,	'C9394',	10,	NULL,	NULL,	'2023-03-22 03:14:46',	'2023-03-22 03:14:46'),
(569,	90,	5,	3,	3,	997.80000000,	2455.00000000,	'C9395',	10,	NULL,	NULL,	'2023-03-22 03:14:46',	'2023-03-22 03:14:46'),
(570,	90,	5,	1,	5,	997.80000000,	2455.00000000,	'C9396',	10,	NULL,	NULL,	'2023-03-22 03:14:46',	'2023-03-22 03:14:46'),
(571,	90,	5,	4,	6,	997.80000000,	2455.00000000,	'C9397',	10,	NULL,	NULL,	'2023-03-22 03:14:46',	'2023-03-22 03:14:46'),
(572,	90,	5,	5,	3,	997.80000000,	2455.00000000,	'C9398',	10,	NULL,	NULL,	'2023-03-22 03:14:46',	'2023-03-22 03:14:46'),
(573,	91,	13,	2,	0,	1506.69000000,	5155.00000000,	'C7181',	10,	NULL,	NULL,	'2023-03-22 03:14:46',	'2023-03-22 03:14:46'),
(574,	91,	13,	3,	1,	1506.69000000,	5155.00000000,	'C7182',	10,	NULL,	NULL,	'2023-03-22 03:14:46',	'2023-03-22 03:14:46'),
(575,	91,	13,	1,	3,	1506.69000000,	5155.00000000,	'C7183',	10,	NULL,	NULL,	'2023-03-22 03:14:46',	'2023-03-22 03:14:46'),
(576,	91,	13,	4,	1,	1506.69000000,	5155.00000000,	'C7184',	10,	NULL,	NULL,	'2023-03-22 03:14:46',	'2023-03-22 03:14:46'),
(577,	91,	13,	5,	2,	1506.69000000,	5155.00000000,	'C7185',	10,	NULL,	NULL,	'2023-03-22 03:14:46',	'2023-03-22 03:14:46'),
(578,	92,	2,	0,	3,	611.16000000,	1975.00000000,	'B7493',	10,	NULL,	NULL,	'2023-03-22 03:14:46',	'2023-03-22 03:14:46'),
(579,	93,	14,	0,	2,	1493.86000000,	4485.00000000,	'D0662',	10,	NULL,	NULL,	'2023-03-22 03:14:46',	'2023-03-22 03:14:46'),
(580,	94,	10,	2,	0,	1191.57000000,	2535.00000000,	'B2643',	10,	NULL,	NULL,	'2023-03-22 03:14:46',	'2023-03-22 03:14:46'),
(581,	94,	10,	3,	0,	1191.57000000,	2535.00000000,	'B2644',	10,	NULL,	NULL,	'2023-03-22 03:14:46',	'2023-03-22 03:14:46'),
(582,	94,	10,	2,	0,	1191.57000000,	2535.00000000,	'C9806',	10,	NULL,	NULL,	'2023-03-22 03:14:46',	'2023-03-22 03:14:46'),
(583,	94,	10,	2,	0,	1191.57000000,	2535.00000000,	'B3169',	10,	NULL,	NULL,	'2023-03-22 03:14:46',	'2023-03-22 03:14:46'),
(584,	94,	10,	3,	4,	1191.57000000,	2535.00000000,	'B3170',	10,	NULL,	NULL,	'2023-03-22 03:14:46',	'2023-03-22 03:14:46'),
(585,	95,	10,	2,	2,	723.25000000,	2065.00000000,	'C2322',	10,	NULL,	NULL,	'2023-03-22 03:14:46',	'2023-03-22 03:14:46'),
(586,	95,	10,	3,	6,	723.25000000,	2065.00000000,	'C2323',	10,	NULL,	NULL,	'2023-03-22 03:14:46',	'2023-03-22 03:14:46'),
(587,	95,	10,	1,	4,	723.25000000,	2065.00000000,	'C2324',	10,	NULL,	NULL,	'2023-03-22 03:14:46',	'2023-03-22 03:14:46'),
(588,	96,	1,	2,	0,	1928.91000000,	5285.00000000,	'C5163',	10,	NULL,	NULL,	'2023-03-22 03:14:46',	'2023-03-22 03:14:46'),
(589,	96,	12,	2,	0,	1928.91000000,	5285.00000000,	'C5163',	10,	NULL,	NULL,	'2023-03-22 03:14:46',	'2023-03-22 03:14:46'),
(590,	96,	1,	3,	1,	1928.91000000,	5285.00000000,	'C5164',	10,	NULL,	NULL,	'2023-03-22 03:14:46',	'2023-03-22 03:14:46'),
(591,	96,	12,	3,	1,	1928.91000000,	5285.00000000,	'C5164',	10,	NULL,	NULL,	'2023-03-22 03:14:46',	'2023-03-22 03:14:46'),
(592,	96,	1,	1,	1,	1928.91000000,	5285.00000000,	'C5165',	10,	NULL,	NULL,	'2023-03-22 03:14:46',	'2023-03-22 03:14:46'),
(593,	96,	12,	1,	1,	1928.91000000,	5285.00000000,	'C5165',	10,	NULL,	NULL,	'2023-03-22 03:14:46',	'2023-03-22 03:14:46'),
(594,	96,	1,	4,	1,	1928.91000000,	5285.00000000,	'C5166',	10,	NULL,	NULL,	'2023-03-22 03:14:46',	'2023-03-22 03:14:46'),
(595,	96,	12,	4,	1,	1928.91000000,	5285.00000000,	'C5166',	10,	NULL,	NULL,	'2023-03-22 03:14:46',	'2023-03-22 03:14:46'),
(596,	97,	1,	2,	3,	2407.78000000,	6985.00000000,	'C4974',	10,	NULL,	NULL,	'2023-03-22 03:14:46',	'2023-03-22 03:14:46'),
(597,	97,	1,	3,	3,	2407.78000000,	6985.00000000,	'C4975',	10,	NULL,	NULL,	'2023-03-22 03:14:47',	'2023-03-22 03:14:47'),
(598,	97,	1,	1,	1,	2407.78000000,	6985.00000000,	'C4976',	10,	NULL,	NULL,	'2023-03-22 03:14:47',	'2023-03-22 03:14:47'),
(599,	97,	1,	4,	1,	2407.78000000,	6985.00000000,	'C4977',	10,	NULL,	NULL,	'2023-03-22 03:14:47',	'2023-03-22 03:14:47'),
(600,	98,	1,	2,	0,	1239.38000000,	3985.00000000,	'C6066',	10,	NULL,	NULL,	'2023-03-22 03:14:47',	'2023-03-22 03:14:47'),
(601,	98,	1,	3,	0,	1239.38000000,	3985.00000000,	'C6067',	10,	NULL,	NULL,	'2023-03-22 03:14:47',	'2023-03-22 03:14:47'),
(602,	98,	1,	1,	0,	1239.38000000,	3985.00000000,	'C6068',	10,	NULL,	NULL,	'2023-03-22 03:14:47',	'2023-03-22 03:14:47'),
(603,	98,	1,	4,	1,	1239.38000000,	3985.00000000,	'C6069',	10,	NULL,	NULL,	'2023-03-22 03:14:47',	'2023-03-22 03:14:47'),
(604,	99,	5,	3,	3,	874.05000000,	2455.00000000,	'D0770',	10,	NULL,	NULL,	'2023-03-22 03:14:47',	'2023-03-22 03:14:47'),
(605,	99,	5,	2,	1,	874.05000000,	2455.00000000,	'D0772',	10,	NULL,	NULL,	'2023-03-22 03:14:47',	'2023-03-22 03:14:47'),
(606,	100,	11,	3,	3,	1790.37000000,	5855.00000000,	'D0826',	10,	NULL,	NULL,	'2023-03-22 03:14:47',	'2023-03-22 03:14:47'),
(607,	100,	11,	2,	4,	1905.34000000,	5855.00000000,	'D0828',	10,	NULL,	NULL,	'2023-03-22 03:14:47',	'2023-03-22 03:14:47'),
(608,	101,	13,	3,	3,	1816.37000000,	5855.00000000,	'D0822',	10,	NULL,	NULL,	'2023-03-22 03:14:47',	'2023-03-22 03:14:47'),
(609,	101,	13,	2,	1,	1933.20000000,	5855.00000000,	'D0824',	10,	NULL,	NULL,	'2023-03-22 03:14:47',	'2023-03-22 03:14:47'),
(610,	102,	14,	3,	2,	3113.23000000,	6955.00000000,	'D0788',	10,	NULL,	NULL,	'2023-03-22 03:14:47',	'2023-03-22 03:14:47'),
(611,	102,	14,	2,	0,	3113.23000000,	6955.00000000,	'D0790',	10,	NULL,	NULL,	'2023-03-22 03:14:47',	'2023-03-22 03:14:47'),
(612,	103,	2,	1,	8,	830.44000000,	2955.00000000,	'D0830',	10,	NULL,	NULL,	'2023-03-22 03:14:47',	'2023-03-22 03:14:47'),
(613,	103,	2,	2,	0,	830.44000000,	2955.00000000,	'D0832',	10,	NULL,	NULL,	'2023-03-22 03:14:47',	'2023-03-22 03:14:47'),
(614,	104,	1,	2,	2,	1494.03000000,	4495.00000000,	'C9129',	10,	NULL,	NULL,	'2023-03-22 03:14:47',	'2023-03-22 03:14:47'),
(615,	104,	2,	2,	2,	1494.03000000,	4495.00000000,	'C9129',	10,	NULL,	NULL,	'2023-03-22 03:14:47',	'2023-03-22 03:14:47'),
(616,	104,	1,	3,	3,	1494.03000000,	4495.00000000,	'C9130',	10,	NULL,	NULL,	'2023-03-22 03:14:47',	'2023-03-22 03:14:47'),
(617,	104,	2,	3,	3,	1494.03000000,	4495.00000000,	'C9130',	10,	NULL,	NULL,	'2023-03-22 03:14:47',	'2023-03-22 03:14:47'),
(618,	104,	1,	1,	4,	1494.03000000,	4495.00000000,	'C9131',	10,	NULL,	NULL,	'2023-03-22 03:14:47',	'2023-03-22 03:14:47'),
(619,	104,	2,	1,	4,	1494.03000000,	4495.00000000,	'C9131',	10,	NULL,	NULL,	'2023-03-22 03:14:47',	'2023-03-22 03:14:47'),
(620,	104,	1,	4,	1,	1494.03000000,	4495.00000000,	'C9132',	10,	NULL,	NULL,	'2023-03-22 03:14:47',	'2023-03-22 03:14:47'),
(621,	104,	2,	4,	1,	1494.03000000,	4495.00000000,	'C9132',	10,	NULL,	NULL,	'2023-03-22 03:14:47',	'2023-03-22 03:14:47'),
(622,	104,	1,	5,	0,	1494.03000000,	4495.00000000,	'C9133',	10,	NULL,	NULL,	'2023-03-22 03:14:47',	'2023-03-22 03:14:47'),
(623,	104,	2,	5,	0,	1494.03000000,	4495.00000000,	'C9133',	10,	NULL,	NULL,	'2023-03-22 03:14:47',	'2023-03-22 03:14:47'),
(624,	105,	0,	0,	4,	2830.20000000,	6195.00000000,	'C6031',	10,	NULL,	NULL,	'2023-03-22 03:14:47',	'2023-03-22 03:14:47'),
(625,	105,	0,	0,	3,	2830.20000000,	6195.00000000,	'C6032',	10,	NULL,	NULL,	'2023-03-22 03:14:47',	'2023-03-22 03:14:47'),
(626,	105,	0,	0,	1,	2830.20000000,	6195.00000000,	'C6033',	10,	NULL,	NULL,	'2023-03-22 03:14:47',	'2023-03-22 03:14:47'),
(627,	105,	0,	0,	2,	2830.20000000,	6195.00000000,	'C6034',	10,	NULL,	NULL,	'2023-03-22 03:14:47',	'2023-03-22 03:14:47'),
(628,	105,	0,	0,	1,	2830.20000000,	6195.00000000,	'C6035',	10,	NULL,	NULL,	'2023-03-22 03:14:47',	'2023-03-22 03:14:47'),
(629,	106,	10,	1,	0,	2425.77000000,	5800.00000000,	'D0730',	10,	NULL,	NULL,	'2023-03-22 03:14:47',	'2023-03-22 03:14:47'),
(630,	106,	10,	1,	5,	2425.77000000,	5800.00000000,	'D0390',	10,	NULL,	NULL,	'2023-03-22 03:14:47',	'2023-03-22 03:14:47'),
(631,	106,	10,	3,	2,	2425.77000000,	5800.00000000,	'D0392',	10,	NULL,	NULL,	'2023-03-22 03:14:47',	'2023-03-22 03:14:47'),
(632,	106,	10,	2,	2,	2425.77000000,	5800.00000000,	'D0394',	10,	NULL,	NULL,	'2023-03-22 03:14:47',	'2023-03-22 03:14:47'),
(633,	107,	10,	2,	3,	385.00000000,	975.00000000,	'C6724',	10,	NULL,	NULL,	'2023-03-22 03:14:47',	'2023-03-22 03:14:47'),
(634,	107,	10,	3,	9,	385.00000000,	975.00000000,	'C6725',	10,	NULL,	NULL,	'2023-03-22 03:14:47',	'2023-03-22 03:14:47'),
(635,	107,	10,	1,	8,	385.00000000,	975.00000000,	'C6726',	10,	NULL,	NULL,	'2023-03-22 03:14:47',	'2023-03-22 03:14:47'),
(636,	107,	10,	5,	0,	385.00000000,	975.00000000,	'C6727',	10,	NULL,	NULL,	'2023-03-22 03:14:47',	'2023-03-22 03:14:47'),
(637,	108,	1,	5,	0,	433.84000000,	1175.00000000,	'C7110',	10,	NULL,	NULL,	'2023-03-22 03:14:47',	'2023-03-22 03:14:47'),
(638,	108,	10,	5,	0,	433.84000000,	1175.00000000,	'C7110',	10,	NULL,	NULL,	'2023-03-22 03:14:47',	'2023-03-22 03:14:47'),
(639,	108,	1,	2,	8,	433.84000000,	1175.00000000,	'C7106',	10,	NULL,	NULL,	'2023-03-22 03:14:47',	'2023-03-22 03:14:47'),
(640,	108,	10,	2,	8,	433.84000000,	1175.00000000,	'C7106',	10,	NULL,	NULL,	'2023-03-22 03:14:47',	'2023-03-22 03:14:47'),
(641,	108,	1,	3,	4,	433.84000000,	1175.00000000,	'C7107',	10,	NULL,	NULL,	'2023-03-22 03:14:47',	'2023-03-22 03:14:47'),
(642,	108,	10,	3,	4,	433.84000000,	1175.00000000,	'C7107',	10,	NULL,	NULL,	'2023-03-22 03:14:47',	'2023-03-22 03:14:47'),
(643,	108,	1,	1,	12,	433.84000000,	1175.00000000,	'C7108',	10,	NULL,	NULL,	'2023-03-22 03:14:47',	'2023-03-22 03:14:47'),
(644,	108,	10,	1,	12,	433.84000000,	1175.00000000,	'C7108',	10,	NULL,	NULL,	'2023-03-22 03:14:47',	'2023-03-22 03:14:47'),
(645,	108,	1,	4,	2,	433.84000000,	1175.00000000,	'C7109',	10,	NULL,	NULL,	'2023-03-22 03:14:47',	'2023-03-22 03:14:47'),
(646,	108,	10,	4,	2,	433.84000000,	1175.00000000,	'C7109',	10,	NULL,	NULL,	'2023-03-22 03:14:47',	'2023-03-22 03:14:47'),
(647,	108,	1,	2,	0,	642.41000000,	1565.00000000,	'C7499',	10,	NULL,	NULL,	'2023-03-22 03:14:47',	'2023-03-22 03:14:47'),
(648,	108,	2,	2,	0,	642.41000000,	1565.00000000,	'C7499',	10,	NULL,	NULL,	'2023-03-22 03:14:47',	'2023-03-22 03:14:47'),
(649,	108,	1,	3,	0,	642.41000000,	1565.00000000,	'C7500',	10,	NULL,	NULL,	'2023-03-22 03:14:47',	'2023-03-22 03:14:47'),
(650,	108,	2,	3,	0,	642.41000000,	1565.00000000,	'C7500',	10,	NULL,	NULL,	'2023-03-22 03:14:47',	'2023-03-22 03:14:47'),
(651,	108,	1,	1,	1,	642.41000000,	1565.00000000,	'C7501',	10,	NULL,	NULL,	'2023-03-22 03:14:47',	'2023-03-22 03:14:47'),
(652,	108,	2,	1,	1,	642.41000000,	1565.00000000,	'C7501',	10,	NULL,	NULL,	'2023-03-22 03:14:47',	'2023-03-22 03:14:47'),
(653,	108,	1,	4,	0,	642.41000000,	1565.00000000,	'C7502',	10,	NULL,	NULL,	'2023-03-22 03:14:47',	'2023-03-22 03:14:47'),
(654,	108,	2,	4,	0,	642.41000000,	1565.00000000,	'C7502',	10,	NULL,	NULL,	'2023-03-22 03:14:47',	'2023-03-22 03:14:47'),
(655,	109,	13,	2,	3,	325.74000000,	975.00000000,	'C6729',	10,	NULL,	NULL,	'2023-03-22 03:14:47',	'2023-03-22 03:14:47'),
(656,	109,	13,	3,	8,	325.74000000,	975.00000000,	'C6730',	10,	NULL,	NULL,	'2023-03-22 03:14:47',	'2023-03-22 03:14:47'),
(657,	109,	13,	1,	11,	325.74000000,	975.00000000,	'C6731',	10,	NULL,	NULL,	'2023-03-22 03:14:47',	'2023-03-22 03:14:47'),
(658,	109,	13,	4,	1,	325.74000000,	975.00000000,	'C6732',	10,	NULL,	NULL,	'2023-03-22 03:14:47',	'2023-03-22 03:14:47'),
(659,	110,	10,	2,	1,	430.84000000,	1175.00000000,	'C6997',	10,	NULL,	NULL,	'2023-03-22 03:14:47',	'2023-03-22 03:14:47'),
(660,	110,	10,	3,	2,	430.84000000,	1175.00000000,	'C6998',	10,	NULL,	NULL,	'2023-03-22 03:14:47',	'2023-03-22 03:14:47'),
(661,	110,	10,	1,	8,	430.84000000,	1175.00000000,	'C6999',	10,	NULL,	NULL,	'2023-03-22 03:14:47',	'2023-03-22 03:14:47'),
(662,	110,	10,	4,	4,	430.84000000,	1175.00000000,	'C7000',	10,	NULL,	NULL,	'2023-03-22 03:14:47',	'2023-03-22 03:14:47'),
(663,	111,	1,	3,	0,	384.58000000,	955.00000000,	'C5738',	10,	NULL,	NULL,	'2023-03-22 03:14:47',	'2023-03-22 03:14:47'),
(664,	111,	12,	3,	0,	384.58000000,	955.00000000,	'C5738',	10,	NULL,	NULL,	'2023-03-22 03:14:47',	'2023-03-22 03:14:47'),
(665,	111,	1,	1,	0,	384.58000000,	955.00000000,	'C5739',	10,	NULL,	NULL,	'2023-03-22 03:14:47',	'2023-03-22 03:14:47'),
(666,	111,	12,	1,	0,	384.58000000,	955.00000000,	'C5739',	10,	NULL,	NULL,	'2023-03-22 03:14:47',	'2023-03-22 03:14:47'),
(667,	111,	12,	2,	0,	266.95000000,	955.00000000,	'C5741',	10,	NULL,	NULL,	'2023-03-22 03:14:47',	'2023-03-22 03:14:47'),
(668,	111,	12,	3,	0,	266.95000000,	955.00000000,	'C5742',	10,	NULL,	NULL,	'2023-03-22 03:14:47',	'2023-03-22 03:14:47'),
(669,	111,	12,	1,	0,	266.95000000,	955.00000000,	'C5743',	10,	NULL,	NULL,	'2023-03-22 03:14:47',	'2023-03-22 03:14:47'),
(670,	111,	11,	2,	0,	270.64000000,	955.00000000,	'C5745',	10,	NULL,	NULL,	'2023-03-22 03:14:47',	'2023-03-22 03:14:47'),
(671,	111,	11,	3,	0,	270.64000000,	955.00000000,	'C5746',	10,	NULL,	NULL,	'2023-03-22 03:14:47',	'2023-03-22 03:14:47'),
(672,	111,	11,	1,	4,	270.64000000,	955.00000000,	'C5747',	10,	NULL,	NULL,	'2023-03-22 03:14:47',	'2023-03-22 03:14:47'),
(673,	111,	13,	2,	0,	273.80000000,	955.00000000,	'C5749',	10,	NULL,	NULL,	'2023-03-22 03:14:47',	'2023-03-22 03:14:47'),
(674,	111,	13,	3,	0,	273.80000000,	955.00000000,	'C5750',	10,	NULL,	NULL,	'2023-03-22 03:14:47',	'2023-03-22 03:14:47'),
(675,	111,	13,	1,	0,	273.80000000,	955.00000000,	'C5751',	10,	NULL,	NULL,	'2023-03-22 03:14:47',	'2023-03-22 03:14:47'),
(676,	111,	2,	2,	0,	406.07000000,	955.00000000,	'C5753',	10,	NULL,	NULL,	'2023-03-22 03:14:47',	'2023-03-22 03:14:47'),
(677,	111,	2,	3,	0,	406.07000000,	955.00000000,	'C5754',	10,	NULL,	NULL,	'2023-03-22 03:14:47',	'2023-03-22 03:14:47'),
(678,	111,	2,	1,	0,	406.07000000,	955.00000000,	'C5755',	10,	NULL,	NULL,	'2023-03-22 03:14:47',	'2023-03-22 03:14:47'),
(679,	112,	2,	0,	3,	2316.68000000,	4775.00000000,	'D0920',	10,	NULL,	NULL,	'2023-03-22 03:14:47',	'2023-03-22 03:14:47'),
(680,	113,	2,	0,	7,	1733.15000000,	4995.00000000,	'D0854',	10,	NULL,	NULL,	'2023-03-22 03:14:47',	'2023-03-22 03:14:47'),
(681,	113,	13,	0,	7,	1733.15000000,	4995.00000000,	'D0854',	10,	NULL,	NULL,	'2023-03-22 03:14:47',	'2023-03-22 03:14:47'),
(682,	114,	1,	0,	7,	3065.98000000,	5995.00000000,	'D0916',	10,	NULL,	NULL,	'2023-03-22 03:14:47',	'2023-03-22 03:14:47'),
(683,	114,	2,	0,	7,	3065.98000000,	5995.00000000,	'D0916',	10,	NULL,	NULL,	'2023-03-22 03:14:47',	'2023-03-22 03:14:47'),
(684,	115,	2,	0,	4,	1772.18000000,	4500.00000000,	'D0914',	10,	NULL,	NULL,	'2023-03-22 03:14:47',	'2023-03-22 03:14:47'),
(685,	115,	12,	0,	4,	1772.18000000,	4500.00000000,	'D0914',	10,	NULL,	NULL,	'2023-03-22 03:14:47',	'2023-03-22 03:14:47'),
(686,	116,	2,	0,	4,	4547.32000000,	10995.00000000,	'D0962',	10,	NULL,	NULL,	'2023-03-22 03:14:47',	'2023-03-22 03:14:47'),
(687,	116,	12,	0,	4,	4547.32000000,	10995.00000000,	'D0962',	10,	NULL,	NULL,	'2023-03-22 03:14:47',	'2023-03-22 03:14:47'),
(688,	117,	13,	0,	7,	1600.70000000,	4500.00000000,	'D0912',	10,	NULL,	NULL,	'2023-03-22 03:14:47',	'2023-03-22 03:14:47'),
(689,	118,	10,	0,	8,	1997.47000000,	5995.00000000,	'D0936',	10,	NULL,	NULL,	'2023-03-22 03:14:47',	'2023-03-22 03:14:47'),
(690,	119,	2,	0,	9,	2225.74000000,	5995.00000000,	'D0938',	10,	NULL,	NULL,	'2023-03-22 03:14:47',	'2023-03-22 03:14:47'),
(691,	119,	5,	0,	9,	2225.74000000,	5995.00000000,	'D0938',	10,	NULL,	NULL,	'2023-03-22 03:14:47',	'2023-03-22 03:14:47'),
(692,	120,	0,	4,	5,	2986.71000000,	5995.00000000,	'D0928',	10,	NULL,	NULL,	'2023-03-22 03:14:47',	'2023-03-22 03:14:47'),
(693,	121,	10,	0,	8,	1833.32000000,	4995.00000000,	'D0926',	10,	NULL,	NULL,	'2023-03-22 03:14:47',	'2023-03-22 03:14:47'),
(694,	121,	13,	0,	8,	1833.32000000,	4995.00000000,	'D0926',	10,	NULL,	NULL,	'2023-03-22 03:14:47',	'2023-03-22 03:14:47'),
(695,	122,	5,	0,	8,	1709.97000000,	4995.00000000,	'D0966',	10,	NULL,	NULL,	'2023-03-22 03:14:47',	'2023-03-22 03:14:47'),
(696,	122,	10,	0,	8,	1709.97000000,	4995.00000000,	'D0966',	10,	NULL,	NULL,	'2023-03-22 03:14:47',	'2023-03-22 03:14:47'),
(697,	123,	1,	0,	2,	2454.92000000,	4995.00000000,	'D0980',	10,	NULL,	NULL,	'2023-03-22 03:14:47',	'2023-03-22 03:14:47'),
(698,	123,	2,	0,	2,	2454.92000000,	4995.00000000,	'D0980',	10,	NULL,	NULL,	'2023-03-22 03:14:47',	'2023-03-22 03:14:47'),
(699,	123,	14,	0,	2,	2454.92000000,	4995.00000000,	'D0980',	10,	NULL,	NULL,	'2023-03-22 03:14:47',	'2023-03-22 03:14:47'),
(700,	124,	2,	0,	4,	2358.45000000,	4995.00000000,	'D0982',	10,	NULL,	NULL,	'2023-03-22 03:14:47',	'2023-03-22 03:14:47'),
(701,	124,	14,	0,	4,	2358.45000000,	4995.00000000,	'D0982',	10,	NULL,	NULL,	'2023-03-22 03:14:47',	'2023-03-22 03:14:47'),
(702,	125,	0,	0,	10,	3320.00000000,	4650.00000000,	'B0379',	10,	NULL,	NULL,	'2023-03-22 03:14:47',	'2023-03-22 03:14:47'),
(732,	131,	0,	0,	573,	53.00000000,	35.00000000,	'Odit ad ipsa ex vol',	10,	NULL,	NULL,	'2022-03-11 18:00:00',	NULL),
(733,	145,	0,	0,	573,	53.00000000,	35.00000000,	'Odit ad ipsa ex vol',	10,	NULL,	NULL,	'2022-03-11 18:00:00',	NULL),
(734,	161,	0,	0,	50,	234.00000000,	567.00000000,	'AD23456',	10,	NULL,	NULL,	'2022-03-11 18:00:00',	NULL),
(755,	187,	0,	0,	75,	433.00000000,	534.00000000,	'AD543',	10,	NULL,	NULL,	'2023-08-13 05:09:53',	'2023-08-13 05:09:53'),
(758,	189,	0,	0,	54,	455.00000000,	632.00000000,	'H4263',	10,	NULL,	NULL,	'2023-08-13 05:16:06',	'2023-08-13 05:16:06'),
(759,	165,	0,	0,	50,	234.00000000,	567.00000000,	'AD23456',	10,	NULL,	NULL,	'2023-08-13 05:16:39',	'2023-08-13 05:16:39'),
(760,	192,	0,	0,	1000,	345.00000000,	567.00000000,	'H123',	10,	NULL,	NULL,	'2022-03-11 18:00:00',	NULL),
(766,	220,	0,	0,	40,	500.00000000,	600.00000000,	'DER123',	10,	NULL,	NULL,	'2022-03-11 18:00:00',	NULL),
(767,	221,	20,	23,	50,	1500.00000000,	6000.00000000,	'Z1001',	10,	NULL,	NULL,	'2022-03-11 18:00:00',	NULL),
(768,	221,	20,	21,	47,	1500.00000000,	6000.00000000,	'Z1002',	10,	NULL,	NULL,	'2022-03-11 18:00:00',	NULL),
(769,	221,	10,	23,	57,	1500.00000000,	5500.00000000,	'Z1003',	10,	NULL,	NULL,	'2022-03-11 18:00:00',	NULL),
(770,	221,	10,	21,	68,	1500.00000000,	5500.00000000,	'Z1004',	10,	NULL,	NULL,	'2022-03-11 18:00:00',	NULL),
(771,	222,	0,	0,	9,	500.00000000,	2000.00000000,	'C6923',	10,	NULL,	NULL,	'2022-03-11 18:00:00',	NULL),
(772,	235,	0,	0,	67,	544.00000000,	645.00000000,	'5467',	10,	NULL,	NULL,	'2022-03-11 18:00:00',	NULL),
(773,	236,	0,	0,	7555,	655.00000000,	755.00000000,	'F3455',	10,	NULL,	NULL,	'2022-03-11 18:00:00',	NULL);

DROP TABLE IF EXISTS `makings`;
CREATE TABLE `makings` (
  `id` bigint(20) unsigned NOT NULL AUTO_INCREMENT,
  `making_name` varchar(255) COLLATE utf8mb4_unicode_ci NOT NULL,
  `slug` varchar(255) COLLATE utf8mb4_unicode_ci DEFAULT NULL,
  `precedence` int(11) DEFAULT NULL,
  `status` tinyint(4) NOT NULL DEFAULT 1,
  `deleted_at` timestamp NULL DEFAULT NULL,
  `created_at` timestamp NULL DEFAULT NULL,
  `updated_at` timestamp NULL DEFAULT NULL,
  PRIMARY KEY (`id`)
) ENGINE=InnoDB DEFAULT CHARSET=utf8mb4 COLLATE=utf8mb4_unicode_ci;

INSERT INTO `makings` (`id`, `making_name`, `slug`, `precedence`, `status`, `deleted_at`, `created_at`, `updated_at`) VALUES
(1,	'Stitched',	'stitched',	NULL,	1,	NULL,	'2023-03-07 04:57:23',	'2023-03-11 09:37:43'),
(2,	'Unstitched',	'unstitched',	NULL,	1,	NULL,	'2023-03-07 04:57:29',	'2023-03-11 09:38:01');

DROP TABLE IF EXISTS `media_managers`;
CREATE TABLE `media_managers` (
  `id` bigint(20) unsigned NOT NULL AUTO_INCREMENT,
  `file_link` varchar(255) COLLATE utf8mb4_unicode_ci NOT NULL,
  `file_type` varchar(255) COLLATE utf8mb4_unicode_ci DEFAULT NULL,
  `product_name` varchar(255) COLLATE utf8mb4_unicode_ci DEFAULT NULL,
  `cld_public_id` varchar(255) COLLATE utf8mb4_unicode_ci DEFAULT NULL,
  `extension` varchar(255) COLLATE utf8mb4_unicode_ci DEFAULT NULL,
  `status` tinyint(4) NOT NULL DEFAULT 1,
  `created_at` timestamp NULL DEFAULT NULL,
  `updated_at` timestamp NULL DEFAULT NULL,
  PRIMARY KEY (`id`)
) ENGINE=InnoDB DEFAULT CHARSET=utf8mb4 COLLATE=utf8mb4_unicode_ci;

INSERT INTO `media_managers` (`id`, `file_link`, `file_type`, `product_name`, `cld_public_id`, `extension`, `status`, `created_at`, `updated_at`) VALUES
(4,	'https://res.cloudinary.com/diyc1dizi/image/upload/aranya/4_2.png',	'image',	'4_2',	NULL,	'png',	1,	'2023-06-21 08:08:56',	NULL),
(10,	'https://res.cloudinary.com/diyc1dizi/image/upload/aranya/27_1.png',	'image',	'27_1',	NULL,	'png',	1,	'2023-06-25 07:09:31',	NULL),
(11,	'https://res.cloudinary.com/diyc1dizi/image/upload/aranya/11_1.png',	'image',	'11_1',	NULL,	'png',	1,	'2023-07-05 05:39:39',	NULL),
(12,	'https://res.cloudinary.com/diyc1dizi/image/upload/Untitled_design_32.png',	'image',	'Untitled_design_32',	'Untitled_design_32',	'png',	1,	'2023-08-10 12:00:54',	NULL),
(13,	'https://res.cloudinary.com/diyc1dizi/image/upload/29_1.png',	'image',	'29_1',	'29_1',	'png',	1,	'2023-08-16 06:05:27',	NULL),
(18,	'https://res.cloudinary.com/diyc1dizi/image/upload/96_2.png',	'image',	'96_2',	'96_2',	'png',	1,	'2023-08-16 10:39:58',	NULL),
(19,	'https://res.cloudinary.com/diyc1dizi/image/upload/29_1.png',	'image',	'29_1',	'29_1',	'png',	1,	'2023-08-16 10:45:21',	NULL),
(20,	'https://res.cloudinary.com/diyc1dizi/image/upload/7_1.png',	'image',	'7_1',	'7_1',	'png',	1,	'2023-08-17 05:13:05',	NULL),
(21,	'https://res.cloudinary.com/diyc1dizi/image/upload/9_1.png',	'image',	'9_1',	'9_1',	'png',	1,	'2023-08-17 05:16:58',	NULL),
(22,	'https://res.cloudinary.com/diyc1dizi/image/upload/28_1.png',	'image',	'28_1',	'28_1',	'png',	1,	'2023-08-22 05:23:01',	NULL),
(23,	'https://res.cloudinary.com/diyc1dizi/image/upload/10_1.png',	'image',	'10_1',	'10_1',	'png',	1,	'2023-08-22 05:54:36',	NULL),
(24,	'https://res.cloudinary.com/diyc1dizi/image/upload/10_2.png',	'image',	'10_2',	'10_2',	'png',	1,	'2023-08-22 05:54:36',	NULL);

DROP TABLE IF EXISTS `migrations`;
CREATE TABLE `migrations` (
  `id` int(10) unsigned NOT NULL AUTO_INCREMENT,
  `migration` varchar(255) COLLATE utf8mb4_unicode_ci NOT NULL,
  `batch` int(11) NOT NULL,
  PRIMARY KEY (`id`)
) ENGINE=InnoDB DEFAULT CHARSET=utf8mb4 COLLATE=utf8mb4_unicode_ci;

INSERT INTO `migrations` (`id`, `migration`, `batch`) VALUES
(1,	'2014_10_12_000000_create_users_table',	1),
(2,	'2014_10_12_100000_create_password_resets_table',	1),
(3,	'2019_08_19_000000_create_failed_jobs_table',	1),
(4,	'2019_12_14_000001_create_personal_access_tokens_table',	1),
(5,	'2022_12_01_105900_create_admins_table',	1),
(6,	'2022_12_13_061800_create_categories_table',	1),
(7,	'2022_12_13_061932_create_products_table',	1),
(8,	'2022_12_13_061957_create_orders_table',	1),
(9,	'2022_12_13_062042_create_inventories_table',	1),
(10,	'2022_12_13_062113_create_deliveries_table',	1),
(11,	'2023_01_03_112319_create_payments_table',	1),
(12,	'2023_01_22_090936_create_discounts_table',	1),
(13,	'2023_01_24_121207_create_colours_table',	1),
(14,	'2023_01_24_121348_create_sizes_table',	1),
(15,	'2023_01_24_121418_create_fabrics_table',	1),
(16,	'2023_01_30_124951_create_product_colours_table',	1),
(17,	'2023_01_30_125118_create_product_sizes_table',	1),
(18,	'2023_01_30_125155_create_product_fabrics_table',	1),
(19,	'2023_02_05_052839_create_order_details_table',	1),
(20,	'2023_02_06_132655_create_campaigns_table',	1),
(21,	'2023_02_07_071912_create_campaign_products_table',	1),
(22,	'2023_02_13_080837_create_pages_table',	1),
(23,	'2023_02_18_200445_create_user_shipping_infos_table',	1),
(24,	'2023_02_18_201457_create_user_billing_infos_table',	1),
(25,	'2023_02_23_044707_create_category_fabric_table',	1),
(26,	'2023_02_28_140135_create_vendors_table',	1),
(27,	'2023_02_28_140532_create_brands_table',	1),
(28,	'2023_02_28_140556_create_designers_table',	1),
(29,	'2023_02_28_142633_create_artists_table',	1),
(30,	'2023_03_02_065627_create_embellishments_table',	1),
(31,	'2023_03_05_060339_create_makings_table',	1),
(32,	'2023_03_05_060519_create_seasons_table',	1),
(33,	'2023_03_05_060553_create_varieties_table',	1),
(34,	'2023_03_05_060617_create_fits_table',	1),
(35,	'2023_03_05_060647_create_consignments_table',	1),
(36,	'2023_03_05_061200_create_ingredients_table',	1),
(37,	'2023_03_05_151612_create_product_tags_table',	1),
(38,	'2023_03_06_052323_create_cares_table',	1),
(39,	'2023_03_06_070719_create_product_vendors_table',	1),
(40,	'2023_03_06_070742_create_product_brands_table',	1),
(41,	'2023_03_06_070758_create_product_designers_table',	1),
(42,	'2023_03_06_070828_create_product_embellishments_table',	1),
(43,	'2023_03_06_070956_create_product_makings_table',	1),
(44,	'2023_03_06_071021_create_product_seasons_table',	1),
(45,	'2023_03_06_071044_create_product_varieties_table',	1),
(46,	'2023_03_06_071108_create_product_fits_table',	1),
(47,	'2023_03_06_071132_create_product_artists_table',	1),
(48,	'2023_03_06_092224_create_product_consignments_table',	1),
(49,	'2023_03_06_092741_create_product_cares_table',	1),
(50,	'2023_03_06_104956_create_product_ingredients_table',	1),
(51,	'2023_03_06_134546_create_vat_taxes_table',	1),
(52,	'2023_03_13_135147_create_countries_table',	2),
(53,	'2023_05_09_045400_create_refund_configure_table',	2),
(54,	'2023_05_16_065420_create_roles_table',	3),
(55,	'2023_05_16_065624_create_permissions_table',	3),
(56,	'2023_05_16_065716_create_role_permissions_table',	3),
(57,	'2023_06_12_063650_create_shipping_configs_table',	4),
(58,	'2023_06_14_061250_create_media_managers_table',	5),
(59,	'2023_07_11_125047_create_address_books_table',	6),
(60,	'2023_07_23_104115_create_informations_table',	7);

DROP TABLE IF EXISTS `orders`;
CREATE TABLE `orders` (
  `id` bigint(20) unsigned NOT NULL AUTO_INCREMENT,
  `order_id` varchar(255) COLLATE utf8mb4_unicode_ci NOT NULL,
  `user_id` bigint(20) unsigned NOT NULL,
  `total_price` double(16,4) NOT NULL,
  `charge_total_price` double(16,4) NOT NULL,
  `vat_rate` double(4,2) NOT NULL DEFAULT 0.00 COMMENT 'vat rate in percentage ''%''',
  `charge_vat_rate` double(4,2) NOT NULL,
  `vat_amount` double(16,4) NOT NULL DEFAULT 0.0000 COMMENT 'value added vat amount',
  `charge_vat_amount` double(16,4) NOT NULL,
  `total_item` int(11) NOT NULL DEFAULT 0,
  `shipping_method` varchar(255) COLLATE utf8mb4_unicode_ci DEFAULT NULL,
  `coupon` varchar(255) COLLATE utf8mb4_unicode_ci DEFAULT NULL,
  `payment_method` varchar(255) COLLATE utf8mb4_unicode_ci DEFAULT NULL COMMENT '0 for COD/1 for MPAY/ 2 for POS/ 3 for CCRD/4 for BOD if not set default COD',
  `payment_via` tinyint(4) DEFAULT NULL COMMENT '0 for COD,1 Online',
  `payment_method_name` varchar(255) COLLATE utf8mb4_unicode_ci DEFAULT NULL COMMENT 'ssl,amex,stripe',
  `transaction_id` varchar(255) COLLATE utf8mb4_unicode_ci DEFAULT NULL,
  `discount` double NOT NULL DEFAULT 0,
  `charge_discount` double DEFAULT NULL,
  `coupon_discount` double DEFAULT 0,
  `payment_status` tinyint(4) NOT NULL DEFAULT 0 COMMENT '0 not paid 1 = paid',
  `validation_id` varchar(255) COLLATE utf8mb4_unicode_ci DEFAULT NULL,
  `card_type` varchar(255) COLLATE utf8mb4_unicode_ci DEFAULT NULL,
  `order_date` date NOT NULL,
  `requested_delivery_date` date DEFAULT NULL,
  `payment_date` date DEFAULT NULL,
  `shipping_amount` int(11) NOT NULL DEFAULT 0,
  `charge_shipping_amount` int(11) NOT NULL,
  `tracking_id` varchar(255) COLLATE utf8mb4_unicode_ci DEFAULT NULL,
  `payment_info` longtext COLLATE utf8mb4_unicode_ci DEFAULT NULL,
  `status` tinyint(4) NOT NULL DEFAULT 1,
  `is_same_address` tinyint(4) NOT NULL DEFAULT 0,
  `order_position` tinyint(4) NOT NULL DEFAULT 0 COMMENT '0=pending 1=process 2=OnProcess 3=Delivered',
  `delivery_type` tinyint(4) NOT NULL DEFAULT 0 COMMENT '0 for home, 1 for pickup point',
  `percel_type` tinyint(4) NOT NULL DEFAULT 0 COMMENT '0 for Box, 1 for DOC',
  `pickup_point_no` int(11) DEFAULT NULL COMMENT 'pickup point id',
  `charged_currency` varchar(50) COLLATE utf8mb4_unicode_ci DEFAULT NULL,
  `exchange_rate` float DEFAULT NULL,
  `user_note` longtext COLLATE utf8mb4_unicode_ci DEFAULT NULL,
  `deleted_at` timestamp NULL DEFAULT NULL,
  `created_at` timestamp NULL DEFAULT NULL,
  `updated_at` timestamp NULL DEFAULT NULL,
  PRIMARY KEY (`id`)
) ENGINE=InnoDB DEFAULT CHARSET=utf8mb4 COLLATE=utf8mb4_unicode_ci;

INSERT INTO `orders` (`id`, `order_id`, `user_id`, `total_price`, `charge_total_price`, `vat_rate`, `charge_vat_rate`, `vat_amount`, `charge_vat_amount`, `total_item`, `shipping_method`, `coupon`, `payment_method`, `payment_via`, `payment_method_name`, `transaction_id`, `discount`, `charge_discount`, `coupon_discount`, `payment_status`, `validation_id`, `card_type`, `order_date`, `requested_delivery_date`, `payment_date`, `shipping_amount`, `charge_shipping_amount`, `tracking_id`, `payment_info`, `status`, `is_same_address`, `order_position`, `delivery_type`, `percel_type`, `pickup_point_no`, `charged_currency`, `exchange_rate`, `user_note`, `deleted_at`, `created_at`, `updated_at`) VALUES
(1,	'032280R2QHKTJ2',	2,	14030.0000,	14030.0000,	0.00,	0.00,	1001.5000,	1002.0000,	3,	NULL,	NULL,	'0',	1,	'sslCommerz',	'23082217522013YcwokTY8sR9qW',	0,	NULL,	0,	1,	'2308221752211B1EY6xyRpR1B8e',	'OKAYWALLET-Okay Wallet',	'2023-08-22',	'2023-08-23',	'2023-08-22',	0,	0,	NULL,	'{\"tran_id\":\"1\",\"val_id\":\"2308221752211B1EY6xyRpR1B8e\",\"amount\":\"15031.50\",\"card_type\":\"OKAYWALLET-Okay Wallet\",\"store_amount\":\"14655.71\",\"card_no\":null,\"bank_tran_id\":\"23082217522013YcwokTY8sR9qW\",\"status\":\"VALID\",\"tran_date\":\"2023-08-22 17:52:08\",\"error\":null,\"currency\":\"BDT\",\"card_issuer\":null,\"card_brand\":null,\"card_sub_brand\":\"Classic\",\"card_issuer_country\":null,\"card_issuer_country_code\":null,\"store_id\":\"limme601b86f8e6dd4\",\"verify_sign\":\"594c88182528aafe6e6ba12b9a1d09d5\",\"verify_key\":\"amount,bank_tran_id,base_fair,card_brand,card_issuer,card_issuer_country,card_issuer_country_code,card_no,card_sub_brand,card_type,currency,currency_amount,currency_rate,currency_type,error,risk_level,risk_title,status,store_amount,store_id,tran_date,tran_id,val_id,value_a,value_b,value_c,value_d\",\"verify_sign_sha2\":\"fc604ed577f65337c38401ed931b4259942914a3c2644c01a475b2297808d1f7\",\"currency_type\":\"BDT\",\"currency_amount\":\"15031.50\",\"currency_rate\":\"1.0000\",\"base_fair\":\"0.00\",\"value_a\":\"https:\\/\\/staging.aranya.com.bd\",\"value_b\":null,\"value_c\":\"ref003\",\"value_d\":\"ref004\",\"subscription_id\":null,\"risk_level\":\"0\",\"risk_title\":\"Safe\"}',	1,	1,	0,	1,	0,	NULL,	'BDT',	1,	NULL,	NULL,	'2023-08-22 11:52:08',	'2023-08-22 11:52:23'),
(2,	'B3Z022U9860225',	2,	3077.0000,	3077.0000,	0.00,	0.00,	185.7250,	186.0000,	4,	NULL,	NULL,	'0',	0,	NULL,	NULL,	0,	NULL,	0,	0,	NULL,	NULL,	'2023-08-22',	'2023-08-23',	NULL,	0,	0,	NULL,	NULL,	1,	0,	1,	1,	0,	NULL,	'BDT',	1,	'delivery at 5am',	NULL,	'2023-08-22 12:14:12',	'2023-08-22 12:14:12'),
(3,	'2038N22X2EPZ04',	2,	4060.0000,	4060.0000,	0.00,	0.00,	203.0000,	203.0000,	2,	NULL,	NULL,	'0',	0,	NULL,	NULL,	0,	NULL,	0,	0,	NULL,	NULL,	'2023-08-22',	'2023-08-23',	NULL,	0,	0,	NULL,	NULL,	1,	0,	1,	1,	0,	NULL,	'BDT',	1,	'some note here',	NULL,	'2023-08-22 12:18:44',	'2023-08-22 12:18:44'),
(4,	'LI482220S0Y3WQ',	93,	15525.0000,	15525.0000,	0.00,	0.00,	1164.3750,	1165.0000,	3,	NULL,	NULL,	'0',	1,	'sslCommerz',	'2308241150439iofOIx0I8CIW6h',	0,	NULL,	0,	1,	'230824115043MueHC4WhKXCOK3V',	'UPay-UPay',	'2023-08-24',	'2023-08-25',	'2023-08-24',	0,	0,	NULL,	'{\"tran_id\":\"4\",\"val_id\":\"230824115043MueHC4WhKXCOK3V\",\"amount\":\"16689.38\",\"card_type\":\"UPay-UPay\",\"store_amount\":\"16272.15\",\"card_no\":null,\"bank_tran_id\":\"2308241150439iofOIx0I8CIW6h\",\"status\":\"VALID\",\"tran_date\":\"2023-08-24 11:50:32\",\"error\":null,\"currency\":\"BDT\",\"card_issuer\":\"UPay\",\"card_brand\":\"MOBILEBANKING\",\"card_sub_brand\":\"Classic\",\"card_issuer_country\":\"Bangladesh\",\"card_issuer_country_code\":\"BD\",\"store_id\":\"limme601b86f8e6dd4\",\"verify_sign\":\"961f85012b98e42f2a563539e7d12199\",\"verify_key\":\"amount,bank_tran_id,base_fair,card_brand,card_issuer,card_issuer_country,card_issuer_country_code,card_no,card_sub_brand,card_type,currency,currency_amount,currency_rate,currency_type,error,risk_level,risk_title,status,store_amount,store_id,tran_date,tran_id,val_id,value_a,value_b,value_c,value_d\",\"verify_sign_sha2\":\"ab564aeaebe34ebd4384deb3682645499fc88e80917c3aa83cef1cb152b76f4e\",\"currency_type\":\"BDT\",\"currency_amount\":\"16689.38\",\"currency_rate\":\"1.0000\",\"base_fair\":\"0.00\",\"value_a\":\"https:\\/\\/staging.aranya.com.bd\",\"value_b\":null,\"value_c\":\"ref003\",\"value_d\":\"ref004\",\"subscription_id\":null,\"risk_level\":\"0\",\"risk_title\":\"Safe\"}',	1,	0,	0,	1,	0,	NULL,	'BDT',	1,	'testing',	NULL,	'2023-08-24 05:50:31',	'2023-08-24 05:50:45');

DROP TABLE IF EXISTS `order_details`;
CREATE TABLE `order_details` (
  `id` bigint(20) unsigned NOT NULL AUTO_INCREMENT,
  `order_id` bigint(20) unsigned NOT NULL,
  `product_id` bigint(20) unsigned NOT NULL,
  `category_id` int(11) NOT NULL,
  `sub_category_id` bigint(20) unsigned NOT NULL,
  `colour_id` bigint(20) unsigned DEFAULT 0,
  `size_id` bigint(20) unsigned DEFAULT 0,
  `fabric_id` bigint(20) unsigned DEFAULT 0,
  `user_id` bigint(20) unsigned NOT NULL COMMENT 'customer_id',
  `vat_rate` double(4,2) unsigned NOT NULL DEFAULT 0.00,
  `charge_vat_rate` double(4,2) unsigned NOT NULL,
  `vat_amount` double(16,8) unsigned NOT NULL DEFAULT 0.00000000,
  `charge_vat_amount` double(16,8) unsigned NOT NULL,
  `quantity` int(11) NOT NULL,
  `selling_price` double(16,8) NOT NULL,
  `charge_selling_price` double(16,8) NOT NULL,
  `buying_price` double(16,8) NOT NULL,
  `total_buying_price` double(16,8) NOT NULL,
  `total_selling_price` double(16,8) NOT NULL,
  `total_charge_selling_price` double(16,8) NOT NULL,
  `unit_discount` double(16,8) NOT NULL DEFAULT 0.00000000,
  `total_discount` double(16,8) NOT NULL DEFAULT 0.00000000,
  `status` tinyint(4) NOT NULL DEFAULT 1,
  `deleted_at` timestamp NULL DEFAULT NULL,
  `created_at` timestamp NULL DEFAULT NULL,
  `updated_at` timestamp NULL DEFAULT NULL,
  `is_claim_refund` int(4) DEFAULT 0 COMMENT '0 for No Claim, 1 for claimed',
  `refund_claim_date` date DEFAULT NULL,
  `is_refunded` tinyint(4) DEFAULT 0 COMMENT '0 for refund not done, 1 for refund done, 2 for reject',
  `refund_date` date DEFAULT NULL,
  `refund_claim_reason` longtext COLLATE utf8mb4_unicode_ci DEFAULT NULL,
  `refund_reject_reason` longtext COLLATE utf8mb4_unicode_ci DEFAULT NULL,
  `refund_info` longtext COLLATE utf8mb4_unicode_ci DEFAULT NULL,
  `charged_currency` varchar(50) COLLATE utf8mb4_unicode_ci DEFAULT NULL,
  `exchange_rate` float DEFAULT NULL,
  PRIMARY KEY (`id`)
) ENGINE=InnoDB DEFAULT CHARSET=utf8mb4 COLLATE=utf8mb4_unicode_ci;

INSERT INTO `order_details` (`id`, `order_id`, `product_id`, `category_id`, `sub_category_id`, `colour_id`, `size_id`, `fabric_id`, `user_id`, `vat_rate`, `charge_vat_rate`, `vat_amount`, `charge_vat_amount`, `quantity`, `selling_price`, `charge_selling_price`, `buying_price`, `total_buying_price`, `total_selling_price`, `total_charge_selling_price`, `unit_discount`, `total_discount`, `status`, `deleted_at`, `created_at`, `updated_at`, `is_claim_refund`, `refund_claim_date`, `is_refunded`, `refund_date`, `refund_claim_reason`, `refund_reject_reason`, `refund_info`, `charged_currency`, `exchange_rate`) VALUES
(1,	1,	222,	4,	24,	0,	0,	0,	2,	5.00,	5.00,	101.50000000,	102.00000000,	1,	2030.00000000,	2030.00000000,	500.00000000,	500.00000000,	2030.00000000,	2030.00000000,	0.00000000,	0.00000000,	1,	NULL,	'2023-08-22 11:52:08',	'2023-08-22 11:52:08',	0,	NULL,	0,	NULL,	NULL,	NULL,	NULL,	'BDT',	1),
(2,	1,	221,	2,	15,	20,	21,	0,	2,	7.50,	7.50,	900.00000000,	900.00000000,	2,	6000.00000000,	6000.00000000,	1500.00000000,	3000.00000000,	12000.00000000,	12000.00000000,	0.00000000,	0.00000000,	1,	NULL,	'2023-08-22 11:52:08',	'2023-08-22 11:52:08',	0,	NULL,	0,	NULL,	NULL,	NULL,	NULL,	'BDT',	1),
(3,	2,	220,	1,	9,	0,	0,	0,	2,	5.00,	5.00,	30.00000000,	30.00000000,	1,	600.00000000,	600.00000000,	500.00000000,	500.00000000,	600.00000000,	600.00000000,	0.00000000,	0.00000000,	1,	NULL,	'2023-08-22 12:14:12',	'2023-08-22 12:14:12',	0,	NULL,	0,	NULL,	NULL,	NULL,	NULL,	'BDT',	1),
(4,	2,	192,	1,	8,	0,	0,	0,	2,	5.00,	5.00,	60.10000000,	60.00000000,	2,	601.00000000,	601.00000000,	345.00000000,	690.00000000,	1202.00000000,	1202.00000000,	0.00000000,	0.00000000,	1,	NULL,	'2023-08-22 12:14:12',	'2023-08-22 12:14:12',	0,	NULL,	0,	NULL,	NULL,	NULL,	NULL,	'BDT',	1),
(5,	2,	68,	2,	15,	2,	1,	0,	2,	7.50,	7.50,	95.62500000,	96.00000000,	1,	1275.00000000,	1275.00000000,	610.00000000,	610.00000000,	1275.00000000,	1275.00000000,	0.00000000,	0.00000000,	1,	NULL,	'2023-08-22 12:14:12',	'2023-08-22 12:14:12',	0,	NULL,	0,	NULL,	NULL,	NULL,	NULL,	'BDT',	1),
(6,	3,	222,	4,	24,	0,	0,	0,	2,	5.00,	5.00,	203.00000000,	203.00000000,	2,	2030.00000000,	2030.00000000,	500.00000000,	1000.00000000,	4060.00000000,	4060.00000000,	0.00000000,	0.00000000,	1,	NULL,	'2023-08-22 12:18:44',	'2023-08-22 12:18:44',	0,	NULL,	0,	NULL,	NULL,	NULL,	NULL,	'BDT',	1),
(7,	4,	62,	2,	13,	0,	19,	0,	93,	7.50,	7.50,	523.12500000,	523.00000000,	1,	6975.00000000,	6975.00000000,	2462.90000000,	2462.90000000,	6975.00000000,	6975.00000000,	0.00000000,	0.00000000,	1,	NULL,	'2023-08-24 05:50:31',	'2023-08-24 06:04:08',	1,	'2023-08-24',	1,	'2023-08-24',	NULL,	NULL,	'{\"APIConnect\":\"DONE\",\"bank_tran_id\":\"2308241150439iofOIx0I8CIW6h\",\"trans_id\":\"4\",\"refund_ref_id\":\"64e6f2d8168bb\",\"status\":\"success\",\"errorReason\":\"\"}',	'BDT',	1),
(8,	4,	61,	2,	13,	12,	20,	0,	93,	7.50,	7.50,	641.25000000,	642.00000000,	2,	4275.00000000,	4275.00000000,	1571.18000000,	3142.36000000,	8550.00000000,	8550.00000000,	0.00000000,	0.00000000,	1,	NULL,	'2023-08-24 05:50:31',	'2023-08-24 05:50:31',	0,	NULL,	0,	NULL,	NULL,	NULL,	NULL,	'BDT',	1);

DROP TABLE IF EXISTS `pages`;
CREATE TABLE `pages` (
  `id` bigint(20) unsigned NOT NULL AUTO_INCREMENT,
  `page_name` varchar(255) COLLATE utf8mb4_unicode_ci NOT NULL,
  `page_type` varchar(255) COLLATE utf8mb4_unicode_ci DEFAULT NULL,
  `image_one` varchar(255) COLLATE utf8mb4_unicode_ci DEFAULT NULL,
  `back_url_one` varchar(255) COLLATE utf8mb4_unicode_ci DEFAULT NULL,
  `image_two` varchar(255) COLLATE utf8mb4_unicode_ci DEFAULT NULL,
  `back_url_two` varchar(255) COLLATE utf8mb4_unicode_ci DEFAULT NULL,
  `image_three` varchar(255) COLLATE utf8mb4_unicode_ci DEFAULT NULL,
  `back_url_three` varchar(255) COLLATE utf8mb4_unicode_ci DEFAULT NULL,
  `image_four` varchar(255) COLLATE utf8mb4_unicode_ci DEFAULT NULL,
  `back_url_four` varchar(255) COLLATE utf8mb4_unicode_ci DEFAULT NULL,
  `image_five` varchar(255) COLLATE utf8mb4_unicode_ci DEFAULT NULL,
  `back_url_five` varchar(255) COLLATE utf8mb4_unicode_ci DEFAULT NULL,
  `image_six` varchar(255) COLLATE utf8mb4_unicode_ci DEFAULT NULL,
  `back_url_six` varchar(255) COLLATE utf8mb4_unicode_ci DEFAULT NULL,
  `status` tinyint(4) NOT NULL DEFAULT 1,
  `deleted_at` timestamp NULL DEFAULT NULL,
  `created_at` timestamp NULL DEFAULT NULL,
  `updated_at` timestamp NULL DEFAULT NULL,
  PRIMARY KEY (`id`)
) ENGINE=InnoDB DEFAULT CHARSET=utf8mb4 COLLATE=utf8mb4_unicode_ci;

INSERT INTO `pages` (`id`, `page_name`, `page_type`, `image_one`, `back_url_one`, `image_two`, `back_url_two`, `image_three`, `back_url_three`, `image_four`, `back_url_four`, `image_five`, `back_url_five`, `image_six`, `back_url_six`, `status`, `deleted_at`, `created_at`, `updated_at`) VALUES
(1,	'home',	'home',	'https://res.cloudinary.com/diyc1dizi/video/upload/v1679551684/aranya-product/boishakh/Loop_For_Website.mp4',	NULL,	'https://res.cloudinary.com/diyc1dizi/image/upload/aranya-product/boishakh/ZS001406.jpg',	'saree',	'https://res.cloudinary.com/diyc1dizi/image/upload/aranya-product/boishakh/ZS001793.jpg',	'panjabi',	'https://res.cloudinary.com/diyc1dizi/image/upload/aranya-product/boishakh/ZS001125.jpg',	'saree',	'https://res.cloudinary.com/diyc1dizi/image/upload/aranya-product/boishakh/ZS001819.jpg',	'kurti-fatua',	NULL,	NULL,	1,	NULL,	'2023-03-12 08:28:58',	'2023-03-12 08:29:00');

DROP TABLE IF EXISTS `password_resets`;
CREATE TABLE `password_resets` (
  `email` varchar(255) COLLATE utf8mb4_unicode_ci NOT NULL,
  `token` varchar(255) COLLATE utf8mb4_unicode_ci NOT NULL,
  `created_at` timestamp NULL DEFAULT NULL,
  KEY `password_resets_email_index` (`email`)
) ENGINE=InnoDB DEFAULT CHARSET=utf8mb4 COLLATE=utf8mb4_unicode_ci;

INSERT INTO `password_resets` (`email`, `token`, `created_at`) VALUES
('khandokershamimulhaque@gmail.com',	'$2y$10$VaxyAEG9Ld0csFsDRQgn5.A5/eHkyhco6y2eTL.vKA4RpvhUIKHaC',	NULL),
('khandokershamimulhaque@gmail.com',	'$2y$10$j6RDq2iaDFCKTRMa8KCbKuhaDAVDBnWwMP4sOgps5856T1dCsoi7G',	NULL),
('khandokershamimulhaque@gmail.com',	'$2y$10$25eTA2PbO2sQxw4cF7BE4.afL6WF3G13pbgwIgyHlAUA6bnlPdJp6',	NULL),
('khandokershamimulhaque@gmail.com',	'$2y$10$EkB84DlV0MDqa0nBs3n39.WuN0nhCYN957XMP3wEkNg72NMSC6vU.',	NULL),
('khandokershamimulhaque@gmail.com',	'$2y$10$vt1xyuaNUnf7VgxRx.Kst.G2.wqKbVpptMQ4xfQwMmUlQypV0.NHa',	NULL),
('khandokershamimulhaque@gmail.com',	'$2y$10$YJZbiVK8Vw/ykMcKAROhzOyzSRh4.ZsO7y0GxOMkX9PZqOJ3DGfWi',	NULL),
('khandokershamimulhaque@gmail.com',	'$2y$10$bHxuRfK1BOPtTonZbReYB.1d3mNr9LJOgQ0.7v6.bgBv/y1C/d.Qu',	NULL),
('khandokershamimulhaque@gmail.com',	'$2y$10$H9QUFbGJbCjq.ccSuQfj8e1KLQCjyGnRpIl3E37HxNQhCL6VuLzWW',	NULL),
('khandokershamimulhaque@gmail.com',	'$2y$10$D8Ra0xSo7iH7GzZq739LN.LUBEkrYVXeEXMy5bSuvz5s5Xs.M26ZS',	NULL);

DROP TABLE IF EXISTS `payments`;
CREATE TABLE `payments` (
  `id` bigint(20) unsigned NOT NULL AUTO_INCREMENT,
  `order_id` bigint(20) NOT NULL DEFAULT 0,
  `transaction_id` varchar(255) COLLATE utf8mb4_unicode_ci DEFAULT NULL,
  `amount` double(8,2) NOT NULL,
  `charge_amount` double(8,2) NOT NULL,
  `charged_currency` varchar(50) COLLATE utf8mb4_unicode_ci NOT NULL,
  `exchange_rate` float DEFAULT NULL,
  `payment_type` varchar(255) COLLATE utf8mb4_unicode_ci DEFAULT NULL,
  `payment_status` tinyint(4) DEFAULT NULL,
  `is_refunded` tinyint(4) DEFAULT NULL,
  `refund_date` varchar(50) COLLATE utf8mb4_unicode_ci DEFAULT NULL,
  `refund_info` longtext COLLATE utf8mb4_unicode_ci DEFAULT NULL,
  `deleted_at` timestamp NULL DEFAULT NULL,
  `created_at` timestamp NULL DEFAULT NULL,
  `updated_at` timestamp NULL DEFAULT NULL,
  PRIMARY KEY (`id`)
) ENGINE=InnoDB DEFAULT CHARSET=utf8mb4 COLLATE=utf8mb4_unicode_ci;

INSERT INTO `payments` (`id`, `order_id`, `transaction_id`, `amount`, `charge_amount`, `charged_currency`, `exchange_rate`, `payment_type`, `payment_status`, `is_refunded`, `refund_date`, `refund_info`, `deleted_at`, `created_at`, `updated_at`) VALUES
(1,	1,	'23082217522013YcwokTY8sR9qW',	15031.50,	15032.00,	'BDT',	1,	'sslCommerz-OKAYWALLET-Okay Wallet',	1,	NULL,	NULL,	NULL,	NULL,	'2023-08-22 11:52:08',	'2023-08-22 11:52:23'),
(2,	2,	NULL,	3262.72,	3263.00,	'BDT',	1,	NULL,	0,	NULL,	NULL,	NULL,	NULL,	'2023-08-22 12:14:12',	NULL),
(3,	3,	NULL,	4263.00,	4263.00,	'BDT',	1,	NULL,	0,	NULL,	NULL,	NULL,	NULL,	'2023-08-22 12:18:44',	NULL),
(4,	4,	'2308241150439iofOIx0I8CIW6h',	16689.38,	16690.00,	'BDT',	1,	'sslCommerz-UPay-UPay',	1,	1,	'2023-08-24',	'{\"APIConnect\":\"DONE\",\"bank_tran_id\":\"2308241150439iofOIx0I8CIW6h\",\"trans_id\":\"4\",\"refund_ref_id\":\"64e6f2d8168bb\",\"status\":\"success\",\"errorReason\":\"\"}',	NULL,	'2023-08-24 05:50:32',	'2023-08-24 06:04:08');

DROP TABLE IF EXISTS `permissions`;
CREATE TABLE `permissions` (
  `id` bigint(20) unsigned NOT NULL AUTO_INCREMENT,
  `group_name` varchar(255) COLLATE utf8mb4_unicode_ci NOT NULL,
  `permission_name` varchar(255) COLLATE utf8mb4_unicode_ci NOT NULL,
  `slug` varchar(255) COLLATE utf8mb4_unicode_ci DEFAULT NULL,
  `route_name` varchar(255) COLLATE utf8mb4_unicode_ci DEFAULT NULL,
  `status` tinyint(4) NOT NULL DEFAULT 1,
  `created_at` timestamp NULL DEFAULT NULL,
  `updated_at` timestamp NULL DEFAULT NULL,
  PRIMARY KEY (`id`)
) ENGINE=InnoDB DEFAULT CHARSET=utf8mb4 COLLATE=utf8mb4_unicode_ci;

INSERT INTO `permissions` (`id`, `group_name`, `permission_name`, `slug`, `route_name`, `status`, `created_at`, `updated_at`) VALUES
(1,	'Attribute',	'Attribute View',	'attribute-view',	NULL,	1,	'2023-08-01 10:05:57',	'2023-08-01 10:05:57'),
(2,	'Attribute',	'Attribute Edit',	'attribute-edit',	NULL,	1,	'2023-08-01 10:05:57',	'2023-08-01 10:05:57'),
(3,	'Attribute',	'Attribute Delete',	'attribute-delete',	NULL,	1,	'2023-08-01 10:05:57',	'2023-08-01 10:05:57'),
(4,	'Attribute',	'Attribute Create',	'attribute-create',	NULL,	1,	'2023-08-01 10:05:57',	'2023-08-01 10:05:57'),
(5,	'Page',	'Page View',	'page-view',	NULL,	1,	'2023-08-01 10:05:57',	'2023-08-01 10:05:57'),
(6,	'Page',	'Page Update',	'page-update',	NULL,	1,	'2023-08-01 10:05:57',	'2023-08-01 10:05:57'),
(7,	'Menu',	'Menu View',	'menu-view',	NULL,	1,	'2023-08-01 10:05:57',	'2023-08-01 10:05:57'),
(8,	'Menu',	'Menu Edit',	'menu-edit',	NULL,	1,	'2023-08-01 10:05:57',	'2023-08-01 10:05:57'),
(9,	'Menu',	'Menu Delete',	'menu-delete',	NULL,	1,	'2023-08-01 10:05:57',	'2023-08-01 10:05:57'),
(10,	'Menu',	'Menu Create',	'menu-create',	NULL,	1,	'2023-08-01 10:05:57',	'2023-08-01 10:05:57'),
(11,	'Role & Permission',	'Role&Permission View',	'role-view',	NULL,	1,	'2023-08-01 10:05:57',	'2023-08-01 10:05:57'),
(12,	'Role & Permission',	'Role Edit',	'role-edit',	NULL,	1,	'2023-08-01 10:05:57',	'2023-08-01 10:05:57'),
(13,	'Role & Permission',	'Role Delete',	'role-delete',	NULL,	1,	'2023-08-01 10:05:57',	'2023-08-01 10:05:57'),
(14,	'Role & Permission',	'Role Create',	'role-create',	NULL,	1,	'2023-08-01 10:05:57',	'2023-08-01 10:05:57'),
(15,	'Employee',	'Employee View',	'employee-view',	NULL,	1,	'2023-08-01 10:05:57',	'2023-08-01 10:05:57'),
(16,	'Employee',	'Employee Edit',	'employee-edit',	NULL,	1,	'2023-08-01 10:05:57',	'2023-08-01 10:05:57'),
(17,	'Employee',	'Employee Delete',	'employee-delete',	NULL,	1,	'2023-08-01 10:05:57',	'2023-08-01 10:05:57'),
(18,	'Employee',	'Employee Create',	'employee-create',	NULL,	1,	'2023-08-01 10:05:57',	'2023-08-01 10:05:57'),
(19,	'Product',	'Product View',	'product-view',	NULL,	1,	'2023-08-01 10:05:57',	'2023-08-01 10:05:57'),
(20,	'Product',	'Product Edit',	'product-edit',	NULL,	1,	'2023-08-01 10:05:57',	'2023-08-01 10:05:57'),
(21,	'Product',	'Product Delete',	'product-delete',	NULL,	1,	'2023-08-01 10:05:57',	'2023-08-01 10:05:57'),
(22,	'Product',	'Product Create',	'product-create',	NULL,	1,	'2023-08-01 10:05:57',	'2023-08-01 10:05:57'),
(23,	'Product',	'Bulk Upload',	'bulk-upload',	NULL,	1,	'2023-08-01 10:05:57',	'2023-08-01 10:05:57'),
(24,	'Product',	'Add To Campaign',	'add-to-campaign',	NULL,	1,	'2023-08-01 10:05:57',	'2023-08-01 10:05:57'),
(25,	'Product',	'Stock Sheet',	'stock-sheet',	NULL,	1,	'2023-08-01 10:05:57',	'2023-08-01 10:05:57'),
(26,	'Order',	'Order View',	'order-view',	NULL,	1,	'2023-08-01 10:05:57',	'2023-08-01 10:05:57'),
(27,	'Order',	'Order Update',	'order-update',	NULL,	1,	'2023-08-01 10:05:57',	'2023-08-01 10:05:57'),
(28,	'Order',	'Order Delete',	'order-delete',	NULL,	1,	'2023-08-01 10:05:57',	'2023-08-01 10:05:57'),
(29,	'Refund',	'Refund Configure',	'refund-configure',	NULL,	1,	'2023-08-01 10:05:57',	'2023-08-01 10:05:57'),
(30,	'Refund',	'Refund View',	'refund-view',	NULL,	1,	'2023-08-01 10:05:57',	'2023-08-01 10:05:57'),
(31,	'Refund',	'Refund Request View',	'refund-request-view',	NULL,	1,	'2023-08-01 10:05:57',	'2023-08-01 10:05:57'),
(32,	'Refund',	'Approve Refund View',	'approve-refund-view',	NULL,	1,	'2023-08-01 10:05:57',	'2023-08-01 10:05:57'),
(33,	'Refund',	'Reject Refund View',	'reject-refund-view',	NULL,	1,	'2023-08-01 10:05:57',	'2023-08-01 10:05:57'),
(34,	'Refund',	'Refund Action',	'refund-action',	NULL,	1,	'2023-08-01 10:05:57',	'2023-08-01 10:05:57'),
(35,	'Customer',	'Customer View',	'customer-view',	NULL,	1,	'2023-08-01 10:05:57',	'2023-08-01 10:05:57'),
(36,	'Customer',	'Customer Order View',	'customer-order-view',	NULL,	1,	'2023-08-01 10:05:57',	'2023-08-01 10:05:57'),
(37,	'Campaign',	'Campaign View',	'campaign-view',	NULL,	1,	'2023-08-01 10:05:57',	'2023-08-01 10:05:57'),
(38,	'Campaign',	'Campaign Edit',	'campaign-edit',	NULL,	1,	'2023-08-01 10:05:57',	'2023-08-01 10:05:57'),
(39,	'Campaign',	'Campaign Delete',	'campaign-delete',	NULL,	1,	'2023-08-01 10:05:57',	'2023-08-01 10:05:57'),
(40,	'Campaign',	'Campaign Create',	'campaign-create',	NULL,	1,	'2023-08-01 10:05:57',	'2023-08-01 10:05:57'),
(41,	'Campaign',	'Item Drop From Campaign',	'product-remove-campaign',	NULL,	1,	'2023-08-01 10:05:57',	'2023-08-01 10:05:57'),
(42,	'Report',	'Report View',	'report-view',	NULL,	1,	'2023-08-01 10:05:57',	'2023-08-01 10:05:57'),
(43,	'Shipping',	'Shipping View',	'shipping-view',	NULL,	1,	'2023-08-01 10:05:57',	'2023-08-01 10:05:57'),
(44,	'Shipping',	'Add Shipping',	'add-shipping',	NULL,	1,	'2023-08-01 10:05:57',	'2023-08-01 10:05:57'),
(45,	'Shipping',	'Edit Shipping',	'edit-shipping',	NULL,	1,	'2023-08-01 10:05:57',	'2023-08-01 10:05:57'),
(46,	'Shipping',	'Delete Shipping',	'delete-shipping',	NULL,	1,	'2023-08-01 10:05:57',	'2023-08-01 10:05:57'),
(47,	'Media-Manager',	'Media View',	'media-view',	NULL,	1,	'2023-08-01 10:05:57',	'2023-08-01 10:05:57'),
(48,	'Media-Manager',	'Add Media',	'add-media',	NULL,	1,	'2023-08-01 10:05:57',	'2023-08-01 10:05:57'),
(49,	'Media-Manager',	'Media Delete',	'media-delete',	NULL,	1,	'2023-08-01 10:05:57',	'2023-08-01 10:05:57'),
(50,	'Information',	'Add Info',	'add-info',	NULL,	1,	'2023-08-01 10:05:57',	'2023-08-01 10:05:57'),
(51,	'Information',	'Edit Info',	'edit-info',	NULL,	1,	'2023-08-01 10:05:57',	'2023-08-01 10:05:57'),
(52,	'Information',	'Info Delete',	'delete-info',	NULL,	1,	'2023-08-01 10:05:57',	'2023-08-01 10:05:57'),
(53,	'Report',	'Invoice Report',	'invoice-report',	NULL,	1,	'2023-08-01 10:05:57',	'2023-08-01 10:05:57'),
(54,	'Report',	'Individual Customer Report',	'individual-customer-report',	NULL,	1,	'2023-08-01 10:05:57',	'2023-08-01 10:05:57'),
(55,	'Report',	'Customer Refund Report',	'customer-refund-report',	NULL,	1,	'2023-08-01 10:05:57',	'2023-08-01 10:05:57'),
(56,	'Report',	'Customer Lifetime Value',	'customer-lifetime-value-report',	NULL,	1,	'2023-08-01 10:05:57',	'2023-08-01 10:05:57'),
(57,	'Report',	'Payment Report',	'payment-report',	NULL,	1,	'2023-08-01 10:05:57',	'2023-08-01 10:05:57'),
(58,	'Report',	'Stock Report',	'stock-report',	NULL,	1,	'2023-08-01 10:05:57',	'2023-08-01 10:05:57'),
(59,	'Report',	'Campaign Report',	'campaign-report',	NULL,	1,	'2023-08-01 10:05:57',	'2023-08-01 10:05:57'),
(60,	'Report',	'Sales Report',	'sales-report',	NULL,	1,	'2023-08-01 10:05:57',	'2023-08-01 10:05:57');

DROP TABLE IF EXISTS `personal_access_tokens`;
CREATE TABLE `personal_access_tokens` (
  `id` bigint(20) unsigned NOT NULL AUTO_INCREMENT,
  `tokenable_type` varchar(255) COLLATE utf8mb4_unicode_ci NOT NULL,
  `tokenable_id` bigint(20) unsigned NOT NULL,
  `name` varchar(255) COLLATE utf8mb4_unicode_ci NOT NULL,
  `token` varchar(64) COLLATE utf8mb4_unicode_ci NOT NULL,
  `abilities` text COLLATE utf8mb4_unicode_ci DEFAULT NULL,
  `last_used_at` timestamp NULL DEFAULT NULL,
  `created_at` timestamp NULL DEFAULT NULL,
  `updated_at` timestamp NULL DEFAULT NULL,
  PRIMARY KEY (`id`),
  UNIQUE KEY `personal_access_tokens_token_unique` (`token`),
  KEY `personal_access_tokens_tokenable_type_tokenable_id_index` (`tokenable_type`,`tokenable_id`)
) ENGINE=InnoDB DEFAULT CHARSET=utf8mb4 COLLATE=utf8mb4_unicode_ci;

INSERT INTO `personal_access_tokens` (`id`, `tokenable_type`, `tokenable_id`, `name`, `token`, `abilities`, `last_used_at`, `created_at`, `updated_at`) VALUES
(1,	'App\\Models\\User',	1,	'API TOKEN',	'b800a455b32e8ccff241513c768ece6ef9b37b4c006a788525fa214617a7b747',	'[\"*\"]',	'2023-04-05 07:52:25',	'2023-04-05 07:42:46',	'2023-04-05 07:52:25'),
(2,	'App\\Models\\User',	1,	'admin@suparadmin.com',	'730e2ccbeb831922818061854506c1ba294eaa988b1c4f15c11a3a5be279b650',	'[\"*\"]',	'2023-04-05 09:31:05',	'2023-04-05 09:13:01',	'2023-04-05 09:31:05'),
(3,	'App\\Models\\User',	1,	'admin@suparadmin.com',	'ca8c3be6a2ba2f381ecf38be2a8d24c77c81151bed87022e834da0f67fb29dfc',	'[\"*\"]',	NULL,	'2023-04-05 09:37:31',	'2023-04-05 09:37:31'),
(4,	'App\\Models\\User',	1,	'admin@suparadmin.com',	'5e5ce3eb89d86ef9d2273065fff019bdbbca2ecb05715dcd335d5010d5894a86',	'[\"*\"]',	NULL,	'2023-04-05 09:46:14',	'2023-04-05 09:46:14'),
(5,	'App\\Models\\User',	1,	'admin@suparadmin.com',	'686053e45c98d615e981a5218de47cd0dad33ae725a670a66025f53ce8c08bc3',	'[\"*\"]',	'2023-04-05 09:46:39',	'2023-04-05 09:46:20',	'2023-04-05 09:46:39'),
(6,	'App\\Models\\User',	1,	'admin@suparadmin.com',	'adabfcfe721216c0267b2e3fe6bbdd72ec30f04d2363ae75e7b5de370828788f',	'[\"*\"]',	NULL,	'2023-04-05 09:51:25',	'2023-04-05 09:51:25'),
(7,	'App\\Models\\User',	1,	'admin@suparadmin.com',	'b8df2fb445b8742cdec0822944511770d69b50302bccb3f556019ce5e5751e23',	'[\"*\"]',	'2023-04-05 09:57:53',	'2023-04-05 09:53:14',	'2023-04-05 09:57:53'),
(8,	'App\\Models\\User',	1,	'admin@suparadmin.com',	'c4cf7d28337aaa3f711fb55cd3f601be69048b33e11a812dc3467beeff867958',	'[\"*\"]',	'2023-04-06 03:47:19',	'2023-04-05 10:13:02',	'2023-04-06 03:47:19'),
(9,	'App\\Models\\User',	1,	'admin@suparadmin.com',	'f040c3a032e5b8af3f5ecc0cd4312b5dfda2b8bde00b6b1452beac8b1d886f02',	'[\"*\"]',	'2023-04-06 07:46:02',	'2023-04-06 07:42:29',	'2023-04-06 07:46:02'),
(10,	'App\\Models\\User',	1,	'admin@suparadmin.com',	'0084b229f6b4490f293d3bcd1bf8cac83cf337d80ec31d4da45f95973929d0ce',	'[\"*\"]',	'2023-04-06 07:55:32',	'2023-04-06 07:55:30',	'2023-04-06 07:55:32'),
(11,	'App\\Models\\User',	1,	'admin@suparadmin.com',	'1df2443996c1dadbefcb96b67822716c68244cabe1371e892a9b268be01c05a4',	'[\"*\"]',	'2023-04-06 07:57:49',	'2023-04-06 07:57:35',	'2023-04-06 07:57:49'),
(12,	'App\\Models\\User',	1,	'admin@suparadmin.com',	'db416cdc8db3733aa0918a9fd8a3fe862d98e4110a5aade368fa71e2e543095a',	'[\"*\"]',	'2023-04-06 08:52:09',	'2023-04-06 08:10:49',	'2023-04-06 08:52:09'),
(13,	'App\\Models\\User',	1,	'admin@suparadmin.com',	'3f6b78f347bef86f970c13229d9eb9b1f3e3a29c8e680a9e835d2c7a7bcc66ed',	'[\"*\"]',	'2023-04-06 08:27:47',	'2023-04-06 08:11:29',	'2023-04-06 08:27:47'),
(14,	'App\\Models\\User',	1,	'admin@suparadmin.com',	'8b025c663c25a427420ef224a5b9514518a107c1d97399007d7e8cb48670a22a',	'[\"*\"]',	NULL,	'2023-04-06 08:22:44',	'2023-04-06 08:22:44'),
(15,	'App\\Models\\User',	1,	'admin@suparadmin.com',	'f18ba2b8f8f3be41ca290367ce7679fd903325a977027fd18d6202bd0cd692d1',	'[\"*\"]',	'2023-04-06 08:47:08',	'2023-04-06 08:46:56',	'2023-04-06 08:47:08'),
(16,	'App\\Models\\User',	1,	'admin@suparadmin.com',	'89edec7959e6c556e23b978cfe752bcaa6f2468cf537b2423adb1685c219919f',	'[\"*\"]',	'2023-04-10 07:53:10',	'2023-04-06 08:57:35',	'2023-04-10 07:53:10'),
(17,	'App\\Models\\User',	2,	'API TOKEN',	'aad3f6ab3a4e22555f4f87e781b66a04229b85eb1ea00018a259853f2f42f035',	'[\"*\"]',	'2023-04-09 18:48:00',	'2023-04-09 18:16:50',	'2023-04-09 18:48:00'),
(18,	'App\\Models\\User',	1,	'admin@suparadmin.com',	'a11ea1ade3b74255e453ae3f338f59ebbf70ff2c59a06359675e5578442cc02d',	'[\"*\"]',	'2023-04-10 05:22:48',	'2023-04-10 05:09:46',	'2023-04-10 05:22:48'),
(19,	'App\\Models\\User',	1,	'admin@suparadmin.com',	'8df618fad96d40499b9f3aa4006b38be4f7066e3c212820252035bdd97821406',	'[\"*\"]',	'2023-04-10 05:24:19',	'2023-04-10 05:24:00',	'2023-04-10 05:24:19'),
(20,	'App\\Models\\User',	3,	'API TOKEN',	'4b685c36ad15410bfc215a3f9297cbc5599fc543f482cb81655f6dac12702aae',	'[\"*\"]',	'2023-04-10 07:22:40',	'2023-04-10 07:20:21',	'2023-04-10 07:22:40'),
(21,	'App\\Models\\User',	1,	'admin@suparadmin.com',	'46355d7478fbe4f1e9b4a2917b6c696d867a6c62961e56b1b3065f5a54d67528',	'[\"*\"]',	'2023-04-17 11:53:38',	'2023-04-15 06:00:48',	'2023-04-17 11:53:38'),
(22,	'App\\Models\\User',	1,	'admin@suparadmin.com',	'fb1b75354762537179ba20ba682dbb119a81a52dabc67ae88c1387ac80cfda84',	'[\"*\"]',	'2023-04-30 05:24:22',	'2023-04-30 05:24:11',	'2023-04-30 05:24:22'),
(23,	'App\\Models\\User',	1,	'admin@suparadmin.com',	'e1f91ee988a2180f1d5e2f3dbdb1a9536b0145e3580f21021ad5ea57519ab323',	'[\"*\"]',	'2023-05-01 06:27:01',	'2023-05-01 06:24:14',	'2023-05-01 06:27:01'),
(24,	'App\\Models\\User',	4,	'API TOKEN',	'197d77fc45a76139147b9a767e0156e7f90dc1bc3b1bd269635f5e9fb128706f',	'[\"*\"]',	'2023-05-30 04:17:51',	'2023-05-03 09:30:40',	'2023-05-30 04:17:51'),
(25,	'App\\Models\\User',	15,	'API TOKEN',	'c73349461ebeb1d8b0db3c6a77e1f1f9ce152a8b67cf321ad39df81e3ac53c8b',	'[\"*\"]',	NULL,	'2023-05-25 11:56:28',	'2023-05-25 11:56:28'),
(26,	'App\\Models\\User',	2,	'admin@admin.com',	'8295c459ce959822311def5c1b5068b5d84568a3b18604e9e09568db23df9624',	'[\"*\"]',	'2023-08-14 07:02:16',	'2023-05-28 05:27:41',	'2023-08-14 07:02:16'),
(27,	'App\\Models\\User',	1,	'admin@suparadmin.com',	'db8b6660b53d459013f7ab6c4db8922d22026b8e6b52c5a237118eaf7f82596c',	'[\"*\"]',	NULL,	'2023-05-30 12:07:58',	'2023-05-30 12:07:58'),
(28,	'App\\Models\\User',	1,	'admin@suparadmin.com',	'76d1dc5519eacfebd6f5c79421908c116619af04912e88e9a5e9f8dd33220116',	'[\"*\"]',	'2023-07-16 06:33:36',	'2023-05-30 12:09:04',	'2023-07-16 06:33:36'),
(29,	'App\\Models\\User',	1,	'admin@suparadmin.com',	'405c49505a7ceb6166e385c10af2f1fa6a8b237922e576a2b0c54a72a0315bf0',	'[\"*\"]',	NULL,	'2023-05-30 12:09:17',	'2023-05-30 12:09:17'),
(30,	'App\\Models\\User',	1,	'admin@suparadmin.com',	'fe2f277813910140819fadfe7b8a6cd1a1d8ecb18970d1ebcff8cb6c50b11d86',	'[\"*\"]',	'2023-05-31 06:43:11',	'2023-05-30 12:27:01',	'2023-05-31 06:43:11'),
(31,	'App\\Models\\User',	1,	'admin@suparadmin.com',	'026c9fb252a5d78bb4e7e7eee9c426e4688a793860ee6eea1e2cbb227e64b93b',	'[\"*\"]',	NULL,	'2023-06-05 06:54:53',	'2023-06-05 06:54:53'),
(32,	'App\\Models\\User',	1,	'admin@suparadmin.com',	'8713154cd6103a1fceaf1abd5dae05f350c20b0463f21874bb3678af27913936',	'[\"*\"]',	NULL,	'2023-06-05 08:01:04',	'2023-06-05 08:01:04'),
(33,	'App\\Models\\User',	1,	'admin@suparadmin.com',	'727bebebf45f0f32823f463dd2cbbb574ab1f6a0ad781a0777f2906e62956fdf',	'[\"*\"]',	NULL,	'2023-06-05 11:09:10',	'2023-06-05 11:09:10'),
(34,	'App\\Models\\User',	1,	'admin@suparadmin.com',	'90e4e4a197cd9a1c3e8bd1aee91f23826b320d603fa2e0be3a6dd8efe65ae25f',	'[\"*\"]',	NULL,	'2023-06-05 11:31:10',	'2023-06-05 11:31:10'),
(35,	'App\\Models\\User',	1,	'admin@suparadmin.com',	'9f0b90dd4ce68b8288857260d04e69041ca8d1429f82d590b3cfd1b5053a8c9c',	'[\"*\"]',	NULL,	'2023-06-05 11:38:29',	'2023-06-05 11:38:29'),
(36,	'App\\Models\\User',	1,	'admin@suparadmin.com',	'32b8cf4c9d31ddb3dacde88cb5f80fd2c34f936c39434ad4f664b54199f0a6e0',	'[\"*\"]',	'2023-06-06 05:03:43',	'2023-06-05 11:44:14',	'2023-06-06 05:03:43'),
(37,	'App\\Models\\User',	1,	'admin@suparadmin.com',	'c25f5033fd74468de813ee6dccc44ffdb4745b02dc25d54fd71dc71ec830ff2c',	'[\"*\"]',	'2023-06-07 05:41:42',	'2023-06-06 06:36:27',	'2023-06-07 05:41:42'),
(38,	'App\\Models\\User',	1,	'admin@suparadmin.com',	'578eef8a5260ed9819a28e8d39522b62ac8cf9b1edc297bda5b37a2e6767cf82',	'[\"*\"]',	'2023-06-07 05:40:20',	'2023-06-07 05:38:24',	'2023-06-07 05:40:20'),
(39,	'App\\Models\\User',	68,	'API TOKEN',	'583182cdd28139aba2b1fa1203d8c1addd2ff51ee4da1de5c4d068300a4d3b76',	'[\"*\"]',	'2023-06-07 07:03:15',	'2023-06-07 05:40:10',	'2023-06-07 07:03:15'),
(40,	'App\\Models\\User',	1,	'admin@suparadmin.com',	'ab403268e95ed9be16ab231b59f6687222df1ac050ce7777da9b4c93841a08a0',	'[\"*\"]',	NULL,	'2023-06-07 05:42:06',	'2023-06-07 05:42:06'),
(41,	'App\\Models\\User',	1,	'admin@suparadmin.com',	'4f5660eb036cd89d29d54cc151fb2bf62cac23016242fc3499f2173287c6d86a',	'[\"*\"]',	NULL,	'2023-06-07 05:43:38',	'2023-06-07 05:43:38'),
(42,	'App\\Models\\User',	1,	'admin@suparadmin.com',	'386d07b377edc47d516e42acd4c14ba19734f4134ee1148ee5cb9b27434343b0',	'[\"*\"]',	NULL,	'2023-06-07 05:50:55',	'2023-06-07 05:50:55'),
(43,	'App\\Models\\User',	1,	'admin@suparadmin.com',	'f23b2bff45e5c5de9b0f01a499cb55b180c12e3e5ee5948a4868b616fa13422d',	'[\"*\"]',	NULL,	'2023-06-07 06:05:37',	'2023-06-07 06:05:37'),
(44,	'App\\Models\\User',	1,	'admin@suparadmin.com',	'5f9dc95c6e1e0fa7ea225d5032f0ed090167106566060329ea4b726cc1f7841a',	'[\"*\"]',	NULL,	'2023-06-07 06:10:13',	'2023-06-07 06:10:13'),
(45,	'App\\Models\\User',	15,	'mohr.hilario@example.net',	'3d41d10527907a63a084624623afba372a8c3fe14ab628b0ab04a056503f5fce',	'[\"*\"]',	NULL,	'2023-06-07 07:13:22',	'2023-06-07 07:13:22'),
(46,	'App\\Models\\User',	1,	'admin@suparadmin.com',	'be181bbb1e1b19a0c64bf7505a525c20d49a228cc6f39092345bf6bd6eb3a613',	'[\"*\"]',	NULL,	'2023-06-07 07:47:48',	'2023-06-07 07:47:48'),
(47,	'App\\Models\\User',	1,	'admin@suparadmin.com',	'8bf92e308ef63147be22e16c384e5c01875ce0a9fcdbe05203622ca4d81185f6',	'[\"*\"]',	'2023-06-08 12:36:19',	'2023-06-07 09:36:07',	'2023-06-08 12:36:19'),
(48,	'App\\Models\\User',	69,	'API TOKEN',	'531d066bcf0e02ce60d1e32ca00c98fbfb6e89f6878251941d149a35b71d85cf',	'[\"*\"]',	'2023-06-07 10:26:00',	'2023-06-07 10:24:01',	'2023-06-07 10:26:00'),
(49,	'App\\Models\\User',	69,	'admin@ultraadmin.com',	'5b5f475167c4fae495b8f1dfc3563930dd19453e8a958a6ea26668faeb83600b',	'[\"*\"]',	'2023-06-07 13:57:55',	'2023-06-07 10:27:15',	'2023-06-07 13:57:55'),
(50,	'App\\Models\\User',	68,	'API TOKEN',	'53635612a0bbb0f8103c735c900505678a59047b1c1a192f7c9188e1fdd121c3',	'[\"*\"]',	NULL,	'2023-06-08 12:33:00',	'2023-06-08 12:33:00'),
(51,	'App\\Models\\User',	68,	'admin@suparadmin.com',	'431196fd02c331fbe547278ddb4a6e27322e34336c2c2e86431d28e2cfc899e6',	'[\"*\"]',	NULL,	'2023-06-08 12:33:10',	'2023-06-08 12:33:10'),
(52,	'App\\Models\\User',	69,	'API TOKEN',	'c3496a892e42a3911a41e3fb2aaee3ac04c80596f8f8b23d2bc5ff5b8d33efd5',	'[\"*\"]',	NULL,	'2023-06-08 12:35:12',	'2023-06-08 12:35:12'),
(53,	'App\\Models\\User',	69,	'admin@admin.com',	'b4c8aff4b30fcdd9b47e31893c9e5a29a69114d914fbde4c167e21b08a127fd8',	'[\"*\"]',	'2023-06-08 12:53:22',	'2023-06-08 12:35:50',	'2023-06-08 12:53:22'),
(54,	'App\\Models\\User',	68,	'admin@suparadmin.com',	'977d48a9b43bdcf6213138877f763743398b2346f0a30477a60528f1c7ff5715',	'[\"*\"]',	'2023-06-08 13:50:32',	'2023-06-08 12:36:20',	'2023-06-08 13:50:32'),
(55,	'App\\Models\\User',	69,	'admin@admin.com',	'cec642d78a0e33893531b47c00752265f3621fd0379a0568fff5b4e092a29154',	'[\"*\"]',	NULL,	'2023-06-08 12:54:28',	'2023-06-08 12:54:28'),
(56,	'App\\Models\\User',	69,	'admin@admin.com',	'90744e20b96c76b81df9dc473245ec793c1bb2e7836ddc15dda2d13e36a98ef2',	'[\"*\"]',	'2023-06-08 12:56:13',	'2023-06-08 12:54:50',	'2023-06-08 12:56:13'),
(57,	'App\\Models\\User',	69,	'admin@admin.com',	'99adb2628edf250fafcb0be76f6f58e5e1c62b4ec0fd6b0ac8b0d72dc5fbb5cb',	'[\"*\"]',	'2023-06-08 12:59:57',	'2023-06-08 12:56:46',	'2023-06-08 12:59:57'),
(58,	'App\\Models\\User',	70,	'API TOKEN',	'474b4b6b415ead5e5d6a936362176adf7c50f50cf2646845186e2b15d3788f7f',	'[\"*\"]',	'2023-06-08 13:24:10',	'2023-06-08 13:12:59',	'2023-06-08 13:24:10'),
(59,	'App\\Models\\User',	68,	'admin@suparadmin.com',	'68f8a21692870b3eb9d30db320f18299012f0d13e5f10923f1b4da399289d467',	'[\"*\"]',	'2023-06-08 13:56:39',	'2023-06-08 13:51:10',	'2023-06-08 13:56:39'),
(60,	'App\\Models\\User',	68,	'admin@suparadmin.com',	'901192c9c254136375ab682bea2c515ec282b74acaeb345faeb84e2e80496209',	'[\"*\"]',	NULL,	'2023-06-08 13:57:34',	'2023-06-08 13:57:34'),
(61,	'App\\Models\\User',	68,	'admin@suparadmin.com',	'47c8251aca90c0bcf2e47f9fb1b317dfe36e0bae0651beeea6269790ad8190ca',	'[\"*\"]',	NULL,	'2023-06-08 14:01:27',	'2023-06-08 14:01:27'),
(62,	'App\\Models\\User',	68,	'admin@suparadmin.com',	'd1b433dad784c35c92f97fbb3097ca8b502e11ac7e3fc6ab964f9e44daea5b8f',	'[\"*\"]',	NULL,	'2023-06-08 14:02:20',	'2023-06-08 14:02:20'),
(63,	'App\\Models\\User',	68,	'admin@suparadmin.com',	'7546962b037dfcf71178b6010a835484e2dafdfdbbe911a38da0dc145eaf02f7',	'[\"*\"]',	NULL,	'2023-06-08 14:02:26',	'2023-06-08 14:02:26'),
(64,	'App\\Models\\User',	68,	'admin@suparadmin.com',	'10e33101d273549e6a8220f2edc2cb4db8d4ff1ce196fab81e6cb960d8c6981e',	'[\"*\"]',	NULL,	'2023-06-08 14:03:37',	'2023-06-08 14:03:37'),
(65,	'App\\Models\\User',	68,	'admin@suparadmin.com',	'ba872f2a86e07672623b68d515ba6f9991c5d66b789ca60cd13c0f97515fdf02',	'[\"*\"]',	NULL,	'2023-06-08 14:08:31',	'2023-06-08 14:08:31'),
(66,	'App\\Models\\User',	68,	'admin@suparadmin.com',	'd16b2411c9c29382d10a60eca1fab049a5cafc189658e7c0377e95f3c2dff8c3',	'[\"*\"]',	NULL,	'2023-06-08 14:09:18',	'2023-06-08 14:09:18'),
(67,	'App\\Models\\User',	68,	'admin@suparadmin.com',	'72c8eb30c52436bba404161a9d4d286cff1874dfc905f06b0a02db1362bafecf',	'[\"*\"]',	NULL,	'2023-06-08 14:09:52',	'2023-06-08 14:09:52'),
(68,	'App\\Models\\User',	68,	'admin@suparadmin.com',	'77e0140b06ff4672cfc7d4e13bd9a01a135e4fb6593ff9ab2eacd1e6ff7116a0',	'[\"*\"]',	NULL,	'2023-06-08 14:10:22',	'2023-06-08 14:10:22'),
(69,	'App\\Models\\User',	68,	'admin@suparadmin.com',	'59dea0af7544f93743791e7d89b1777e4fed75cf6b3589322b3c1c2613623c1e',	'[\"*\"]',	NULL,	'2023-06-08 14:12:22',	'2023-06-08 14:12:22'),
(70,	'App\\Models\\User',	68,	'admin@suparadmin.com',	'493487bd7c038d340914bb98719376de89e4f0038840d8658dab18257a125928',	'[\"*\"]',	'2023-06-08 14:21:03',	'2023-06-08 14:12:37',	'2023-06-08 14:21:03'),
(71,	'App\\Models\\User',	68,	'admin@suparadmin.com',	'68e9720cca49a8cf9920d1532daa589a89a5b036fb1a09dbec8635041fb8a435',	'[\"*\"]',	NULL,	'2023-06-08 14:16:20',	'2023-06-08 14:16:20'),
(72,	'App\\Models\\User',	68,	'admin@suparadmin.com',	'fbae15b70160ac2b66ba99c709c1952ad68dd66f1ecab638eef7790f55937de8',	'[\"*\"]',	NULL,	'2023-06-08 14:16:27',	'2023-06-08 14:16:27'),
(73,	'App\\Models\\User',	68,	'admin@suparadmin.com',	'27680ee35ce55a5508c6d78f0890621c6e9897aef09a22961043555c4459249a',	'[\"*\"]',	NULL,	'2023-06-08 14:28:10',	'2023-06-08 14:28:10'),
(74,	'App\\Models\\User',	68,	'admin@suparadmin.com',	'5a8083e6ba5050eb1f4c4b7be3c4dc5d52bd2c3b88dcb634bfe8501104936535',	'[\"*\"]',	NULL,	'2023-06-08 14:32:34',	'2023-06-08 14:32:34'),
(75,	'App\\Models\\User',	68,	'admin@suparadmin.com',	'38b2dd6bd990cd47387bce447d6b7cb556861b593e387620baad4c742bd4ae42',	'[\"*\"]',	NULL,	'2023-06-08 14:33:26',	'2023-06-08 14:33:26'),
(76,	'App\\Models\\User',	68,	'admin@suparadmin.com',	'f3d6e957b1ce74c4eac153a64c2c88071a8c7d151c673f955501ab2cd813c184',	'[\"*\"]',	NULL,	'2023-06-08 14:33:44',	'2023-06-08 14:33:44'),
(77,	'App\\Models\\User',	71,	'API TOKEN',	'6911dddfc0515b2cfa755eab86451a643071a6431ad377a6486f92d68bf12d70',	'[\"*\"]',	'2023-06-08 14:34:50',	'2023-06-08 14:34:27',	'2023-06-08 14:34:50'),
(78,	'App\\Models\\User',	72,	'API TOKEN',	'cde3c09eca27be6692e94fd442bdb8bd25aec6eee3e2920e92b2821c50296c08',	'[\"*\"]',	'2023-06-08 14:37:21',	'2023-06-08 14:36:40',	'2023-06-08 14:37:21'),
(79,	'App\\Models\\User',	73,	'API TOKEN',	'de222e0ecf16a071872cb5a6decd319dc1c9257dc7f633847ba013f6ab0456ca',	'[\"*\"]',	'2023-06-08 14:44:29',	'2023-06-08 14:44:04',	'2023-06-08 14:44:29'),
(80,	'App\\Models\\User',	74,	'API TOKEN',	'6b87da7d54b5fce62d96fa2f285c18f4b7aba36cda661c5ec08b15c2c81a3bae',	'[\"*\"]',	'2023-06-08 14:55:11',	'2023-06-08 14:45:31',	'2023-06-08 14:55:11'),
(81,	'App\\Models\\User',	68,	'admin@suparadmin.com',	'e3de63cc0ac0f9da9484e20cc7eb4a265bc41842033b4a0697d30a6680e7a695',	'[\"*\"]',	NULL,	'2023-06-08 14:55:40',	'2023-06-08 14:55:40'),
(82,	'App\\Models\\User',	68,	'admin@suparadmin.com',	'e8f891bfa2d5b1d86f317069969e4923b5045fb7a542137ed4173ee800f1151d',	'[\"*\"]',	'2023-06-11 06:24:49',	'2023-06-08 15:23:50',	'2023-06-11 06:24:49'),
(83,	'App\\Models\\User',	75,	'API TOKEN',	'7dc8942660a73bcebb41b37d2c7b79b2eb684639730d27e7001c9cd18f07ad31',	'[\"*\"]',	'2023-06-11 06:51:20',	'2023-06-11 04:34:20',	'2023-06-11 06:51:20'),
(84,	'App\\Models\\User',	3,	'makshiba@gmail.com',	'c4c445845103cc15a37b751e71e758cfbb945bb09045c0cb9363975dd8df7a34',	'[\"*\"]',	'2023-06-11 06:34:35',	'2023-06-11 06:25:29',	'2023-06-11 06:34:35'),
(85,	'App\\Models\\User',	68,	'admin@suparadmin.com',	'6aaee58b4e59529cf3db3d5a695084469d8e3bc0db650eaef6d0d93d89110a47',	'[\"*\"]',	'2023-06-11 12:30:35',	'2023-06-11 06:34:57',	'2023-06-11 12:30:35'),
(86,	'App\\Models\\User',	3,	'makshiba@gmail.com',	'f73bebae9f000631f2c15c8f362d620fe29627a022665b11a05a193db2366375',	'[\"*\"]',	'2023-06-11 06:36:24',	'2023-06-11 06:35:11',	'2023-06-11 06:36:24'),
(87,	'App\\Models\\User',	68,	'admin@suparadmin.com',	'9e947b1b7226780abf799ae8100549a6c1d33c3d37183e726a79061a79dbc3d0',	'[\"*\"]',	NULL,	'2023-06-11 06:43:41',	'2023-06-11 06:43:41'),
(88,	'App\\Models\\User',	68,	'admin@suparadmin.com',	'6072bfe1a611f39b4446b59bd564ffe9a5e6a8c6c85ab4f0a39670921b9b7f82',	'[\"*\"]',	'2023-06-11 10:50:47',	'2023-06-11 07:02:55',	'2023-06-11 10:50:47'),
(89,	'App\\Models\\User',	68,	'admin@suparadmin.com',	'882479aa52101deafa6664eebd677fea2967d5d31fe9e18894ba71ece9342f5e',	'[\"*\"]',	'2023-06-12 12:01:50',	'2023-06-11 10:50:46',	'2023-06-12 12:01:50'),
(90,	'App\\Models\\User',	68,	'admin@suparadmin.com',	'2e104aae02661c2d3f7459b9506238270b9ae2661973338aa3f1c78f080b4132',	'[\"*\"]',	'2023-06-11 11:36:30',	'2023-06-11 11:35:35',	'2023-06-11 11:36:30'),
(91,	'App\\Models\\User',	68,	'admin@suparadmin.com',	'659fab5f0b458f499af077b0d79ff880fb1c0d38568c1367331212aef8cba902',	'[\"*\"]',	'2023-06-11 12:43:26',	'2023-06-11 11:45:44',	'2023-06-11 12:43:26'),
(92,	'App\\Models\\User',	75,	'case12@gmail.com',	'5d9ba4c7442055a01dcc43baaa0e30ecb0fab7bd037c35b39636a3eee97d9042',	'[\"*\"]',	NULL,	'2023-06-11 11:58:13',	'2023-06-11 11:58:13'),
(93,	'App\\Models\\User',	76,	'API TOKEN',	'0385469634a18100eeaee796b345a6c73b712d9990b965ffccf062d656c9d769',	'[\"*\"]',	NULL,	'2023-06-11 11:59:57',	'2023-06-11 11:59:57'),
(94,	'App\\Models\\User',	69,	'admin@admin.com',	'9fe8b26211542347f92081bf9d36c20e5ce9d287cba8877e3807240a9a830691',	'[\"*\"]',	'2023-06-11 12:24:08',	'2023-06-11 12:17:23',	'2023-06-11 12:24:08'),
(95,	'App\\Models\\User',	1,	'ali@gmail.com',	'1d7e1986dd5ce47c72d3b5ea87c0e4edec8a82c23c883817f7c9cf3497a7f252',	'[\"*\"]',	NULL,	'2023-06-11 12:37:50',	'2023-06-11 12:37:50'),
(96,	'App\\Models\\User',	69,	'admin@admin.com',	'8f9618d40591e3a616b0ee572d4bed81741fb7e996794b983029487a8a5f0d9f',	'[\"*\"]',	'2023-06-11 12:42:37',	'2023-06-11 12:38:07',	'2023-06-11 12:42:37'),
(97,	'App\\Models\\User',	77,	'API TOKEN',	'7ca898fb3bfb33d0ba8271ddfd7fdaae67a89e7e641234d4052048128009f0ba',	'[\"*\"]',	NULL,	'2023-06-11 13:28:31',	'2023-06-11 13:28:31'),
(98,	'App\\Models\\User',	78,	'API TOKEN',	'11105d9b16ce252c528704ce310d231e9164a3c69948e37f485aa5442b3b525c',	'[\"*\"]',	'2023-06-12 05:57:07',	'2023-06-12 05:37:49',	'2023-06-12 05:57:07'),
(99,	'App\\Models\\User',	3,	'makshiba@gmail.com',	'0e565a9316f8cdcdd7e4f0a19f012b113a2780c1019b7f32820a25c59e89abec',	'[\"*\"]',	'2023-06-12 10:29:26',	'2023-06-12 05:54:26',	'2023-06-12 10:29:26'),
(100,	'App\\Models\\User',	78,	'sara@gmail.com',	'8bb6be1a1168b545ef586786f7c1f4e35e007206fc5dcbdef456bc4437607f7b',	'[\"*\"]',	'2023-06-12 06:57:07',	'2023-06-12 06:54:06',	'2023-06-12 06:57:07'),
(101,	'App\\Models\\User',	78,	'sara@gmail.com',	'cf75deafc10dc2f798058ac165b92baec7d3d27e9945f83acf691d44592913cc',	'[\"*\"]',	'2023-06-12 08:57:01',	'2023-06-12 06:59:36',	'2023-06-12 08:57:01'),
(102,	'App\\Models\\User',	79,	'API TOKEN',	'e9bee88955d1e0d861b0a8e5b4d88efda71bfdbd8acd75611f4c52c4889edd06',	'[\"*\"]',	'2023-07-26 06:00:17',	'2023-06-12 09:36:26',	'2023-07-26 06:00:17'),
(103,	'App\\Models\\User',	68,	'admin@suparadmin.com',	'6e5d1eda4e18c2635741bad8ebf1a069d3c0515c52b366e39f39273997c5d979',	'[\"*\"]',	'2023-06-12 10:52:41',	'2023-06-12 10:52:14',	'2023-06-12 10:52:41'),
(104,	'App\\Models\\User',	69,	'admin@admin.com',	'01b01aa133b3fb24db45e8a2e2e27c7393eb8ca85680be93856e8730c37c8595',	'[\"*\"]',	'2023-06-12 11:05:49',	'2023-06-12 11:04:54',	'2023-06-12 11:05:49'),
(105,	'App\\Models\\User',	78,	'sara@gmail.com',	'7f6f95f7e6b3299ebc9f729afa2c281783bce4a7e1174a526545ae0c43129280',	'[\"*\"]',	'2023-06-13 10:25:39',	'2023-06-12 11:13:37',	'2023-06-13 10:25:39'),
(106,	'App\\Models\\User',	3,	'makshiba@gmail.com',	'a6bee7399e0ca694b9d1f44c9cb7322358140e554b1fd30bfe842d4f77d6633e',	'[\"*\"]',	NULL,	'2023-06-12 11:15:17',	'2023-06-12 11:15:17'),
(107,	'App\\Models\\User',	68,	'admin@suparadmin.com',	'bfbb8b6381252488ed8f7a1beb89db320df42861eb0b549eb40eff27d4aa5bdf',	'[\"*\"]',	NULL,	'2023-06-12 11:32:57',	'2023-06-12 11:32:57'),
(108,	'App\\Models\\User',	68,	'admin@suparadmin.com',	'ae8ec7123a489874ecee0f89384fc03763bc5cacc6842410849d5f9d04653085',	'[\"*\"]',	NULL,	'2023-06-12 11:34:14',	'2023-06-12 11:34:14'),
(109,	'App\\Models\\User',	80,	'API TOKEN',	'df6eaf261c1f4c520b11d147794b02ff2ca05ff8a5b3e4c4b63cbe1363bb1655',	'[\"*\"]',	NULL,	'2023-06-12 11:35:25',	'2023-06-12 11:35:25'),
(110,	'App\\Models\\User',	68,	'admin@suparadmin.com',	'34a75886938620cfb3f57ae0f1e4d5335bbdf4c4b25f914c109a977213211772',	'[\"*\"]',	'2023-06-12 12:05:50',	'2023-06-12 11:41:05',	'2023-06-12 12:05:50'),
(111,	'App\\Models\\User',	81,	'API TOKEN',	'4cb2bb960c883cfbbe41c850de4b5f67ba854ff4927c63b65484da8b08793c3d',	'[\"*\"]',	'2023-06-12 11:51:41',	'2023-06-12 11:51:11',	'2023-06-12 11:51:41'),
(112,	'App\\Models\\User',	80,	'data@baba.com',	'011e7b671e34e5b026113dfc0324cb27044a4127596fc0528ee0ca15c7dee5b3',	'[\"*\"]',	'2023-06-12 12:06:36',	'2023-06-12 12:06:29',	'2023-06-12 12:06:36'),
(113,	'App\\Models\\User',	69,	'admin@admin.com',	'3b4edac6c6df8fb7807188224c026a3161803e9c7bf763544826a0b5cde72b4e',	'[\"*\"]',	'2023-06-12 12:07:03',	'2023-06-12 12:06:57',	'2023-06-12 12:07:03'),
(114,	'App\\Models\\User',	68,	'admin@suparadmin.com',	'8902d5560b62af9bca0b154df8dc60730552dbe3b024df4532378967bb6b33b9',	'[\"*\"]',	'2023-06-12 12:12:34',	'2023-06-12 12:08:29',	'2023-06-12 12:12:34'),
(115,	'App\\Models\\User',	68,	'admin@suparadmin.com',	'88c940665062613d39233e16ee31c1ab997d44ddd2d4265c68864dc1e4b40a70',	'[\"*\"]',	'2023-06-12 12:13:29',	'2023-06-12 12:13:12',	'2023-06-12 12:13:29'),
(116,	'App\\Models\\User',	68,	'admin@suparadmin.com',	'1b3ba2a4bcc91280b2395cf4b7ee1ea491c9c9e3497607b312fccc43ec80f8cd',	'[\"*\"]',	'2023-06-12 12:15:56',	'2023-06-12 12:15:28',	'2023-06-12 12:15:56'),
(117,	'App\\Models\\User',	68,	'admin@suparadmin.com',	'0c5b8132f7f9cc367dad6a80c6595a9335eddaf0aba2708d725586f3c66acf73',	'[\"*\"]',	'2023-06-12 12:17:25',	'2023-06-12 12:17:02',	'2023-06-12 12:17:25'),
(118,	'App\\Models\\User',	68,	'admin@suparadmin.com',	'5a146dbd96a43470939191c231f05bd5edf82526355317718b79fb332309baf7',	'[\"*\"]',	'2023-06-12 12:19:08',	'2023-06-12 12:18:52',	'2023-06-12 12:19:08'),
(119,	'App\\Models\\User',	3,	'makshiba@gmail.com',	'788a31529be15e422b3d26c52c2564259a4a3685730da393aee99f1b9b60d3c1',	'[\"*\"]',	'2023-06-13 06:05:50',	'2023-06-12 12:19:06',	'2023-06-13 06:05:50'),
(120,	'App\\Models\\User',	68,	'admin@suparadmin.com',	'33feb4597c51a79225b3f2b62f9748cc29fc67f07f795841dab4088f9ea6eefe',	'[\"*\"]',	NULL,	'2023-06-12 12:21:59',	'2023-06-12 12:21:59'),
(121,	'App\\Models\\User',	77,	'khandokershamimulhaque@gmail.com',	'964eb1e74cd43c4197e490cf5a757120fb6bd62f82a183f68aa323641dc59a00',	'[\"*\"]',	NULL,	'2023-06-12 12:30:26',	'2023-06-12 12:30:26'),
(122,	'App\\Models\\User',	68,	'admin@suparadmin.com',	'82f3f9841a5e533cc6048149ff5541671bfde359d62a058eb87d5b45691117fb',	'[\"*\"]',	'2023-06-12 12:31:51',	'2023-06-12 12:31:07',	'2023-06-12 12:31:51'),
(123,	'App\\Models\\User',	68,	'admin@suparadmin.com',	'01c488841b460cc5ffaa5fbaaa900a125b113e1bb25353d93ebcc53e61104d01',	'[\"*\"]',	NULL,	'2023-06-12 12:35:35',	'2023-06-12 12:35:35'),
(124,	'App\\Models\\User',	68,	'admin@suparadmin.com',	'e1f607d55210ac6e276439be8d94204b18712a86e1d8c358b77d117999d2975e',	'[\"*\"]',	'2023-06-12 12:36:08',	'2023-06-12 12:35:53',	'2023-06-12 12:36:08'),
(125,	'App\\Models\\User',	68,	'admin@suparadmin.com',	'b20b0e80d64ac6347cdbf41be4f53fda30b5173ec023d82ec2a426baca542cfc',	'[\"*\"]',	'2023-06-12 12:36:57',	'2023-06-12 12:36:45',	'2023-06-12 12:36:57'),
(126,	'App\\Models\\User',	68,	'admin@suparadmin.com',	'37cae8f904f705f8a87ad8987e88eb6962d915c2374e654a7d9c75dcae415153',	'[\"*\"]',	'2023-06-12 12:37:31',	'2023-06-12 12:37:11',	'2023-06-12 12:37:31'),
(127,	'App\\Models\\User',	78,	'sara@gmail.com',	'd74d429ca930fe5dcd1bc20a764e3e9bf55862822b4ab5d5ceb47186487814b2',	'[\"*\"]',	'2023-06-13 04:44:44',	'2023-06-13 04:44:23',	'2023-06-13 04:44:44'),
(128,	'App\\Models\\User',	68,	'admin@suparadmin.com',	'a8e82a88260d71ab6e79f84b97e4aaadd08de0325e09253eeb1f765e87e8dd5d',	'[\"*\"]',	NULL,	'2023-06-13 05:44:50',	'2023-06-13 05:44:50'),
(129,	'App\\Models\\User',	68,	'admin@suparadmin.com',	'11eef733413d2a1244388d6e47d2c65ee861bf491fbe2352a965aceea924737c',	'[\"*\"]',	NULL,	'2023-06-13 05:45:12',	'2023-06-13 05:45:12'),
(130,	'App\\Models\\User',	68,	'admin@suparadmin.com',	'307cfe57e2701d14347f72db06f2b9c37eeec2afa2aed1958b08b3cec142445d',	'[\"*\"]',	NULL,	'2023-06-13 05:45:36',	'2023-06-13 05:45:36'),
(131,	'App\\Models\\User',	68,	'admin@suparadmin.com',	'6ed8c3213e648fddc526094dc7037c01cf036ecdfa902563179735475fe743f6',	'[\"*\"]',	NULL,	'2023-06-13 05:45:50',	'2023-06-13 05:45:50'),
(132,	'App\\Models\\User',	68,	'admin@suparadmin.com',	'39709a52cdee61291a423356bd70610318640a1ddcbb3a46c8dc62b8812fbbde',	'[\"*\"]',	NULL,	'2023-06-13 05:48:00',	'2023-06-13 05:48:00'),
(133,	'App\\Models\\User',	68,	'admin@suparadmin.com',	'c7512beb516f37dddc49834f86ed4a64feabee2bc9cf0cf010a8e03358542f0b',	'[\"*\"]',	NULL,	'2023-06-13 05:48:43',	'2023-06-13 05:48:43'),
(134,	'App\\Models\\User',	68,	'admin@suparadmin.com',	'e1f196d0142526f70946ebb359b0f94e211e344a9743e1f0cf9256811a8f0a67',	'[\"*\"]',	NULL,	'2023-06-13 06:03:01',	'2023-06-13 06:03:01'),
(135,	'App\\Models\\User',	68,	'admin@suparadmin.com',	'582a72394343c23634505b91856aaf772c49c13a3b9c4bc9453a907da69dfbc5',	'[\"*\"]',	NULL,	'2023-06-13 06:03:29',	'2023-06-13 06:03:29'),
(136,	'App\\Models\\User',	68,	'admin@suparadmin.com',	'5b3ec043ff796995a27e019eeb4eff6a784be69704ceb03aa449815dcffae4e4',	'[\"*\"]',	NULL,	'2023-06-13 06:07:32',	'2023-06-13 06:07:32'),
(137,	'App\\Models\\User',	78,	'sara@gmail.com',	'9ff43e5d7a3bc20e8385e47a913b6f96be30849ffabfd23af9ef0b4b7fc88152',	'[\"*\"]',	'2023-06-13 09:17:02',	'2023-06-13 06:10:27',	'2023-06-13 09:17:02'),
(138,	'App\\Models\\User',	82,	'API TOKEN',	'a271a29b1bdce298b329467da6813291ea831c1050aa9bf2e22d1392b861da96',	'[\"*\"]',	NULL,	'2023-06-13 06:33:09',	'2023-06-13 06:33:09'),
(139,	'App\\Models\\User',	68,	'admin@suparadmin.com',	'550f14f86a81f6ebe8a9f1796e761592a62a9b044e8382a67730bd3835e1bdf5',	'[\"*\"]',	'2023-06-13 06:33:32',	'2023-06-13 06:33:21',	'2023-06-13 06:33:32'),
(140,	'App\\Models\\User',	68,	'admin@suparadmin.com',	'e03b33e051c14b39816dfcd646fa568284e3bb5ec379a5a8a28aba7e78c65351',	'[\"*\"]',	NULL,	'2023-06-13 06:37:54',	'2023-06-13 06:37:54'),
(141,	'App\\Models\\User',	83,	'API TOKEN',	'2801455d9af44c3bc492511e2f6bf4124c53cd719e8d66b8c34c0f8fb7ac073c',	'[\"*\"]',	NULL,	'2023-06-13 07:48:45',	'2023-06-13 07:48:45'),
(142,	'App\\Models\\User',	69,	'admin@admin.com',	'a841dd19c6bcdbd6934d78264ec090d8e4120fb9ece7d2c3ba5fb3a7a30f25e5',	'[\"*\"]',	NULL,	'2023-06-13 07:55:20',	'2023-06-13 07:55:20'),
(143,	'App\\Models\\User',	69,	'admin@admin.com',	'81247e1f40d1a53d1b0ec1c33ad6a881d630f7bb20f8e479562a2946c1ed097a',	'[\"*\"]',	NULL,	'2023-06-13 07:57:14',	'2023-06-13 07:57:14'),
(144,	'App\\Models\\User',	68,	'admin@suparadmin.com',	'564f20d1c48c785d719105ab2648878fd94493f5ea3a88d444f446331516c708',	'[\"*\"]',	'2023-06-13 09:23:30',	'2023-06-13 08:16:22',	'2023-06-13 09:23:30'),
(145,	'App\\Models\\User',	68,	'admin@suparadmin.com',	'8233eb7fb75d6ad69c7470003876f18304f3c9a603b3a8de3251cf3b46a28fc9',	'[\"*\"]',	'2023-06-13 08:28:03',	'2023-06-13 08:24:44',	'2023-06-13 08:28:03'),
(146,	'App\\Models\\User',	68,	'admin@suparadmin.com',	'91698bc2998a3030f4fde0a5c5ee2e16963419c4f570286a2cbf8fea954a715c',	'[\"*\"]',	NULL,	'2023-06-13 08:32:47',	'2023-06-13 08:32:47'),
(147,	'App\\Models\\User',	68,	'admin@suparadmin.com',	'ebe8bd7a7512671b8c2ba2fdf81b09f0b2e91495e06d3b9efeaa70254ed98e1e',	'[\"*\"]',	NULL,	'2023-06-13 08:34:00',	'2023-06-13 08:34:00'),
(148,	'App\\Models\\User',	68,	'admin@suparadmin.com',	'4da1a3fc209d43c91535cb0b58adb91c2f2fbfa81eda42a3197d8931498f6336',	'[\"*\"]',	NULL,	'2023-06-13 08:34:50',	'2023-06-13 08:34:50'),
(149,	'App\\Models\\User',	68,	'admin@suparadmin.com',	'ae9b7830e11d600a6a5cafe97642d5d3ff969fcde7525ec405d61207357fe49c',	'[\"*\"]',	NULL,	'2023-06-13 08:35:32',	'2023-06-13 08:35:32'),
(150,	'App\\Models\\User',	68,	'admin@suparadmin.com',	'a226ea5cc5a10dd50bc46b041362e7feee773ab3a5e03a81c38b74abec9389d0',	'[\"*\"]',	'2023-06-13 08:36:29',	'2023-06-13 08:36:20',	'2023-06-13 08:36:29'),
(151,	'App\\Models\\User',	68,	'admin@suparadmin.com',	'3ff403d643198d46b29244cd90ebce2990dce8ac3350a44c6ef149e22fb3a7f8',	'[\"*\"]',	NULL,	'2023-06-13 08:40:27',	'2023-06-13 08:40:27'),
(152,	'App\\Models\\User',	68,	'admin@suparadmin.com',	'eb21789a6678aebe7632a90830078ff2776b6ad1ae145df481e3b3072a980819',	'[\"*\"]',	NULL,	'2023-06-13 08:42:45',	'2023-06-13 08:42:45'),
(153,	'App\\Models\\User',	68,	'admin@suparadmin.com',	'4c40a7ad27a376a9e52cd06e5120b6caaa031658fca086f95d822182b6ab8c5a',	'[\"*\"]',	NULL,	'2023-06-13 08:43:37',	'2023-06-13 08:43:37'),
(154,	'App\\Models\\User',	68,	'admin@suparadmin.com',	'44d11a60dcc05cf5f5724e1c8a0951843edc5b299e99f5c40d25858c483d30d7',	'[\"*\"]',	NULL,	'2023-06-13 08:43:55',	'2023-06-13 08:43:55'),
(155,	'App\\Models\\User',	68,	'admin@suparadmin.com',	'88709482f87a78b2e93295b980c728bdda5212624e55482bb06d2e20ca2b470a',	'[\"*\"]',	NULL,	'2023-06-13 08:45:57',	'2023-06-13 08:45:57'),
(156,	'App\\Models\\User',	68,	'admin@suparadmin.com',	'3ffd08c4a187cb29e1137a35ad6c7a9ee630bd5a0af7bf596639756f6561f3c6',	'[\"*\"]',	NULL,	'2023-06-13 08:46:42',	'2023-06-13 08:46:42'),
(157,	'App\\Models\\User',	68,	'admin@suparadmin.com',	'45a2c4f3072d3bcf31ae48f4635a40237081de95f707acab882150ed556b6738',	'[\"*\"]',	NULL,	'2023-06-13 08:47:22',	'2023-06-13 08:47:22'),
(158,	'App\\Models\\User',	68,	'admin@suparadmin.com',	'f3cce71e4215fa2a56fed7639dd710c8cef54a5b18ad0ed2b33d42ae639d3704',	'[\"*\"]',	NULL,	'2023-06-13 08:47:45',	'2023-06-13 08:47:45'),
(159,	'App\\Models\\User',	4,	'alamin@aranya.com.bd',	'fa00e4151ffcad5d9648b2981de2fb1edd95a4a89adb68fc1ad75cdf47f2023f',	'[\"*\"]',	'2023-07-11 06:35:43',	'2023-06-13 09:03:59',	'2023-07-11 06:35:43'),
(160,	'App\\Models\\User',	68,	'admin@suparadmin.com',	'09206c986ca0bdb89ec0ab38f6ea1331cee0a13a2746ca03dc51877325c22103',	'[\"*\"]',	'2023-06-13 09:09:39',	'2023-06-13 09:09:30',	'2023-06-13 09:09:39'),
(161,	'App\\Models\\User',	69,	'admin@admin.com',	'8ea7429a253abb7b4e3604b730e2ae7198d939bb0603fb2a2ffc51d740f245ec',	'[\"*\"]',	'2023-06-13 09:25:32',	'2023-06-13 09:23:48',	'2023-06-13 09:25:32'),
(162,	'App\\Models\\User',	68,	'admin@suparadmin.com',	'3831f9d660171d406ecedcd15e93c0aee4afd226a24b691f49e687d28d760adf',	'[\"*\"]',	'2023-06-13 09:34:21',	'2023-06-13 09:33:38',	'2023-06-13 09:34:21'),
(163,	'App\\Models\\User',	69,	'admin@admin.com',	'f84f1c52a16bc0ecc3a54d089be848917074ef99d42a288759d725e71c7989ff',	'[\"*\"]',	NULL,	'2023-06-13 09:45:33',	'2023-06-13 09:45:33'),
(164,	'App\\Models\\User',	69,	'admin@admin.com',	'926480e041496a46870384f23b622eea1623486ba80a936d6d81a7f04ed40074',	'[\"*\"]',	NULL,	'2023-06-13 09:55:51',	'2023-06-13 09:55:51'),
(165,	'App\\Models\\User',	69,	'admin@admin.com',	'63f7e0ae5434ec341c574738827d592616d9b057f1c77239f83099c098981270',	'[\"*\"]',	'2023-06-13 12:38:36',	'2023-06-13 10:39:52',	'2023-06-13 12:38:36'),
(166,	'App\\Models\\User',	68,	'admin@suparadmin.com',	'7606b97d2c86cd0321f4c7070a81375541b242b15f73ceb2a92d86b5086062cd',	'[\"*\"]',	'2023-06-13 12:52:41',	'2023-06-13 12:02:12',	'2023-06-13 12:52:41'),
(167,	'App\\Models\\User',	68,	'admin@suparadmin.com',	'9cf067e8274e7ca35a1a1eca275f45d43150dd9810b88d6d52d3f276f05fb21e',	'[\"*\"]',	'2023-06-13 13:36:40',	'2023-06-13 12:53:48',	'2023-06-13 13:36:40'),
(168,	'App\\Models\\User',	84,	'daat@das.com',	'7f6e9b3c1e52d837d2f5bc36865eb37e40aba2d9b76bc3a7baef635c00a6aacb',	'[\"*\"]',	NULL,	'2023-06-13 13:46:09',	'2023-06-13 13:46:09'),
(169,	'App\\Models\\User',	73,	'shamimul.haque@webable.digital',	'4de0e3127778b3c5d806ef35fb7620d81a3e4f515128534cac1c4b1fe5dfd338',	'[\"*\"]',	NULL,	'2023-06-13 13:47:22',	'2023-06-13 13:47:22'),
(170,	'App\\Models\\User',	73,	'shamimul.haque@webable.digital',	'79211eabe165a28ca2c86061af1bff6391e8cd52659b1af39b98bfa229ce7b8b',	'[\"*\"]',	NULL,	'2023-06-13 13:48:54',	'2023-06-13 13:48:54'),
(171,	'App\\Models\\User',	73,	'shamimul.haque@webable.digital',	'dd1c594abd7f5ba4d27e8e94a73f3c754a62b2eb704f52eec2d962ced7c2131c',	'[\"*\"]',	NULL,	'2023-06-13 13:48:57',	'2023-06-13 13:48:57'),
(172,	'App\\Models\\User',	73,	'shamimul.haque@webable.digital',	'1da89e6301f13087bc0ce134d9f0fb929d4ad988f9ad34885e256624939a9ab1',	'[\"*\"]',	NULL,	'2023-06-13 13:49:00',	'2023-06-13 13:49:00'),
(173,	'App\\Models\\User',	73,	'shamimul.haque@webable.digital',	'6c1596b4f297408d3c7945e08d73e58cb659a5e82e914b60672f30523a70333c',	'[\"*\"]',	NULL,	'2023-06-13 13:49:02',	'2023-06-13 13:49:02'),
(174,	'App\\Models\\User',	73,	'shamimul.haque@webable.digital',	'c4417469ce3df0dd01045ff81168ba2776ae09a69b9b0bf2c6be045ae3b7008d',	'[\"*\"]',	NULL,	'2023-06-13 13:50:14',	'2023-06-13 13:50:14'),
(175,	'App\\Models\\User',	73,	'shamimul.haque@webable.digital',	'2dabe6ce028c2fac85a2226e6fff71da0d1bb0e344d436b4959a6da15c2c581e',	'[\"*\"]',	NULL,	'2023-06-13 13:51:18',	'2023-06-13 13:51:18'),
(176,	'App\\Models\\User',	73,	'shamimul.haque@webable.digital',	'55d09a559fe81694db151d5a205d92a2a6db9c7405802a42158428c809a4d311',	'[\"*\"]',	NULL,	'2023-06-13 13:51:20',	'2023-06-13 13:51:20'),
(177,	'App\\Models\\User',	73,	'shamimul.haque@webable.digital',	'6e3e4901bf038eb9ed77ecdb589c4c86932617f247850207abeb01ebd4f07493',	'[\"*\"]',	NULL,	'2023-06-13 13:51:49',	'2023-06-13 13:51:49'),
(178,	'App\\Models\\User',	73,	'shamimul.haque@webable.digital',	'09598b7af93b6db167da1ef2dfdccec0c9dbfed6b5f44ebe07484e18c975b737',	'[\"*\"]',	NULL,	'2023-06-13 13:52:59',	'2023-06-13 13:52:59'),
(179,	'App\\Models\\User',	73,	'shamimul.haque@webable.digital',	'a2bbe597720a1a24067537993055538a23435520a00dc87af8d8463fe43e98d6',	'[\"*\"]',	NULL,	'2023-06-13 13:54:43',	'2023-06-13 13:54:43'),
(180,	'App\\Models\\User',	73,	'shamimul.haque@webable.digital',	'bda641ef05baea665883aef89ba15388bfae37eaa8de4fd3d7e48eaf800f3966',	'[\"*\"]',	NULL,	'2023-06-13 13:54:44',	'2023-06-13 13:54:44'),
(181,	'App\\Models\\User',	73,	'shamimul.haque@webable.digital',	'da8bcf19a43aff53846e56f5dd9960cf7f5458a3c1f0c3b57a27e7360d524880',	'[\"*\"]',	NULL,	'2023-06-13 13:54:54',	'2023-06-13 13:54:54'),
(182,	'App\\Models\\User',	73,	'shamimul.haque@webable.digital',	'ec0124eb7c4d832b89003087adeedbb0f822aa466fbfd9dd2607e6d686111700',	'[\"*\"]',	NULL,	'2023-06-13 13:54:58',	'2023-06-13 13:54:58'),
(183,	'App\\Models\\User',	73,	'shamimul.haque@webable.digital',	'102d5807b5865f26690a2de69814ac98d83e855216111609979d52a8c93fc665',	'[\"*\"]',	NULL,	'2023-06-13 13:55:00',	'2023-06-13 13:55:00'),
(184,	'App\\Models\\User',	73,	'shamimul.haque@webable.digital',	'608e0572d309925171e3048fd59f99a913020d29dc24808e1b057ff6d4c8c1b8',	'[\"*\"]',	NULL,	'2023-06-13 13:55:04',	'2023-06-13 13:55:04'),
(185,	'App\\Models\\User',	73,	'shamimul.haque@webable.digital',	'4d93e6dbb1025f60f940b70d6390293fc74a8f0de1f19f15815cf51548b3e345',	'[\"*\"]',	NULL,	'2023-06-13 13:55:23',	'2023-06-13 13:55:23'),
(186,	'App\\Models\\User',	73,	'shamimul.haque@webable.digital',	'ead5e0e3edd85f7ba5c3de484c4da1578a595065dfbc18d5b4e3926e794338cb',	'[\"*\"]',	NULL,	'2023-06-13 13:55:28',	'2023-06-13 13:55:28'),
(187,	'App\\Models\\User',	73,	'shamimul.haque@webable.digital',	'3c96d77b55a345081de677c177e0572c0c0417dc2e745d03f64d1621fc9ded87',	'[\"*\"]',	NULL,	'2023-06-13 13:55:34',	'2023-06-13 13:55:34'),
(188,	'App\\Models\\User',	73,	'shamimul.haque@webable.digital',	'e8e3f5fd4ab77c7ec3e8ea1912bb55f3e3461b44a4e7ffa05495cca7976ccac0',	'[\"*\"]',	NULL,	'2023-06-13 13:57:45',	'2023-06-13 13:57:45'),
(189,	'App\\Models\\User',	73,	'shamimul.haque@webable.digital',	'7e3ebb935b5948f2611464a6caabb72b95c0199d9a15c8efde4688fa30ba76f6',	'[\"*\"]',	NULL,	'2023-06-13 13:58:49',	'2023-06-13 13:58:49'),
(190,	'App\\Models\\User',	73,	'shamimul.haque@webable.digital',	'd99cb52a327f657998eb375d9988bc52391239c3da6a5b76071aab36881d0bc8',	'[\"*\"]',	NULL,	'2023-06-13 13:59:02',	'2023-06-13 13:59:02'),
(191,	'App\\Models\\User',	73,	'shamimul.haque@webable.digital',	'44c4c1f4f85c9db31c54eee2e570b43a6ac9309977e09339965e5fa5cabf9879',	'[\"*\"]',	NULL,	'2023-06-13 13:59:17',	'2023-06-13 13:59:17'),
(192,	'App\\Models\\User',	73,	'shamimul.haque@webable.digital',	'e20ae538ba5087b69de2f573f4407f92bdaf8048abc4b72f8f86933999011a09',	'[\"*\"]',	NULL,	'2023-06-13 13:59:20',	'2023-06-13 13:59:20'),
(193,	'App\\Models\\User',	73,	'shamimul.haque@webable.digital',	'b2c6b93a0f1cc046753f5d0f04deaebee6e1a42e543858107aa92ae45b9f1b79',	'[\"*\"]',	NULL,	'2023-06-13 13:59:24',	'2023-06-13 13:59:24'),
(194,	'App\\Models\\User',	73,	'shamimul.haque@webable.digital',	'0b81480f00f856383888e439f61b80f7eb78f864ca7b7e7b7db202c0ef6e466c',	'[\"*\"]',	NULL,	'2023-06-13 13:59:28',	'2023-06-13 13:59:28'),
(195,	'App\\Models\\User',	73,	'shamimul.haque@webable.digital',	'893bb35aa1ba3b1c90e7ec29b0f109f215a31d5d9f0ec4f9654ca08659f3efc2',	'[\"*\"]',	NULL,	'2023-06-13 13:59:30',	'2023-06-13 13:59:30'),
(196,	'App\\Models\\User',	73,	'shamimul.haque@webable.digital',	'819467ba6d1eedafdf3f2e5d42c39290751771f15ed4301219d91ae81ed2e3a3',	'[\"*\"]',	NULL,	'2023-06-13 13:59:32',	'2023-06-13 13:59:32'),
(197,	'App\\Models\\User',	73,	'shamimul.haque@webable.digital',	'f30e1c22ca208d31682a298a7cf57704e1446e3b0644beda9d20a260cc4fada8',	'[\"*\"]',	NULL,	'2023-06-13 14:01:27',	'2023-06-13 14:01:27'),
(198,	'App\\Models\\User',	73,	'shamimul.haque@webable.digital',	'41a5d569b701ee1826f9b556287155f7d78066eda3ff0d192e98e57eca61be1a',	'[\"*\"]',	NULL,	'2023-06-13 14:01:29',	'2023-06-13 14:01:29'),
(199,	'App\\Models\\User',	73,	'shamimul.haque@webable.digital',	'16f1d390211e669470101456bd0cc4564399a99f2bdc2223edf75d74a9c42236',	'[\"*\"]',	NULL,	'2023-06-13 14:01:31',	'2023-06-13 14:01:31'),
(200,	'App\\Models\\User',	73,	'shamimul.haque@webable.digital',	'bd7eba620bc77dfbab78069227d56d63db2176f81e274ac3985a65f8db2ec93a',	'[\"*\"]',	NULL,	'2023-06-13 14:03:03',	'2023-06-13 14:03:03'),
(201,	'App\\Models\\User',	73,	'shamimul.haque@webable.digital',	'1f9716e37226d858253a43526acddd73f70eac8041d9ec09c7da093ca84d4a8f',	'[\"*\"]',	NULL,	'2023-06-13 14:03:24',	'2023-06-13 14:03:24'),
(202,	'App\\Models\\User',	68,	'admin@suparadmin.com',	'52698dc28ca21090fc38922491df774a095d77f654ecdd4f44a59ad843c7e748',	'[\"*\"]',	NULL,	'2023-06-13 14:05:56',	'2023-06-13 14:05:56'),
(203,	'App\\Models\\User',	73,	'shamimul.haque@webable.digital',	'5e430c64adc2fc8e0373ad2488970db69aa1c0c9690f0ac679ff1ebf0f25b6b2',	'[\"*\"]',	NULL,	'2023-06-13 14:07:30',	'2023-06-13 14:07:30'),
(204,	'App\\Models\\User',	73,	'shamimul.haque@webable.digital',	'a3c2523b807006aff46ec5546db15d2555ee152588414fc659b488737bbb0a6a',	'[\"*\"]',	NULL,	'2023-06-13 14:07:32',	'2023-06-13 14:07:32'),
(205,	'App\\Models\\User',	73,	'shamimul.haque@webable.digital',	'd45c87e83fa2af585f5883d0b792c73ba7d1939c91feea61fcae4a1abbb3b9ab',	'[\"*\"]',	NULL,	'2023-06-13 14:09:06',	'2023-06-13 14:09:06'),
(206,	'App\\Models\\User',	73,	'shamimul.haque@webable.digital',	'c25c3d234a2103c27380c1697fccf5c9c6a435fa68d7c68f972dc5e1fa5b650a',	'[\"*\"]',	NULL,	'2023-06-13 14:10:56',	'2023-06-13 14:10:56'),
(207,	'App\\Models\\User',	73,	'shamimul.haque@webable.digital',	'723303bed028c7b9fa9f8ac68f9ded7a9f2cef7ac98d53f3feaca5305fa5034d',	'[\"*\"]',	NULL,	'2023-06-13 14:11:09',	'2023-06-13 14:11:09'),
(208,	'App\\Models\\User',	73,	'shamimul.haque@webable.digital',	'f0ddeed8717d559f896cbd8dddccdef2b412f37be6b005c60b900fe84acc4daf',	'[\"*\"]',	NULL,	'2023-06-13 14:12:05',	'2023-06-13 14:12:05'),
(209,	'App\\Models\\User',	73,	'shamimul.haque@webable.digital',	'13628330a8c58536fe4e2af2309299a49306297d66b0f334cd887fca7bc0e351',	'[\"*\"]',	NULL,	'2023-06-13 14:12:49',	'2023-06-13 14:12:49'),
(210,	'App\\Models\\User',	73,	'shamimul.haque@webable.digital',	'6f564b93bcf819804af1b363a566a00e33e313f61547f8daa976807ced9ecb4d',	'[\"*\"]',	NULL,	'2023-06-13 14:13:38',	'2023-06-13 14:13:38'),
(211,	'App\\Models\\User',	73,	'shamimul.haque@webable.digital',	'd4fab8c01e949e8a3dd66c7cc4c0db9f94be9af1066e4464e436e3e0291d36b6',	'[\"*\"]',	NULL,	'2023-06-13 14:13:58',	'2023-06-13 14:13:58'),
(212,	'App\\Models\\User',	73,	'shamimul.haque@webable.digital',	'df81e9d2bc4af238b840ebcf7a20d04b519d944497658b7de276b7cd5d0bff2b',	'[\"*\"]',	NULL,	'2023-06-13 14:14:22',	'2023-06-13 14:14:22'),
(213,	'App\\Models\\User',	73,	'shamimul.haque@webable.digital',	'f779d9da84fa29c3d64c90ec3bcdeae6245a185db5121496ec2bb51959f615ed',	'[\"*\"]',	NULL,	'2023-06-13 14:14:54',	'2023-06-13 14:14:54'),
(214,	'App\\Models\\User',	73,	'shamimul.haque@webable.digital',	'd17529adb07b8cfd8e7a9c82924fcc8a96643c3af689f267a202ec5a8639639c',	'[\"*\"]',	NULL,	'2023-06-13 14:15:09',	'2023-06-13 14:15:09'),
(215,	'App\\Models\\User',	73,	'shamimul.haque@webable.digital',	'1279a0b805d3c4b490a7f058bf46da40b832b6132103b177c833a8a2f6504921',	'[\"*\"]',	NULL,	'2023-06-13 14:15:30',	'2023-06-13 14:15:30'),
(216,	'App\\Models\\User',	73,	'shamimul.haque@webable.digital',	'5475a92b92f092edbebb47d0d2dc7015d9e4f086541b4d7e33985c1bfaff239b',	'[\"*\"]',	NULL,	'2023-06-13 14:15:44',	'2023-06-13 14:15:44'),
(217,	'App\\Models\\User',	73,	'shamimul.haque@webable.digital',	'94a861caa6c20aebb96958f2144576869a8a657db52c63a6c18a53316591577f',	'[\"*\"]',	NULL,	'2023-06-13 14:15:44',	'2023-06-13 14:15:44'),
(218,	'App\\Models\\User',	73,	'shamimul.haque@webable.digital',	'7a40a9f1f484193abdb824cc18ecfe82bd5c11ba06bd8e3c9b197f191a7b832f',	'[\"*\"]',	NULL,	'2023-06-13 14:15:45',	'2023-06-13 14:15:45'),
(219,	'App\\Models\\User',	73,	'shamimul.haque@webable.digital',	'3ef34ecff3efea677d9967d8d3aee435cc1fc7484cb7b4b11adb23b75cf0e863',	'[\"*\"]',	NULL,	'2023-06-13 14:16:44',	'2023-06-13 14:16:44'),
(220,	'App\\Models\\User',	73,	'shamimul.haque@webable.digital',	'568fcf37c60dab6adb2c6805cf723ce31573874a5152a1e180af28a66945bfb5',	'[\"*\"]',	NULL,	'2023-06-13 14:16:44',	'2023-06-13 14:16:44'),
(221,	'App\\Models\\User',	73,	'shamimul.haque@webable.digital',	'9f20d5aefe28a637c971859613dda0f1765d84fa5d361fa75f2ca123cb1c3155',	'[\"*\"]',	NULL,	'2023-06-13 14:16:44',	'2023-06-13 14:16:44'),
(222,	'App\\Models\\User',	73,	'shamimul.haque@webable.digital',	'976f5ceecccd489632cc1b80daae84132edb7ecfe88ec5379c97f49739a1c1eb',	'[\"*\"]',	NULL,	'2023-06-13 14:17:04',	'2023-06-13 14:17:04'),
(223,	'App\\Models\\User',	73,	'shamimul.haque@webable.digital',	'a356a6f418610dccfbc6629ba86de337eead79038cf77646f245c8325d7c1000',	'[\"*\"]',	NULL,	'2023-06-13 14:17:04',	'2023-06-13 14:17:04'),
(224,	'App\\Models\\User',	73,	'shamimul.haque@webable.digital',	'c4d6d69cd00107622b1f55e76b30626cc7f75bdeac6946df3276d351725f1f6f',	'[\"*\"]',	NULL,	'2023-06-13 14:17:04',	'2023-06-13 14:17:04'),
(225,	'App\\Models\\User',	73,	'shamimul.haque@webable.digital',	'1786b2b56be089d6d355ef16e8b082a7f4a4c57823af3af3c2e694e31087e7bc',	'[\"*\"]',	NULL,	'2023-06-13 14:18:02',	'2023-06-13 14:18:02'),
(226,	'App\\Models\\User',	73,	'shamimul.haque@webable.digital',	'275826577cc7e9bffb0900c1e9ae6fc3f0b734f2f4fe9fa05ade5964b303c73d',	'[\"*\"]',	NULL,	'2023-06-13 14:18:02',	'2023-06-13 14:18:02'),
(227,	'App\\Models\\User',	73,	'shamimul.haque@webable.digital',	'fd9201e4955e42e901276c6fdbed7e54eeaa40532704abc0d5c75660157c1996',	'[\"*\"]',	NULL,	'2023-06-13 14:18:02',	'2023-06-13 14:18:02'),
(228,	'App\\Models\\User',	73,	'shamimul.haque@webable.digital',	'12fc9cec0a5d9d33d712250d441caccd55021cc365ba69b266795feb38561147',	'[\"*\"]',	NULL,	'2023-06-13 14:18:18',	'2023-06-13 14:18:18'),
(229,	'App\\Models\\User',	73,	'shamimul.haque@webable.digital',	'12b5016d3c96077554b15c1c97d33a0a2f476cc5d45577bdaad1b16d510993da',	'[\"*\"]',	NULL,	'2023-06-13 14:18:18',	'2023-06-13 14:18:18'),
(230,	'App\\Models\\User',	73,	'shamimul.haque@webable.digital',	'9e0c88ece5d0a2163d525b95ee367405496f525378b674f52aebd008ef4e7821',	'[\"*\"]',	NULL,	'2023-06-13 14:18:18',	'2023-06-13 14:18:18'),
(231,	'App\\Models\\User',	73,	'shamimul.haque@webable.digital',	'22de1a51770dff05e85d0f95e772e4cb69ea8bee9ddc6923b11dcba242c77ecc',	'[\"*\"]',	NULL,	'2023-06-13 14:20:56',	'2023-06-13 14:20:56'),
(232,	'App\\Models\\User',	73,	'shamimul.haque@webable.digital',	'3cf75600da061dc339555fdadf64d43ab4946591f4cfe2c9d79a913ba50ac4a7',	'[\"*\"]',	NULL,	'2023-06-13 14:20:56',	'2023-06-13 14:20:56'),
(233,	'App\\Models\\User',	73,	'shamimul.haque@webable.digital',	'4b2f52f8baedffe07d41d545a7a2aa6731faa5a059ae2c8ee5f9c2ee56755e04',	'[\"*\"]',	NULL,	'2023-06-13 14:20:56',	'2023-06-13 14:20:56'),
(234,	'App\\Models\\User',	73,	'shamimul.haque@webable.digital',	'edfd32817cb1076c3c5cfba7fb9ac1cc9e2b2ec16cbef350f4e92d730bd51db5',	'[\"*\"]',	NULL,	'2023-06-13 14:21:06',	'2023-06-13 14:21:06'),
(235,	'App\\Models\\User',	73,	'shamimul.haque@webable.digital',	'b17f22777148832d0615bfca206b3aa73724c0f78cae9024303ec86accd6d96b',	'[\"*\"]',	NULL,	'2023-06-13 14:21:06',	'2023-06-13 14:21:06'),
(236,	'App\\Models\\User',	73,	'shamimul.haque@webable.digital',	'ded9d1972c3829e3b721de4a5afb20ef13351d09589dbd74640609a2df31369e',	'[\"*\"]',	NULL,	'2023-06-13 14:21:07',	'2023-06-13 14:21:07'),
(237,	'App\\Models\\User',	85,	'khandoker15-1992@diu.edu.bd',	'cef2bc27c8c028e5717971e7f7dea38d7ba4c175821f4bc5f293321b44a5e505',	'[\"*\"]',	NULL,	'2023-06-13 14:22:34',	'2023-06-13 14:22:34'),
(238,	'App\\Models\\User',	85,	'khandoker15-1992@diu.edu.bd',	'55b4a04c720ca5ffb5ae3f9b4abb788b38aa63ee1bab2a989a39c94b3c3b8ea4',	'[\"*\"]',	NULL,	'2023-06-13 14:22:34',	'2023-06-13 14:22:34'),
(239,	'App\\Models\\User',	85,	'khandoker15-1992@diu.edu.bd',	'7f8bdc40929ade8ef60523bc46bdaaa7f4c9f07d546f22628c0f0a459a35c9e2',	'[\"*\"]',	NULL,	'2023-06-13 14:22:34',	'2023-06-13 14:22:34'),
(240,	'App\\Models\\User',	68,	'admin@suparadmin.com',	'5740742b1331fd302e225913271efb6ba50a40d835a35f3e0a4a862d4f9148b4',	'[\"*\"]',	NULL,	'2023-06-13 14:22:51',	'2023-06-13 14:22:51'),
(241,	'App\\Models\\User',	73,	'shamimul.haque@webable.digital',	'f07ee90b77affa5421f318377db1de2a58b22055a4c279f0669eca90849fd8a4',	'[\"*\"]',	NULL,	'2023-06-13 14:23:09',	'2023-06-13 14:23:09'),
(242,	'App\\Models\\User',	73,	'shamimul.haque@webable.digital',	'1e84ffcd20fadcce204441f0a585ba559ef33c73a52da2ad5ece49fefed6661b',	'[\"*\"]',	NULL,	'2023-06-13 14:23:09',	'2023-06-13 14:23:09'),
(243,	'App\\Models\\User',	73,	'shamimul.haque@webable.digital',	'2e5bd5694c808f827c6663ccc26282ea18d56ecf4a088e7cb9d9864a8233c850',	'[\"*\"]',	NULL,	'2023-06-13 14:23:09',	'2023-06-13 14:23:09'),
(244,	'App\\Models\\User',	73,	'shamimul.haque@webable.digital',	'f6fa3cda2e0c8cdd76f12aacb5515f4673493148ddf5eb4b23d21232004a7c23',	'[\"*\"]',	NULL,	'2023-06-13 14:25:16',	'2023-06-13 14:25:16'),
(245,	'App\\Models\\User',	73,	'shamimul.haque@webable.digital',	'035cd244f41706297c4e0cd104994e4b0a18d368e0318b7c9d4a709a32d567bf',	'[\"*\"]',	NULL,	'2023-06-13 14:25:17',	'2023-06-13 14:25:17'),
(246,	'App\\Models\\User',	73,	'shamimul.haque@webable.digital',	'192023c12f8156a90f62362998f88f76e81122e586d09a1aa031f38c84b709c1',	'[\"*\"]',	NULL,	'2023-06-13 14:25:17',	'2023-06-13 14:25:17'),
(247,	'App\\Models\\User',	73,	'shamimul.haque@webable.digital',	'f74d847c61ac23de3926ceeaf67e6add1132cf56e43bcaa282dead7e0c013752',	'[\"*\"]',	NULL,	'2023-06-13 14:25:37',	'2023-06-13 14:25:37'),
(248,	'App\\Models\\User',	73,	'shamimul.haque@webable.digital',	'b9f509cfb8e35b88bd3f3e48d36ae67290d15a0d9609047b11165cf9565fe099',	'[\"*\"]',	NULL,	'2023-06-13 14:25:37',	'2023-06-13 14:25:37'),
(249,	'App\\Models\\User',	73,	'shamimul.haque@webable.digital',	'b505b569d4ab8646ac2e04a69126310cdb0871b749663e3d7b488890eb71e15d',	'[\"*\"]',	NULL,	'2023-06-13 14:25:37',	'2023-06-13 14:25:37'),
(250,	'App\\Models\\User',	77,	'khandokershamimulhaque@gmail.com',	'0b10b05263faee0e067c6c893a07447037d5a8eda944abb5eedc78036b5230f5',	'[\"*\"]',	NULL,	'2023-06-13 14:26:05',	'2023-06-13 14:26:05'),
(251,	'App\\Models\\User',	77,	'khandokershamimulhaque@gmail.com',	'fc4d5aa85ed6d143ce5580098db79065016ad8a082ebdd1184568e8e6d1b6b9d',	'[\"*\"]',	NULL,	'2023-06-13 14:26:05',	'2023-06-13 14:26:05'),
(252,	'App\\Models\\User',	77,	'khandokershamimulhaque@gmail.com',	'0f504959b4e542bea1530a8c6897b64015eab7cf9dfefd7efc5e822ec6dfac85',	'[\"*\"]',	NULL,	'2023-06-13 14:26:05',	'2023-06-13 14:26:05'),
(253,	'App\\Models\\User',	85,	'khandoker15-1992@diu.edu.bd',	'326072d7512ef07e491f3eafa9c794b96354d0ea08d5b74563c79f87587f4c71',	'[\"*\"]',	NULL,	'2023-06-13 14:35:37',	'2023-06-13 14:35:37'),
(254,	'App\\Models\\User',	85,	'khandoker15-1992@diu.edu.bd',	'a53b1f1bd4106a39db81385c4d684a7e7d1baa328f7e68bee80894403d9ca8e3',	'[\"*\"]',	NULL,	'2023-06-13 14:35:38',	'2023-06-13 14:35:38'),
(255,	'App\\Models\\User',	85,	'khandoker15-1992@diu.edu.bd',	'4812db1910faf232cd7489524cb249d61d4dfd2696d4b62101d136bde148aeaa',	'[\"*\"]',	NULL,	'2023-06-13 14:35:38',	'2023-06-13 14:35:38'),
(256,	'App\\Models\\User',	86,	'API TOKEN',	'7a0142dab039342a1bbad331645826545b1babcc43184d57f70d43c21a82c290',	'[\"*\"]',	NULL,	'2023-06-13 23:21:44',	'2023-06-13 23:21:44'),
(257,	'App\\Models\\User',	87,	'API TOKEN',	'ace1c88f78e1ca0ec40f2aca1094deba4e14935253ea20fa42d87e202ae89242',	'[\"*\"]',	NULL,	'2023-06-14 05:58:24',	'2023-06-14 05:58:24'),
(258,	'App\\Models\\User',	78,	'sara@gmail.com',	'7c08a52ef4fce6c2e28d876790683ac7b8521e9e431a8bb94395fe5b85ed771f',	'[\"*\"]',	'2023-06-14 06:56:14',	'2023-06-14 06:37:32',	'2023-06-14 06:56:14'),
(259,	'App\\Models\\User',	68,	'admin@suparadmin.com',	'07efe23099794ef30f5ff6f1aa38142031a90dbfff00a707279d9e12f63d6c28',	'[\"*\"]',	'2023-06-14 13:13:20',	'2023-06-14 06:54:29',	'2023-06-14 13:13:20'),
(260,	'App\\Models\\User',	73,	'shamimul.haque@webable.digital',	'89429481fc36f19b8445272b39ab744ac37f89b315cf67bd1f37fa22a458523d',	'[\"*\"]',	NULL,	'2023-06-15 05:22:57',	'2023-06-15 05:22:57'),
(261,	'App\\Models\\User',	73,	'shamimul.haque@webable.digital',	'17628e739c812bada031520bd3c7ba50b3fe88a10dba8d771e318f6845edeccd',	'[\"*\"]',	NULL,	'2023-06-15 05:22:57',	'2023-06-15 05:22:57'),
(262,	'App\\Models\\User',	73,	'shamimul.haque@webable.digital',	'49f273fcf34e6424e064acb4106e44c5c7f57d314e0221c14789b49d73c3610c',	'[\"*\"]',	NULL,	'2023-06-15 05:22:58',	'2023-06-15 05:22:58'),
(263,	'App\\Models\\User',	68,	'admin@suparadmin.com',	'42cb8097114147e475a569431dd46e53428e0e01130d171c3c8f8705bb26d9de',	'[\"*\"]',	'2023-06-15 05:24:37',	'2023-06-15 05:24:29',	'2023-06-15 05:24:37'),
(264,	'App\\Models\\User',	85,	'khandoker15-1992@diu.edu.bd',	'def73fa564a3c35dc74088af74514e168ad25e9d64eca0bdf808f155fc516697',	'[\"*\"]',	NULL,	'2023-06-15 05:28:56',	'2023-06-15 05:28:56'),
(265,	'App\\Models\\User',	85,	'khandoker15-1992@diu.edu.bd',	'52532b3c2b56cba2713d86ddd4ca3543d26cfebeb7833631564fdfe1888be91f',	'[\"*\"]',	NULL,	'2023-06-15 05:28:56',	'2023-06-15 05:28:56'),
(266,	'App\\Models\\User',	85,	'khandoker15-1992@diu.edu.bd',	'36f78d7264b727efeb7a41145867a135aef755b53fd10d2202b742e5eaa65701',	'[\"*\"]',	NULL,	'2023-06-15 05:28:57',	'2023-06-15 05:28:57'),
(267,	'App\\Models\\User',	68,	'admin@suparadmin.com',	'5e919dfde21c193a370eb6b591ac0aca2709634a7c97994b91487c4cffa71d89',	'[\"*\"]',	NULL,	'2023-06-15 05:41:11',	'2023-06-15 05:41:11'),
(268,	'App\\Models\\User',	77,	'khandokershamimulhaque@gmail.com',	'd24efc73b6655f04d70da25cacb5382c66e57d492fc6a76b313aa058a0dd5856',	'[\"*\"]',	NULL,	'2023-06-15 05:44:19',	'2023-06-15 05:44:19'),
(269,	'App\\Models\\User',	77,	'khandokershamimulhaque@gmail.com',	'672b0cc8d9957021c4783a02cfa8372a93b2863f5849ee7113ee90c63d5564c1',	'[\"*\"]',	NULL,	'2023-06-15 05:44:19',	'2023-06-15 05:44:19'),
(270,	'App\\Models\\User',	77,	'khandokershamimulhaque@gmail.com',	'a1a01ea2821b1077a5921c1ad2db4e82a27a535d426e62b1d4eb50b909ca3f7b',	'[\"*\"]',	NULL,	'2023-06-15 05:44:19',	'2023-06-15 05:44:19'),
(271,	'App\\Models\\User',	68,	'admin@suparadmin.com',	'80e42d85ce3a4c09dff5dc1fd18a275dac4f4874e9613cb02a52d73beba00b9d',	'[\"*\"]',	'2023-06-15 06:19:32',	'2023-06-15 06:18:52',	'2023-06-15 06:19:32'),
(272,	'App\\Models\\User',	77,	'khandokershamimulhaque@gmail.com',	'2c92ac84d1d69b49b790add3408f2e92e3c863a983f987e4f125493d1aea569c',	'[\"*\"]',	NULL,	'2023-06-15 06:20:39',	'2023-06-15 06:20:39'),
(273,	'App\\Models\\User',	77,	'khandokershamimulhaque@gmail.com',	'b427fa3f93ef9b939109fda528f1ff413627312555bac4cc7211c336f4df118e',	'[\"*\"]',	'2023-06-15 06:25:25',	'2023-06-15 06:20:39',	'2023-06-15 06:25:25'),
(274,	'App\\Models\\User',	77,	'khandokershamimulhaque@gmail.com',	'10a98f7806d3cfb13cb2a7f461d8241d8e6623a2d381baca9be83aa6304245df',	'[\"*\"]',	NULL,	'2023-06-15 06:20:39',	'2023-06-15 06:20:39'),
(275,	'App\\Models\\User',	68,	'admin@suparadmin.com',	'1400eac3574c942f65efe883dac870e6ab92a8c070056f3edf6b234318534cf1',	'[\"*\"]',	'2023-06-15 06:40:04',	'2023-06-15 06:38:48',	'2023-06-15 06:40:04'),
(276,	'App\\Models\\User',	77,	'khandokershamimulhaque@gmail.com',	'c73e0524a69006e418e80661f76579d554b9129f454b39b2569b0c024b8395fe',	'[\"*\"]',	NULL,	'2023-06-15 06:40:45',	'2023-06-15 06:40:45'),
(277,	'App\\Models\\User',	77,	'khandokershamimulhaque@gmail.com',	'e5a69f290f2efc331b4dc5d58ca6c2347d6d85de02a3882c872718456671122a',	'[\"*\"]',	NULL,	'2023-06-15 06:40:46',	'2023-06-15 06:40:46'),
(278,	'App\\Models\\User',	77,	'khandokershamimulhaque@gmail.com',	'9e2afe8e80e972e9c3b9c1f6f1ef5f45a62f8c0ca4d37a0afed328871395b469',	'[\"*\"]',	NULL,	'2023-06-15 06:40:46',	'2023-06-15 06:40:46'),
(279,	'App\\Models\\User',	77,	'khandokershamimulhaque@gmail.com',	'cbb3109bdb0f987fddb1a2a88510e2e0bed51a83239a3910f447bbb651f98985',	'[\"*\"]',	NULL,	'2023-06-15 06:47:59',	'2023-06-15 06:47:59'),
(280,	'App\\Models\\User',	77,	'khandokershamimulhaque@gmail.com',	'2cc08473a98934fde47918d86db6ffa982d388617d8c88101854704b53ec5527',	'[\"*\"]',	'2023-06-15 07:43:56',	'2023-06-15 06:47:59',	'2023-06-15 07:43:56'),
(281,	'App\\Models\\User',	77,	'khandokershamimulhaque@gmail.com',	'65a4a3bb27c4d74f4bbd14df4283b1114a3ec4382589c8dd289c23598dac83bb',	'[\"*\"]',	NULL,	'2023-06-15 06:47:59',	'2023-06-15 06:47:59'),
(282,	'App\\Models\\User',	77,	'khandokershamimulhaque@gmail.com',	'71ee9bdb3c7d7742bf77b2d1fa8dc048a15d4549f2eeb04378b3436638855854',	'[\"*\"]',	NULL,	'2023-06-15 07:45:52',	'2023-06-15 07:45:52'),
(283,	'App\\Models\\User',	77,	'khandokershamimulhaque@gmail.com',	'372e8f5d59ef5fc8060c061f69ba682416cd76b11663d3c0dc45f76dfdafb70d',	'[\"*\"]',	NULL,	'2023-06-15 07:45:52',	'2023-06-15 07:45:52'),
(284,	'App\\Models\\User',	77,	'khandokershamimulhaque@gmail.com',	'62d87b805150db4765e399ed37c28d082678d6144d7bf2253592ffa0a28fb132',	'[\"*\"]',	NULL,	'2023-06-15 07:45:52',	'2023-06-15 07:45:52'),
(285,	'App\\Models\\User',	77,	'khandokershamimulhaque@gmail.com',	'bb8c0cb5886aa3cef31715872eb84e2bcb01eb952a3a5a885ed9958ebfd19709',	'[\"*\"]',	NULL,	'2023-06-15 07:47:03',	'2023-06-15 07:47:03'),
(286,	'App\\Models\\User',	77,	'khandokershamimulhaque@gmail.com',	'5dbcfc8cfc59de62702c2f4c1033918d06007f6c797865df3d5feab6f90c4a60',	'[\"*\"]',	'2023-06-15 07:47:10',	'2023-06-15 07:47:03',	'2023-06-15 07:47:10'),
(287,	'App\\Models\\User',	77,	'khandokershamimulhaque@gmail.com',	'783f1ab39e29de4615efa04e35bcc643239f12f461dea146bf23e75812bac952',	'[\"*\"]',	NULL,	'2023-06-15 07:47:03',	'2023-06-15 07:47:03'),
(288,	'App\\Models\\User',	77,	'khandokershamimulhaque@gmail.com',	'45fd98a95f27d6b0b8483eef2b3252e640939fbbc0937b57a7905a50b7ecfd71',	'[\"*\"]',	NULL,	'2023-06-15 07:47:18',	'2023-06-15 07:47:18'),
(289,	'App\\Models\\User',	77,	'khandokershamimulhaque@gmail.com',	'5fa027c7ed42f803668e3f066f93526e75c993e63564307ba0147fdd2983171f',	'[\"*\"]',	'2023-06-15 07:50:07',	'2023-06-15 07:47:18',	'2023-06-15 07:50:07'),
(290,	'App\\Models\\User',	77,	'khandokershamimulhaque@gmail.com',	'be339de4edd4e91c2a4d2da734e35ee31471f1000258970ab370636fe8c0c961',	'[\"*\"]',	NULL,	'2023-06-15 07:47:18',	'2023-06-15 07:47:18'),
(291,	'App\\Models\\User',	77,	'khandokershamimulhaque@gmail.com',	'7d4fd874abbe15428d4d163a73abf9aff183afc2cc48fa7c41b33741788fc1b1',	'[\"*\"]',	NULL,	'2023-06-15 07:50:16',	'2023-06-15 07:50:16'),
(292,	'App\\Models\\User',	77,	'khandokershamimulhaque@gmail.com',	'1bf9e5b23aa04008ce7fb8569168babc8fe4222aeeab8eae35e0627e64ff9453',	'[\"*\"]',	NULL,	'2023-06-15 07:50:16',	'2023-06-15 07:50:16'),
(293,	'App\\Models\\User',	77,	'khandokershamimulhaque@gmail.com',	'7966f9fe504dae08eda451979596fcabd07c246b61e416141f5e0d449c5aa7b6',	'[\"*\"]',	NULL,	'2023-06-15 07:50:16',	'2023-06-15 07:50:16'),
(294,	'App\\Models\\User',	77,	'khandokershamimulhaque@gmail.com',	'82365e65315d7deb355859d8ecf6e445968e23ec1b1282252400bfc9301f2457',	'[\"*\"]',	NULL,	'2023-06-15 07:51:38',	'2023-06-15 07:51:38'),
(295,	'App\\Models\\User',	77,	'khandokershamimulhaque@gmail.com',	'4c465bbfefd196d76e930e8af1cae958a0e104a5bf175da89a863cfd657c435f',	'[\"*\"]',	NULL,	'2023-06-15 07:51:38',	'2023-06-15 07:51:38'),
(296,	'App\\Models\\User',	77,	'khandokershamimulhaque@gmail.com',	'2bb172ccea474cfac108821547b6be12045c6080368093f18e26ffde2d52d175',	'[\"*\"]',	NULL,	'2023-06-15 07:51:39',	'2023-06-15 07:51:39'),
(297,	'App\\Models\\User',	77,	'khandokershamimulhaque@gmail.com',	'6f29dbe548bfd3af7ba8dc4fab4c866b53b03b5554aa053b17b8fcf4aa63bfdc',	'[\"*\"]',	NULL,	'2023-06-15 07:55:49',	'2023-06-15 07:55:49'),
(298,	'App\\Models\\User',	77,	'khandokershamimulhaque@gmail.com',	'92cf6eb361c540104fb351aeab20b0cad238165738dd6a4d2c3a5c98719e7e9f',	'[\"*\"]',	'2023-06-15 07:56:21',	'2023-06-15 07:55:49',	'2023-06-15 07:56:21'),
(299,	'App\\Models\\User',	77,	'khandokershamimulhaque@gmail.com',	'c8b02cf3da1e0edfb7fa439ed0038f33693ed5ef5ccda7c0332219fde7ac400f',	'[\"*\"]',	NULL,	'2023-06-15 07:55:49',	'2023-06-15 07:55:49'),
(300,	'App\\Models\\User',	77,	'khandokershamimulhaque@gmail.com',	'e379f0bea1cc0bdb74c65e61cf430486af89297fac911f3b11ca715caf3c1820',	'[\"*\"]',	NULL,	'2023-06-15 07:56:26',	'2023-06-15 07:56:26'),
(301,	'App\\Models\\User',	77,	'khandokershamimulhaque@gmail.com',	'e1fc9019d8395d4c63103e059b503c79bd19cfd40a2d7f4c6bfab328f1d0a330',	'[\"*\"]',	NULL,	'2023-06-15 07:56:26',	'2023-06-15 07:56:26'),
(302,	'App\\Models\\User',	77,	'khandokershamimulhaque@gmail.com',	'46a547883a6209e60a62d59e3b2d6db60943fe0a88de70ad6998534f333b3768',	'[\"*\"]',	NULL,	'2023-06-15 07:56:26',	'2023-06-15 07:56:26'),
(303,	'App\\Models\\User',	77,	'khandokershamimulhaque@gmail.com',	'0a44e7c2c999a4c68b575127b51a3141945e636eba18160344af6d829802c907',	'[\"*\"]',	NULL,	'2023-06-15 07:59:33',	'2023-06-15 07:59:33'),
(304,	'App\\Models\\User',	77,	'khandokershamimulhaque@gmail.com',	'7445c0a2b5562588f9f154f9d03d9744a5336001d69dae11eb46a31a424e3601',	'[\"*\"]',	NULL,	'2023-06-15 07:59:33',	'2023-06-15 07:59:33'),
(305,	'App\\Models\\User',	77,	'khandokershamimulhaque@gmail.com',	'b74cdbd331dafbfae4a6cbb7968df3e887809e16dededf8069eb8684e1de0041',	'[\"*\"]',	NULL,	'2023-06-15 07:59:33',	'2023-06-15 07:59:33'),
(306,	'App\\Models\\User',	77,	'khandokershamimulhaque@gmail.com',	'58dd2e7fed147a179c127527a3e8b02d959b4694a0666ac65a46c46f76daea5a',	'[\"*\"]',	NULL,	'2023-06-15 08:00:55',	'2023-06-15 08:00:55'),
(307,	'App\\Models\\User',	77,	'khandokershamimulhaque@gmail.com',	'6f52ac3084319e8e6c98bee4362e7fd4e183d3b50de49b0d46f4a1d4d1e3793c',	'[\"*\"]',	NULL,	'2023-06-15 08:00:55',	'2023-06-15 08:00:55'),
(308,	'App\\Models\\User',	77,	'khandokershamimulhaque@gmail.com',	'26ca4650a7f59b2f8b74332165adba0aab950d8878d5a62b4368bf88327208c0',	'[\"*\"]',	NULL,	'2023-06-15 08:00:56',	'2023-06-15 08:00:56'),
(309,	'App\\Models\\User',	77,	'khandokershamimulhaque@gmail.com',	'95081a7854d844d422c5d5ef600363bbbd10caa0e41cae654e10c0b895571f85',	'[\"*\"]',	NULL,	'2023-06-15 08:38:19',	'2023-06-15 08:38:19'),
(310,	'App\\Models\\User',	77,	'khandokershamimulhaque@gmail.com',	'8233318b254b0437560261c90a2f0ae0e74ff45de03116c3bf7e4624d541dcb5',	'[\"*\"]',	NULL,	'2023-06-15 08:38:19',	'2023-06-15 08:38:19'),
(311,	'App\\Models\\User',	77,	'khandokershamimulhaque@gmail.com',	'55899a0a9db9db9bf724b966e01f117be14b0a7c03906cef7707475f5a4a60cd',	'[\"*\"]',	NULL,	'2023-06-15 08:38:19',	'2023-06-15 08:38:19'),
(312,	'App\\Models\\User',	85,	'khandoker15-1992@diu.edu.bd',	'18aedc1206649915157c925c6d4112f0f6cd88720caae1de354bbec3189e50c0',	'[\"*\"]',	NULL,	'2023-06-15 08:39:03',	'2023-06-15 08:39:03'),
(313,	'App\\Models\\User',	85,	'khandoker15-1992@diu.edu.bd',	'fa8c7ab76440354e271676b1feb2a4dd8234b9fcdd47416abb211f08ee6ae2c6',	'[\"*\"]',	NULL,	'2023-06-15 08:39:03',	'2023-06-15 08:39:03'),
(314,	'App\\Models\\User',	85,	'khandoker15-1992@diu.edu.bd',	'5e245ba2fa9e03c0c3af4efba7f4720896d5d63291769215190054dc77f9299e',	'[\"*\"]',	NULL,	'2023-06-15 08:39:04',	'2023-06-15 08:39:04'),
(315,	'App\\Models\\User',	73,	'shamimul.haque@webable.digital',	'0f36871ceb1d77b0c537719be96b4ab516d4d0af688eefade67b9c5bdeaa7c4e',	'[\"*\"]',	NULL,	'2023-06-15 08:39:32',	'2023-06-15 08:39:32'),
(316,	'App\\Models\\User',	73,	'shamimul.haque@webable.digital',	'a902a66e86cc58a99d38bb7634c406ae37d9dcc755fd54804a65fccc96d0471d',	'[\"*\"]',	NULL,	'2023-06-15 08:39:33',	'2023-06-15 08:39:33'),
(317,	'App\\Models\\User',	73,	'shamimul.haque@webable.digital',	'330192a054036207c177f28200bf6f3d1a89620916f1e3ca4f9331257e8b2c87',	'[\"*\"]',	NULL,	'2023-06-15 08:39:33',	'2023-06-15 08:39:33'),
(318,	'App\\Models\\User',	68,	'admin@suparadmin.com',	'2ab9b2b8530d8610582031f4f494e9c20bc09d54fe157ffa075cdf28dd09a23c',	'[\"*\"]',	NULL,	'2023-06-15 10:06:17',	'2023-06-15 10:06:17'),
(319,	'App\\Models\\User',	68,	'admin@suparadmin.com',	'242383cf4b1b0de33f0b78a44f49f522c13e12d7db60a0203a96b050448a29c7',	'[\"*\"]',	'2023-06-18 10:06:04',	'2023-06-15 10:52:49',	'2023-06-18 10:06:04'),
(320,	'App\\Models\\User',	77,	'khandokershamimulhaque@gmail.com',	'01de0d98d7e687bef6ee01760a56ad1d084040fab9a168e5ec07f519a2a5b1b9',	'[\"*\"]',	NULL,	'2023-06-18 10:07:30',	'2023-06-18 10:07:30'),
(321,	'App\\Models\\User',	77,	'khandokershamimulhaque@gmail.com',	'c5cd652d6c19d7485f128bf968416b19de0ff926397bcfc95d3a024911383cef',	'[\"*\"]',	NULL,	'2023-06-18 10:07:30',	'2023-06-18 10:07:30'),
(322,	'App\\Models\\User',	77,	'khandokershamimulhaque@gmail.com',	'f8e01783823028a321fec5f945d06df0fbb378777f15694355a53239a78bcddd',	'[\"*\"]',	NULL,	'2023-06-18 10:07:30',	'2023-06-18 10:07:30'),
(323,	'App\\Models\\User',	68,	'admin@suparadmin.com',	'366d2a1e124875961920cddf88d41ababf315587e850e2efb8c8489546ce256a',	'[\"*\"]',	NULL,	'2023-06-18 10:10:28',	'2023-06-18 10:10:28'),
(324,	'App\\Models\\User',	68,	'admin@suparadmin.com',	'43a9f46093c6a588d97165fdd9ce4f7b31d92b043ac3e77a4d93597e8dfa96a5',	'[\"*\"]',	'2023-06-18 11:49:08',	'2023-06-18 10:10:55',	'2023-06-18 11:49:08'),
(325,	'App\\Models\\User',	85,	'khandoker15-1992@diu.edu.bd',	'b73c17fa6e12ba3a35a8de330e5a6a5f40a3baef813825b2b6b559d45b103349',	'[\"*\"]',	NULL,	'2023-06-18 12:10:14',	'2023-06-18 12:10:14'),
(326,	'App\\Models\\User',	85,	'khandoker15-1992@diu.edu.bd',	'787cb39acfa44cae892d433aecae55ff3a4e2d1735edbf5cb4d134cda303fd02',	'[\"*\"]',	NULL,	'2023-06-18 12:10:14',	'2023-06-18 12:10:14'),
(327,	'App\\Models\\User',	85,	'khandoker15-1992@diu.edu.bd',	'cc5647a327da924cbc1686ae3f679d83eddda4a78e107ec022b7a8fb1aee849b',	'[\"*\"]',	NULL,	'2023-06-18 12:10:14',	'2023-06-18 12:10:14'),
(328,	'App\\Models\\User',	77,	'khandokershamimulhaque@gmail.com',	'685ffdacf0478a23ca2b857a02d3890ab7cab2a20784ff09197833fbee9b5a2a',	'[\"*\"]',	NULL,	'2023-06-18 12:20:35',	'2023-06-18 12:20:35'),
(329,	'App\\Models\\User',	77,	'khandokershamimulhaque@gmail.com',	'944ba640a1f96ef73a544a78c65a800571833092f5f10df6b039076d7cb29d26',	'[\"*\"]',	NULL,	'2023-06-18 12:20:35',	'2023-06-18 12:20:35'),
(330,	'App\\Models\\User',	77,	'khandokershamimulhaque@gmail.com',	'64d2251fcccb2db5a5dd30af3c0bf385e765ff55f88edc7db6b135e4394c0d2c',	'[\"*\"]',	NULL,	'2023-06-18 12:20:35',	'2023-06-18 12:20:35'),
(331,	'App\\Models\\User',	77,	'khandokershamimulhaque@gmail.com',	'cb9b5bd2e83a2054fdedcfb14cb7ca30c48afe6e9561ce224f6b30b119c9605c',	'[\"*\"]',	NULL,	'2023-06-18 12:26:05',	'2023-06-18 12:26:05'),
(332,	'App\\Models\\User',	77,	'khandokershamimulhaque@gmail.com',	'aded96c5f4af1a4ca67cb5ca10df1774c3cfb67e18d732696c8a26d3b2275015',	'[\"*\"]',	NULL,	'2023-06-18 12:26:05',	'2023-06-18 12:26:05'),
(333,	'App\\Models\\User',	77,	'khandokershamimulhaque@gmail.com',	'fbbc763ee16c21aad4e2c5981398b16429e8e9294828ad10d930272394bef606',	'[\"*\"]',	NULL,	'2023-06-18 12:26:05',	'2023-06-18 12:26:05'),
(334,	'App\\Models\\User',	85,	'khandoker15-1992@diu.edu.bd',	'feb26004bd8066600b7c8744e3c2ee5730111aaeed6280185ae86ee6b87502cc',	'[\"*\"]',	NULL,	'2023-06-18 12:28:52',	'2023-06-18 12:28:52'),
(335,	'App\\Models\\User',	85,	'khandoker15-1992@diu.edu.bd',	'29570bd1f485c48169d124ce45437b4086b24621907f3e6598b5651d8b0eaed2',	'[\"*\"]',	NULL,	'2023-06-18 12:28:52',	'2023-06-18 12:28:52'),
(336,	'App\\Models\\User',	85,	'khandoker15-1992@diu.edu.bd',	'c786792c9033784260651a02c839c085536ffbc7457840d80d7237ea70880b2f',	'[\"*\"]',	NULL,	'2023-06-18 12:28:52',	'2023-06-18 12:28:52'),
(337,	'App\\Models\\User',	77,	'khandokershamimulhaque@gmail.com',	'a0f9cf337620ee3a49de3204b60d3dff0ab0e1c511347913fbe1d5da48bb72c4',	'[\"*\"]',	NULL,	'2023-06-18 12:29:49',	'2023-06-18 12:29:49'),
(338,	'App\\Models\\User',	77,	'khandokershamimulhaque@gmail.com',	'9cd787f4e8370781a721df91d5d99173603211ec64d684265179e1208cda64ab',	'[\"*\"]',	NULL,	'2023-06-18 12:29:49',	'2023-06-18 12:29:49'),
(339,	'App\\Models\\User',	77,	'khandokershamimulhaque@gmail.com',	'a346f9c2575202d3a047c6c8d59fdb54881ca08f0a3b73804490bea727e3bc06',	'[\"*\"]',	NULL,	'2023-06-18 12:29:49',	'2023-06-18 12:29:49'),
(340,	'App\\Models\\User',	77,	'khandokershamimulhaque@gmail.com',	'7cb4ccd2e9ded9288b94716f25c05671cbde3bf5f69f6a484c0c2b59482d068b',	'[\"*\"]',	NULL,	'2023-06-18 12:30:18',	'2023-06-18 12:30:18'),
(341,	'App\\Models\\User',	77,	'khandokershamimulhaque@gmail.com',	'd08538c4606abb8a3c5007e8a545284636cc5fe7db39f87bd07c4031136698a4',	'[\"*\"]',	NULL,	'2023-06-18 12:30:18',	'2023-06-18 12:30:18'),
(342,	'App\\Models\\User',	77,	'khandokershamimulhaque@gmail.com',	'0b0baa7b7e44c5d67ddac8f42ce6a57a8c4ff6186bfee86dc3f8d2b722e0d73f',	'[\"*\"]',	NULL,	'2023-06-18 12:30:18',	'2023-06-18 12:30:18'),
(343,	'App\\Models\\User',	77,	'khandokershamimulhaque@gmail.com',	'65f9c66e6abe1e8cb1e5484c22a5d48ef3a262a17bdf24bcb22eafec87051677',	'[\"*\"]',	NULL,	'2023-06-18 12:35:34',	'2023-06-18 12:35:34'),
(344,	'App\\Models\\User',	77,	'khandokershamimulhaque@gmail.com',	'ed4dd0a89e1eb7a9a52f57146d9b578801882ac48006b558b7c6ceec39ef6b41',	'[\"*\"]',	'2023-06-18 12:37:37',	'2023-06-18 12:35:34',	'2023-06-18 12:37:37'),
(345,	'App\\Models\\User',	77,	'khandokershamimulhaque@gmail.com',	'6658a41bf1ed312ed61479e5f8be394a55894aa69fc6bfcf34c7eb8184a3a83a',	'[\"*\"]',	NULL,	'2023-06-18 12:35:34',	'2023-06-18 12:35:34'),
(346,	'App\\Models\\User',	73,	'shamimul.haque@webable.digital',	'1adb736b789fdbe0265b831102e4377d5296d0841ec5ac639f74058f0211a0e6',	'[\"*\"]',	NULL,	'2023-06-18 13:49:40',	'2023-06-18 13:49:40'),
(347,	'App\\Models\\User',	73,	'shamimul.haque@webable.digital',	'62ddac1cab90f7a37fd33236f8ddb0fee8bfb3407caa30829842eefe38cce8b5',	'[\"*\"]',	NULL,	'2023-06-18 13:49:40',	'2023-06-18 13:49:40'),
(348,	'App\\Models\\User',	73,	'shamimul.haque@webable.digital',	'535177015b06def115fa4284cc038e426f79e265868b110d8ffa7dc3c0270b0c',	'[\"*\"]',	NULL,	'2023-06-18 13:49:41',	'2023-06-18 13:49:41'),
(349,	'App\\Models\\User',	68,	'admin@suparadmin.com',	'6200a1d6bf072add8d7def10321399976b84c76583000279884d4636c2e42400',	'[\"*\"]',	'2023-06-18 13:54:08',	'2023-06-18 13:53:55',	'2023-06-18 13:54:08'),
(350,	'App\\Models\\User',	68,	'admin@suparadmin.com',	'e72249cae638f7dbca52b549bda44e7e627734eb256c1bc54e94e88e56e49349',	'[\"*\"]',	NULL,	'2023-06-19 07:54:00',	'2023-06-19 07:54:00'),
(351,	'App\\Models\\User',	85,	'khandoker15-1992@diu.edu.bd',	'0a6ff36f1876d0521c2a4f46076494e770597d69b11b8f4cc567348d8d60c3c3',	'[\"*\"]',	NULL,	'2023-06-19 08:09:47',	'2023-06-19 08:09:47'),
(352,	'App\\Models\\User',	85,	'khandoker15-1992@diu.edu.bd',	'73a26e76439bf9e03a7fc17810e1e0a6e2db11aa52c1c567ae963e98ab553848',	'[\"*\"]',	NULL,	'2023-06-19 08:09:47',	'2023-06-19 08:09:47'),
(353,	'App\\Models\\User',	85,	'khandoker15-1992@diu.edu.bd',	'7774e36ebf7e458f02088915802cf6b503d01d5440d57f5ce704a20b2640dc99',	'[\"*\"]',	NULL,	'2023-06-19 08:09:47',	'2023-06-19 08:09:47'),
(354,	'App\\Models\\User',	85,	'khandoker15-1992@diu.edu.bd',	'70b7f851ebd482fc9b300bfbbec19623540d8a9d1bc5d607237cbeb1bcce9aa8',	'[\"*\"]',	NULL,	'2023-06-19 08:09:47',	'2023-06-19 08:09:47'),
(355,	'App\\Models\\User',	85,	'khandoker15-1992@diu.edu.bd',	'50c231560212edb5841e3f8a508e89dac81637dd58a8fa9d4b08c1d1616f3fd4',	'[\"*\"]',	NULL,	'2023-06-19 08:09:48',	'2023-06-19 08:09:48'),
(356,	'App\\Models\\User',	85,	'khandoker15-1992@diu.edu.bd',	'7659178c902c952695c5f5a723329a4a09f73bfeccb5bc171002d83c1f2c4ad3',	'[\"*\"]',	NULL,	'2023-06-19 08:09:48',	'2023-06-19 08:09:48'),
(357,	'App\\Models\\User',	85,	'khandoker15-1992@diu.edu.bd',	'c5237d3e82819f8e31ff9d8aa382aa4c604e24a94a05d9bdb516f16dd0162cf7',	'[\"*\"]',	NULL,	'2023-06-19 08:09:49',	'2023-06-19 08:09:49'),
(358,	'App\\Models\\User',	85,	'khandoker15-1992@diu.edu.bd',	'83d8472331a6c57845b79019a4557849cebe6a8fedece33888752d1307791857',	'[\"*\"]',	NULL,	'2023-06-19 08:09:49',	'2023-06-19 08:09:49'),
(359,	'App\\Models\\User',	85,	'khandoker15-1992@diu.edu.bd',	'8952d510162d6336a86d5e580daf0f6fb1eb650d51844c347d62f453b7b8a6cc',	'[\"*\"]',	NULL,	'2023-06-19 08:09:50',	'2023-06-19 08:09:50'),
(360,	'App\\Models\\User',	85,	'khandoker15-1992@diu.edu.bd',	'40b9c72014e99e4ed429380d6f29a07864741ca48652c6fd1b34249ec376c5d3',	'[\"*\"]',	NULL,	'2023-06-19 08:09:50',	'2023-06-19 08:09:50'),
(361,	'App\\Models\\User',	85,	'khandoker15-1992@diu.edu.bd',	'2524b0b6c5c948c92002117c38de41996d0f0180a07012ee0385b4884d0a4a4b',	'[\"*\"]',	NULL,	'2023-06-19 08:09:50',	'2023-06-19 08:09:50'),
(362,	'App\\Models\\User',	85,	'khandoker15-1992@diu.edu.bd',	'531395660c9d808a395691f9937e27c1c92af5060acd6d1718e663dea9962a6f',	'[\"*\"]',	NULL,	'2023-06-19 08:09:50',	'2023-06-19 08:09:50'),
(363,	'App\\Models\\User',	85,	'khandoker15-1992@diu.edu.bd',	'a0350820e82a8fe65659d01c46ebdfb7e5c49ba216b94dba873f6fbe389b5c2f',	'[\"*\"]',	NULL,	'2023-06-19 08:09:50',	'2023-06-19 08:09:50'),
(364,	'App\\Models\\User',	85,	'khandoker15-1992@diu.edu.bd',	'f2145c573fa74980d94a3c81bdaf1cadf0ece6036b0b132852165b8c23eeee9b',	'[\"*\"]',	NULL,	'2023-06-19 08:09:50',	'2023-06-19 08:09:50'),
(365,	'App\\Models\\User',	85,	'khandoker15-1992@diu.edu.bd',	'565d2ea36a7bdebf4e97a044744fdf251e2302a79e7087dcbc079fbcb2427a98',	'[\"*\"]',	NULL,	'2023-06-19 08:09:50',	'2023-06-19 08:09:50'),
(366,	'App\\Models\\User',	85,	'khandoker15-1992@diu.edu.bd',	'391599b57d1cbac7ebe1e1a8dce46de79512e46a670652eee1b0fad80b708e69',	'[\"*\"]',	NULL,	'2023-06-19 08:09:50',	'2023-06-19 08:09:50'),
(367,	'App\\Models\\User',	85,	'khandoker15-1992@diu.edu.bd',	'b1fedb56fc9dbda7adf30ed3e45addb142318fb79e59eca4e01775f799e6b083',	'[\"*\"]',	NULL,	'2023-06-19 08:09:50',	'2023-06-19 08:09:50'),
(368,	'App\\Models\\User',	85,	'khandoker15-1992@diu.edu.bd',	'6a01a82104bd3430837c99d68eb5d45721c6a49c248e5004913fcb27c92ffa13',	'[\"*\"]',	NULL,	'2023-06-19 08:09:51',	'2023-06-19 08:09:51'),
(369,	'App\\Models\\User',	77,	'khandokershamimulhaque@gmail.com',	'7f712cc7bbec7bb082c85691f455534143a9ce250bbe58514b25e76b6989432c',	'[\"*\"]',	NULL,	'2023-06-19 08:10:58',	'2023-06-19 08:10:58'),
(370,	'App\\Models\\User',	77,	'khandokershamimulhaque@gmail.com',	'9435e52e0e9132bd076bedc4acb0b1c0c7f06d47f577aa07fee027b62df1bfcb',	'[\"*\"]',	NULL,	'2023-06-19 08:10:58',	'2023-06-19 08:10:58'),
(371,	'App\\Models\\User',	77,	'khandokershamimulhaque@gmail.com',	'aca89d5c7d98dba1c0ec7b3cab2fa5b338814a75502850e67ad4df70ed20a93b',	'[\"*\"]',	NULL,	'2023-06-19 08:10:59',	'2023-06-19 08:10:59'),
(372,	'App\\Models\\User',	77,	'khandokershamimulhaque@gmail.com',	'37607cdf231e95a44d854903a6f4cbacca8f5eb73e0fdfe594ecbe5cab341277',	'[\"*\"]',	NULL,	'2023-06-19 08:11:51',	'2023-06-19 08:11:51'),
(373,	'App\\Models\\User',	77,	'khandokershamimulhaque@gmail.com',	'445b86b0fdba14792834da31a0e3bb60161522b69ed6577baa49e6f97642d345',	'[\"*\"]',	NULL,	'2023-06-19 08:11:51',	'2023-06-19 08:11:51'),
(374,	'App\\Models\\User',	77,	'khandokershamimulhaque@gmail.com',	'2591baf453fa16a1b4d61d2db36d90fbafc3c548a502d161d5ce2009c87af7e4',	'[\"*\"]',	NULL,	'2023-06-19 08:11:52',	'2023-06-19 08:11:52'),
(375,	'App\\Models\\User',	77,	'khandokershamimulhaque@gmail.com',	'8a2e5dadde969a914d349e2fc2482906309a8a20ee3dd0bc799b865126d6c18b',	'[\"*\"]',	NULL,	'2023-06-19 08:13:07',	'2023-06-19 08:13:07'),
(376,	'App\\Models\\User',	77,	'khandokershamimulhaque@gmail.com',	'1855b3e2185461703845b5ae537cc648ad57400d03687e56b56a2ccf9232e54f',	'[\"*\"]',	NULL,	'2023-06-19 08:13:07',	'2023-06-19 08:13:07'),
(377,	'App\\Models\\User',	77,	'khandokershamimulhaque@gmail.com',	'cc5eee7c05f850344a17b95053ef57276969d24a26ac36c4c4aac71f3140cc3d',	'[\"*\"]',	NULL,	'2023-06-19 08:13:07',	'2023-06-19 08:13:07'),
(378,	'App\\Models\\User',	77,	'khandokershamimulhaque@gmail.com',	'97e3b851f6f7981e785e0bf2d1a7c5323b470e2d04a69eb5fccb52afac87326f',	'[\"*\"]',	NULL,	'2023-06-19 08:20:09',	'2023-06-19 08:20:09'),
(379,	'App\\Models\\User',	77,	'khandokershamimulhaque@gmail.com',	'bed56bb6e6c0c5032b9676f8045d3c5c45709450604b51de1db088c0684b7237',	'[\"*\"]',	NULL,	'2023-06-19 08:20:09',	'2023-06-19 08:20:09'),
(380,	'App\\Models\\User',	77,	'khandokershamimulhaque@gmail.com',	'b9f519e993bb546d469da873fdc55183c4f508adca6a5306f03b1372bc329039',	'[\"*\"]',	NULL,	'2023-06-19 08:20:09',	'2023-06-19 08:20:09'),
(381,	'App\\Models\\User',	85,	'khandoker15-1992@diu.edu.bd',	'd9d99f03e605640f9632e1b401840bfcbb5366da796aea311817bd96a8d1f0fd',	'[\"*\"]',	NULL,	'2023-06-19 08:21:26',	'2023-06-19 08:21:26'),
(382,	'App\\Models\\User',	85,	'khandoker15-1992@diu.edu.bd',	'44729d4d5ff7017d421111d950f96396af6e9adf858fa803167b096aa6667b67',	'[\"*\"]',	NULL,	'2023-06-19 08:21:26',	'2023-06-19 08:21:26'),
(383,	'App\\Models\\User',	85,	'khandoker15-1992@diu.edu.bd',	'cef6a276a085254fb891a844f8d6aa05857ebb0d46a2b069c3b0b590d704adad',	'[\"*\"]',	NULL,	'2023-06-19 08:21:27',	'2023-06-19 08:21:27'),
(384,	'App\\Models\\User',	85,	'khandoker15-1992@diu.edu.bd',	'f56430740c63ed124658494b807cf5f15c01b435e0db81b18d20be54dfba127c',	'[\"*\"]',	NULL,	'2023-06-19 08:22:02',	'2023-06-19 08:22:02'),
(385,	'App\\Models\\User',	85,	'khandoker15-1992@diu.edu.bd',	'0b441e06d77923b5df36555dd6642d4328632b36d7f810983e9962b3ea4f2634',	'[\"*\"]',	NULL,	'2023-06-19 08:22:02',	'2023-06-19 08:22:02'),
(386,	'App\\Models\\User',	85,	'khandoker15-1992@diu.edu.bd',	'a846454c89882e36dd10307e4e2a1c496971a82bd16412fda84c4ed34aa361b0',	'[\"*\"]',	NULL,	'2023-06-19 08:22:02',	'2023-06-19 08:22:02'),
(387,	'App\\Models\\User',	73,	'shamimul.haque@webable.digital',	'4dba23bc496aa3295fe12139bd7cf025ab6ee37b44106e07d009449caf3d6fc2',	'[\"*\"]',	NULL,	'2023-06-19 08:22:33',	'2023-06-19 08:22:33'),
(388,	'App\\Models\\User',	73,	'shamimul.haque@webable.digital',	'269dc56f66ffcfd84056f05673b6043ccc45ec660ff3e3ee24ccccac37ddb7c9',	'[\"*\"]',	NULL,	'2023-06-19 08:22:33',	'2023-06-19 08:22:33'),
(389,	'App\\Models\\User',	73,	'shamimul.haque@webable.digital',	'f46e82728226ac1300447332cc58696588286b917a0b1e76ed30dbab897bd599',	'[\"*\"]',	NULL,	'2023-06-19 08:22:33',	'2023-06-19 08:22:33'),
(390,	'App\\Models\\User',	77,	'khandokershamimulhaque@gmail.com',	'3ddeef2ebf54fcdd45dc2d43c537cc9297afec47311fe40c0ee8c01a6bfd14e0',	'[\"*\"]',	NULL,	'2023-06-19 08:26:07',	'2023-06-19 08:26:07'),
(391,	'App\\Models\\User',	77,	'khandokershamimulhaque@gmail.com',	'8daca69739c94306726c5047115bcd333d5aeb405537237fb6a3289797937745',	'[\"*\"]',	NULL,	'2023-06-19 08:26:07',	'2023-06-19 08:26:07'),
(392,	'App\\Models\\User',	77,	'khandokershamimulhaque@gmail.com',	'82a3c5fb96ddfa3f85c0b0e2f94c201185d223f8c8b16dd504ae0dfdcf6c206b',	'[\"*\"]',	NULL,	'2023-06-19 08:26:08',	'2023-06-19 08:26:08'),
(393,	'App\\Models\\User',	85,	'khandoker15-1992@diu.edu.bd',	'5ebd68e16ca1b7bbbf47e237df8f10bf620cea07dad503883bac3d27f10d377f',	'[\"*\"]',	NULL,	'2023-06-19 08:34:03',	'2023-06-19 08:34:03'),
(394,	'App\\Models\\User',	85,	'khandoker15-1992@diu.edu.bd',	'a970a8c74a5584ee08116f0f98e5c2a36778d7dd96f790129cdbbc62da950147',	'[\"*\"]',	NULL,	'2023-06-19 08:34:03',	'2023-06-19 08:34:03'),
(395,	'App\\Models\\User',	85,	'khandoker15-1992@diu.edu.bd',	'6796d025a62c2e3af244363150f680566eaba2cdec3ff6883cbfb0c9f03f89fd',	'[\"*\"]',	NULL,	'2023-06-19 08:34:03',	'2023-06-19 08:34:03'),
(396,	'App\\Models\\User',	77,	'khandokershamimulhaque@gmail.com',	'294ff184dcfdb04a0625f6e0077f0b846beb206ad6eab2158f7f75d921770cff',	'[\"*\"]',	NULL,	'2023-06-19 08:41:57',	'2023-06-19 08:41:57'),
(397,	'App\\Models\\User',	77,	'khandokershamimulhaque@gmail.com',	'fb410bdc182a39d3779f079ce4b47c94e59284a7d2d4460501ce647d63598812',	'[\"*\"]',	NULL,	'2023-06-19 08:41:57',	'2023-06-19 08:41:57'),
(398,	'App\\Models\\User',	77,	'khandokershamimulhaque@gmail.com',	'014f1be73c6f664a37eae9f0206e92a947eedd22ff1242e22c96a38463e3c607',	'[\"*\"]',	NULL,	'2023-06-19 08:41:57',	'2023-06-19 08:41:57'),
(399,	'App\\Models\\User',	73,	'shamimul.haque@webable.digital',	'4c93dc345ba405eb97ca264f586c4840ef406dcd9c5e81b159cb40c7cd7829e4',	'[\"*\"]',	NULL,	'2023-06-19 08:42:11',	'2023-06-19 08:42:11'),
(400,	'App\\Models\\User',	73,	'shamimul.haque@webable.digital',	'c831922998033866cb80d0423c14e85c90f5cee87cb1b5d901c8b54b1ac9fb02',	'[\"*\"]',	NULL,	'2023-06-19 08:42:12',	'2023-06-19 08:42:12'),
(401,	'App\\Models\\User',	73,	'shamimul.haque@webable.digital',	'810978b65ab0fa9dc1875023fe09eede407104e4f47a0f278eb445a052772cd0',	'[\"*\"]',	NULL,	'2023-06-19 08:42:12',	'2023-06-19 08:42:12'),
(402,	'App\\Models\\User',	77,	'khandokershamimulhaque@gmail.com',	'6bc6d80c83c935c85941354e63da79b4aae03fdf69daf88441ea5d32b28d6f1a',	'[\"*\"]',	NULL,	'2023-06-19 08:50:03',	'2023-06-19 08:50:03'),
(403,	'App\\Models\\User',	77,	'khandokershamimulhaque@gmail.com',	'f5bde9fac327dc3af26864128d6dbf900a109893cb6c17d43f4be448b2d81e68',	'[\"*\"]',	NULL,	'2023-06-19 08:50:03',	'2023-06-19 08:50:03'),
(404,	'App\\Models\\User',	77,	'khandokershamimulhaque@gmail.com',	'6e174e512e20888695156d210339ef9263c55461413217e34477a4ee73d32e82',	'[\"*\"]',	NULL,	'2023-06-19 08:50:03',	'2023-06-19 08:50:03'),
(405,	'App\\Models\\User',	77,	'khandokershamimulhaque@gmail.com',	'2125c354689cbfbd73cdc140642a63b3c566bc2075fc5c4ae12432cfeff1a180',	'[\"*\"]',	NULL,	'2023-06-19 08:56:22',	'2023-06-19 08:56:22'),
(406,	'App\\Models\\User',	77,	'khandokershamimulhaque@gmail.com',	'4b09510728bc4bc4034defb625d8df535dfe48de31b25079d83f8650e345964f',	'[\"*\"]',	NULL,	'2023-06-19 08:56:22',	'2023-06-19 08:56:22'),
(407,	'App\\Models\\User',	77,	'khandokershamimulhaque@gmail.com',	'e6751ebbb5d1d8995d9beafa339d9ff2f3b9459072ce228ef8ef9d69e796a6db',	'[\"*\"]',	NULL,	'2023-06-19 08:56:22',	'2023-06-19 08:56:22'),
(408,	'App\\Models\\User',	73,	'shamimul.haque@webable.digital',	'76da7baf6be1efbb728ff52aab8f409df84e13662e1451bf125b183babda385d',	'[\"*\"]',	NULL,	'2023-06-19 08:56:36',	'2023-06-19 08:56:36'),
(409,	'App\\Models\\User',	73,	'shamimul.haque@webable.digital',	'62d9db8813b39d78a2e9139d9b7fd15f1f4543f5de8c9cf113c538afdb6c7ecc',	'[\"*\"]',	NULL,	'2023-06-19 08:56:36',	'2023-06-19 08:56:36'),
(410,	'App\\Models\\User',	73,	'shamimul.haque@webable.digital',	'04e5650e75c4fa46cdfb6cc704cad1ea188b9b3e7b281c9dae0c3b6dd25e27cc',	'[\"*\"]',	NULL,	'2023-06-19 08:56:37',	'2023-06-19 08:56:37'),
(411,	'App\\Models\\User',	77,	'khandokershamimulhaque@gmail.com',	'283fa5555f99438c3f224b1511c0d57146bcdbcf3c58631d8698a1551f73d3d0',	'[\"*\"]',	NULL,	'2023-06-19 08:58:24',	'2023-06-19 08:58:24'),
(412,	'App\\Models\\User',	77,	'khandokershamimulhaque@gmail.com',	'ff59f8766b7272b9f4295849807916867ea33da2fd8dd0a232be58d3d31dded3',	'[\"*\"]',	NULL,	'2023-06-19 08:58:24',	'2023-06-19 08:58:24'),
(413,	'App\\Models\\User',	77,	'khandokershamimulhaque@gmail.com',	'7bcb7ab120362be07ecefc5ea4b2794f9ac466946a2275251400de7e88dc85f8',	'[\"*\"]',	NULL,	'2023-06-19 08:58:25',	'2023-06-19 08:58:25'),
(414,	'App\\Models\\User',	73,	'shamimul.haque@webable.digital',	'a047383540f5f8b48410a38bfb50d2f979a10724ed37a33cdc7cd9d5d0eeca5c',	'[\"*\"]',	NULL,	'2023-06-19 08:58:33',	'2023-06-19 08:58:33'),
(415,	'App\\Models\\User',	73,	'shamimul.haque@webable.digital',	'6c750a0627b4fd8c4bad079c2712025ac55b4baa0c9f681dc4d826a5a385ddcf',	'[\"*\"]',	NULL,	'2023-06-19 08:58:33',	'2023-06-19 08:58:33'),
(416,	'App\\Models\\User',	73,	'shamimul.haque@webable.digital',	'ff070f3ba5fe751ccbc86c0d4bed438846f9eaf2d6f934524806de51e2caab77',	'[\"*\"]',	NULL,	'2023-06-19 08:58:34',	'2023-06-19 08:58:34'),
(417,	'App\\Models\\User',	68,	'admin@suparadmin.com',	'35ce4ead2d6720d6e5b37eef04b30d120f9a57f1d214c10fba6c56f565ca8839',	'[\"*\"]',	NULL,	'2023-06-19 09:02:04',	'2023-06-19 09:02:04'),
(418,	'App\\Models\\User',	77,	'khandokershamimulhaque@gmail.com',	'301a6120b92e65d3d7e4f9d30a0dfcf47760b7d7dd20cc51ec8a7a0eddfae7e6',	'[\"*\"]',	NULL,	'2023-06-19 09:04:13',	'2023-06-19 09:04:13'),
(419,	'App\\Models\\User',	77,	'khandokershamimulhaque@gmail.com',	'48b4b4e3a68d2c1bd0750561c168da7d4609a75abf4fcbf61fb3183e11a36cf6',	'[\"*\"]',	NULL,	'2023-06-19 09:04:13',	'2023-06-19 09:04:13'),
(420,	'App\\Models\\User',	77,	'khandokershamimulhaque@gmail.com',	'bfccd5e2e76dcc59b1d727de774a7feb4a9263b09191cdcaa46be581f27beb1e',	'[\"*\"]',	NULL,	'2023-06-19 09:04:13',	'2023-06-19 09:04:13'),
(421,	'App\\Models\\User',	73,	'shamimul.haque@webable.digital',	'247273ab1ccfbba743c412c1c1fe06e750c05d7f6588b170c826650f072655e2',	'[\"*\"]',	NULL,	'2023-06-19 09:04:24',	'2023-06-19 09:04:24'),
(422,	'App\\Models\\User',	73,	'shamimul.haque@webable.digital',	'834510b1807fd67396dec9d76ef47dff3edded2345d75636c219e38e92cca32f',	'[\"*\"]',	NULL,	'2023-06-19 09:04:24',	'2023-06-19 09:04:24'),
(423,	'App\\Models\\User',	73,	'shamimul.haque@webable.digital',	'772fd724e1d63e3f72f6c6ce8d7428424fcade7b2ca67c52b727aaa35dd25939',	'[\"*\"]',	NULL,	'2023-06-19 09:04:25',	'2023-06-19 09:04:25'),
(424,	'App\\Models\\User',	86,	'mmhmasum98@gmail.com',	'01f6fbae8c366b7952c69580523749808ba0234b019aecb5f39e4d309ffd1ac1',	'[\"*\"]',	NULL,	'2023-06-19 09:10:51',	'2023-06-19 09:10:51'),
(425,	'App\\Models\\User',	86,	'mmhmasum98@gmail.com',	'd7c5712d71240c12dcd5b554103a7d8370d829ee29c9efa37394e7587c313ec1',	'[\"*\"]',	NULL,	'2023-06-19 09:10:51',	'2023-06-19 09:10:51'),
(426,	'App\\Models\\User',	86,	'mmhmasum98@gmail.com',	'cdafac785ef98ff0ac3bf42c695b4637180d32ad834c6b53682e4ab46678f903',	'[\"*\"]',	NULL,	'2023-06-19 09:10:51',	'2023-06-19 09:10:51'),
(427,	'App\\Models\\User',	88,	'shamimulhaque162@gmail.com',	'07fbf5003223724d5d9a8f857949a985a0ed9d65a4ea61dc29f0390827e8490a',	'[\"*\"]',	NULL,	'2023-06-19 09:11:47',	'2023-06-19 09:11:47'),
(428,	'App\\Models\\User',	88,	'shamimulhaque162@gmail.com',	'f8a4e11a51cfee7755524ddfb9d850a08deae58af4026c9006f0132d6be6c66e',	'[\"*\"]',	NULL,	'2023-06-19 09:11:47',	'2023-06-19 09:11:47'),
(429,	'App\\Models\\User',	88,	'shamimulhaque162@gmail.com',	'3d61b511dfbba2e95fa4ffc6ec50f3af96aaa61c1c988dd3626c5ed5af30ffb7',	'[\"*\"]',	NULL,	'2023-06-19 09:11:47',	'2023-06-19 09:11:47'),
(430,	'App\\Models\\User',	73,	'shamimul.haque@webable.digital',	'4d2f76a8cfc362e4ca6fea9d1d536d601d9ce248897a7b3801be4c6999aa3151',	'[\"*\"]',	NULL,	'2023-06-19 09:11:56',	'2023-06-19 09:11:56'),
(431,	'App\\Models\\User',	73,	'shamimul.haque@webable.digital',	'73b2b47851566ecdd8a5f9539889dfbcf3bb621bd56559b1b0f5a57e2fbefccd',	'[\"*\"]',	NULL,	'2023-06-19 09:11:56',	'2023-06-19 09:11:56'),
(432,	'App\\Models\\User',	73,	'shamimul.haque@webable.digital',	'37449e47e3add81ceea98f853a1286c55b4fadab302d0db0b7ffe767642b8365',	'[\"*\"]',	NULL,	'2023-06-19 09:11:57',	'2023-06-19 09:11:57'),
(433,	'App\\Models\\User',	73,	'shamimul.haque@webable.digital',	'495cee45e261627444d9888fed65615e699f0fae6d188800a523b84fe1734057',	'[\"*\"]',	NULL,	'2023-06-19 10:00:46',	'2023-06-19 10:00:46'),
(434,	'App\\Models\\User',	73,	'shamimul.haque@webable.digital',	'084cd742c3226e1834f17645c0cc04061d8d80afb4f5947a52672d9cc70e6880',	'[\"*\"]',	NULL,	'2023-06-19 10:00:46',	'2023-06-19 10:00:46'),
(435,	'App\\Models\\User',	73,	'shamimul.haque@webable.digital',	'acaac9afc12471ec7fb2a7168b913ddc3cef3497bc4ac403168f75fa6b8068ac',	'[\"*\"]',	NULL,	'2023-06-19 10:00:46',	'2023-06-19 10:00:46'),
(436,	'App\\Models\\User',	73,	'shamimul.haque@webable.digital',	'8ee27842dd0a8b3a57a672d71efd8270d4ca8c747afc4cccffe95add6e6fd304',	'[\"*\"]',	NULL,	'2023-06-19 10:00:57',	'2023-06-19 10:00:57'),
(437,	'App\\Models\\User',	73,	'shamimul.haque@webable.digital',	'8213364b4e189edcb09702abb2287ef99b6da3be3e196318c15475d6f66b5207',	'[\"*\"]',	NULL,	'2023-06-19 10:00:57',	'2023-06-19 10:00:57'),
(438,	'App\\Models\\User',	73,	'shamimul.haque@webable.digital',	'c7d0d9aeaae2ea8ca1f083363850b07364cf033ac6c57c43ae638b58669a10c6',	'[\"*\"]',	NULL,	'2023-06-19 10:00:58',	'2023-06-19 10:00:58'),
(439,	'App\\Models\\User',	73,	'shamimul.haque@webable.digital',	'75f4f4c5201b9aefcf23ce8764872dca8a673bb5a518624701b7e5c32856b098',	'[\"*\"]',	NULL,	'2023-06-19 10:02:00',	'2023-06-19 10:02:00'),
(440,	'App\\Models\\User',	73,	'shamimul.haque@webable.digital',	'1ddf1dc59eca936618eea90af9c0e2ced0a2f7ae13a23b372e2640ca0ed257f9',	'[\"*\"]',	NULL,	'2023-06-19 10:02:00',	'2023-06-19 10:02:00'),
(441,	'App\\Models\\User',	73,	'shamimul.haque@webable.digital',	'2c60af11cb66c9658711dd91a54aceceaf07d99df60dbee0fdfb66ce31f87bb9',	'[\"*\"]',	NULL,	'2023-06-19 10:02:00',	'2023-06-19 10:02:00'),
(442,	'App\\Models\\User',	77,	'khandokershamimulhaque@gmail.com',	'0a8bc9233f473411689931773717d22a7844e96ef465ee67f111387e6eb6c96d',	'[\"*\"]',	NULL,	'2023-06-19 10:03:03',	'2023-06-19 10:03:03'),
(443,	'App\\Models\\User',	77,	'khandokershamimulhaque@gmail.com',	'1e09c477bb00acb405fc1948a2dc469c1bc50c468afe719d91c3d4e2bf33bbe4',	'[\"*\"]',	NULL,	'2023-06-19 10:03:03',	'2023-06-19 10:03:03'),
(444,	'App\\Models\\User',	77,	'khandokershamimulhaque@gmail.com',	'aea256434631ed1fd29ae0eeea926cbeafae457a78e598074040b7f4b6d437e5',	'[\"*\"]',	NULL,	'2023-06-19 10:03:04',	'2023-06-19 10:03:04'),
(445,	'App\\Models\\User',	77,	'khandokershamimulhaque@gmail.com',	'ce6289d720ed49dc3924b56b9f92c72e7223d0080aa55dd919221e36e2094043',	'[\"*\"]',	NULL,	'2023-06-19 10:04:14',	'2023-06-19 10:04:14'),
(446,	'App\\Models\\User',	77,	'khandokershamimulhaque@gmail.com',	'a0e63a5c3b8e0976b8615d6bd3311984e7903be48374c68b8e7fbd6d8d4778d2',	'[\"*\"]',	NULL,	'2023-06-19 10:04:14',	'2023-06-19 10:04:14'),
(447,	'App\\Models\\User',	77,	'khandokershamimulhaque@gmail.com',	'a2c3ddd63bd1144f3f817d76edc9a2bef059f74a513565872aa965cd4b8663be',	'[\"*\"]',	NULL,	'2023-06-19 10:04:14',	'2023-06-19 10:04:14'),
(448,	'App\\Models\\User',	73,	'shamimul.haque@webable.digital',	'21a928b2d1b65aede2ad4370ac503e1de6509a160b1222ecd9beb354c4b0c617',	'[\"*\"]',	NULL,	'2023-06-19 10:05:38',	'2023-06-19 10:05:38'),
(449,	'App\\Models\\User',	73,	'shamimul.haque@webable.digital',	'c8a87175b91fbc97a18f2afa4002656905ec3b1c67148564ab2b1a8a8222215d',	'[\"*\"]',	NULL,	'2023-06-19 10:05:38',	'2023-06-19 10:05:38'),
(450,	'App\\Models\\User',	73,	'shamimul.haque@webable.digital',	'f8d2c79d3fedcbdd353a311b8ec95ac20d8357de16c421b7076b441eadc8c76e',	'[\"*\"]',	NULL,	'2023-06-19 10:05:38',	'2023-06-19 10:05:38'),
(451,	'App\\Models\\User',	73,	'shamimul.haque@webable.digital',	'708feb6e39587380f7181a0e10702c90f8b8e3724ca63bed08473850a8095e3e',	'[\"*\"]',	NULL,	'2023-06-19 10:06:26',	'2023-06-19 10:06:26'),
(452,	'App\\Models\\User',	73,	'shamimul.haque@webable.digital',	'd57526323b6646177e10b2b739387e55420c335b18ebac5fe315c97156632e2c',	'[\"*\"]',	NULL,	'2023-06-19 10:06:26',	'2023-06-19 10:06:26'),
(453,	'App\\Models\\User',	73,	'shamimul.haque@webable.digital',	'd0da4878f6c372a26bf147dbc1eda0d4e4967ea68c541b2648a786f2b7b89943',	'[\"*\"]',	NULL,	'2023-06-19 10:06:26',	'2023-06-19 10:06:26'),
(454,	'App\\Models\\User',	88,	'shamimulhaque162@gmail.com',	'504ca56a5e284f29cce540b6cd37fd6302a1cb0e05b0e5035c1981cca553fafb',	'[\"*\"]',	NULL,	'2023-06-19 10:06:59',	'2023-06-19 10:06:59'),
(455,	'App\\Models\\User',	88,	'shamimulhaque162@gmail.com',	'9d958fa5617b1135b6e9b04b0555feb204bebec96871878be63445e16842f93a',	'[\"*\"]',	NULL,	'2023-06-19 10:06:59',	'2023-06-19 10:06:59'),
(456,	'App\\Models\\User',	88,	'shamimulhaque162@gmail.com',	'595da617c37c197e353c13de7ab1a88f2fb05682b9543a9601451d8f743809b5',	'[\"*\"]',	NULL,	'2023-06-19 10:06:59',	'2023-06-19 10:06:59'),
(457,	'App\\Models\\User',	77,	'khandokershamimulhaque@gmail.com',	'3c41f5c960b1b1ed00dcd92c8286e096413ebb6bba5313b31e9b6e10876ef06a',	'[\"*\"]',	NULL,	'2023-06-19 10:51:19',	'2023-06-19 10:51:19'),
(458,	'App\\Models\\User',	77,	'khandokershamimulhaque@gmail.com',	'dca8dc00cbd49354cf555ace59a0de1f0695f91e78ab1f4dbfbfdf9a147347d5',	'[\"*\"]',	NULL,	'2023-06-19 10:51:19',	'2023-06-19 10:51:19'),
(459,	'App\\Models\\User',	77,	'khandokershamimulhaque@gmail.com',	'25506a59b3e98566537dfe9c442a64b901346d34daca4cf06bb1b8cb67b284c0',	'[\"*\"]',	NULL,	'2023-06-19 10:51:19',	'2023-06-19 10:51:19'),
(460,	'App\\Models\\User',	73,	'shamimul.haque@webable.digital',	'b5b0fb4a4991152f54830c757430fc1a07d3ff94083f3947fb46112ee936dcda',	'[\"*\"]',	NULL,	'2023-06-19 10:54:34',	'2023-06-19 10:54:34'),
(461,	'App\\Models\\User',	73,	'shamimul.haque@webable.digital',	'8c049348e2c8501874ceb80733be9af29ece132948e466fade05cc01a0ea229b',	'[\"*\"]',	NULL,	'2023-06-19 10:54:34',	'2023-06-19 10:54:34'),
(462,	'App\\Models\\User',	73,	'shamimul.haque@webable.digital',	'a391bb5536d3acab3bfad103970f24c9cfe6734249223eee00360f8d768ddfc8',	'[\"*\"]',	NULL,	'2023-06-19 10:54:34',	'2023-06-19 10:54:34'),
(463,	'App\\Models\\User',	73,	'shamimul.haque@webable.digital',	'e396f4aef85d6a7d130f22aa345084c4f792d82e957384e29f383043af9b79ab',	'[\"*\"]',	NULL,	'2023-06-19 11:35:27',	'2023-06-19 11:35:27'),
(464,	'App\\Models\\User',	73,	'shamimul.haque@webable.digital',	'e211a1e1db692555040990520abfcd74831909d4b1cfd68d34b030d0581317e5',	'[\"*\"]',	NULL,	'2023-06-19 11:35:27',	'2023-06-19 11:35:27'),
(465,	'App\\Models\\User',	73,	'shamimul.haque@webable.digital',	'da78e6e6b81c84e4b144da3ed9331a3469011ed418ff4fa8898196ac1a3132eb',	'[\"*\"]',	NULL,	'2023-06-19 11:35:27',	'2023-06-19 11:35:27'),
(466,	'App\\Models\\User',	73,	'shamimul.haque@webable.digital',	'20d553934e43e4d21c3ec9c18e4276fd60155cf2ed20f3f6d2532872b13ad871',	'[\"*\"]',	NULL,	'2023-06-19 12:16:14',	'2023-06-19 12:16:14'),
(467,	'App\\Models\\User',	73,	'shamimul.haque@webable.digital',	'a0aea79c8262ccb06eaf8a32439106f4ef93ea42abb491367aaaead0169be019',	'[\"*\"]',	NULL,	'2023-06-19 12:16:14',	'2023-06-19 12:16:14'),
(468,	'App\\Models\\User',	73,	'shamimul.haque@webable.digital',	'6c853457046a45425d06ff6fb99e81e7adcbf81040b10814409694fac6c011ba',	'[\"*\"]',	NULL,	'2023-06-19 12:16:14',	'2023-06-19 12:16:14'),
(469,	'App\\Models\\User',	73,	'shamimul.haque@webable.digital',	'493237fd76f52ce1b3513575027963cab8bb41a91232fc5ce18b4f3e1e1ea48d',	'[\"*\"]',	NULL,	'2023-06-19 12:17:44',	'2023-06-19 12:17:44'),
(470,	'App\\Models\\User',	73,	'shamimul.haque@webable.digital',	'432bdb17b234ace3c00bf8ea995e536d47002eb7bdf57a29ed200b61c789ed57',	'[\"*\"]',	NULL,	'2023-06-19 12:17:44',	'2023-06-19 12:17:44'),
(471,	'App\\Models\\User',	73,	'shamimul.haque@webable.digital',	'51c0eeb817741c4af7b4bbb5ebb507ee49b249f5c788f4caba3a818d3e000526',	'[\"*\"]',	NULL,	'2023-06-19 12:17:44',	'2023-06-19 12:17:44'),
(472,	'App\\Models\\User',	77,	'khandokershamimulhaque@gmail.com',	'5083c1bf61a6e2ff3548ea31ffcbe6fd2980d6cef8fac8b354dc2a39171156e0',	'[\"*\"]',	NULL,	'2023-06-19 12:26:44',	'2023-06-19 12:26:44'),
(473,	'App\\Models\\User',	77,	'khandokershamimulhaque@gmail.com',	'f2a7c549daf0270160150d59ab843d9e38b8a017bb40fa730a8d2e57e0c6d849',	'[\"*\"]',	NULL,	'2023-06-19 12:26:44',	'2023-06-19 12:26:44'),
(474,	'App\\Models\\User',	77,	'khandokershamimulhaque@gmail.com',	'755edc5ea6bda945eedc649040930a992d9711a322c3bc3efa535ea2b633151d',	'[\"*\"]',	NULL,	'2023-06-19 12:26:44',	'2023-06-19 12:26:44'),
(475,	'App\\Models\\User',	85,	'khandoker15-1992@diu.edu.bd',	'2dd43dc1235c0e3e74f4dfa1adb80ebbb92e6c1e2dd9b281ed86a4bbbce04551',	'[\"*\"]',	NULL,	'2023-06-19 12:31:44',	'2023-06-19 12:31:44'),
(476,	'App\\Models\\User',	85,	'khandoker15-1992@diu.edu.bd',	'6d2d181888037002fa55f8a3037066e686729698f83f6ae214dbcd000cb35803',	'[\"*\"]',	NULL,	'2023-06-19 12:31:44',	'2023-06-19 12:31:44'),
(477,	'App\\Models\\User',	85,	'khandoker15-1992@diu.edu.bd',	'62e4bc57d4f47383bf9ddc55bf9b52686aa9b74ae38aaf38f7c4ec25bb733302',	'[\"*\"]',	NULL,	'2023-06-19 12:31:44',	'2023-06-19 12:31:44'),
(478,	'App\\Models\\User',	77,	'khandokershamimulhaque@gmail.com',	'258126c10ac8a0228634f4bf0ad98567dc2b179c1c6adb4e88458041ae25f8bc',	'[\"*\"]',	NULL,	'2023-06-19 12:33:44',	'2023-06-19 12:33:44'),
(479,	'App\\Models\\User',	77,	'khandokershamimulhaque@gmail.com',	'6e315c07d0fde450703a4e0c0585380631c5f29ba1f711c20ddcfbe71c771ff8',	'[\"*\"]',	NULL,	'2023-06-19 12:33:44',	'2023-06-19 12:33:44'),
(480,	'App\\Models\\User',	77,	'khandokershamimulhaque@gmail.com',	'9cf003b0de5b306e7b4df52b4d1aa9dca3ad6442e063940e605077a9d4f28937',	'[\"*\"]',	NULL,	'2023-06-19 12:33:44',	'2023-06-19 12:33:44'),
(481,	'App\\Models\\User',	77,	'khandokershamimulhaque@gmail.com',	'cc376010dadc1037f9c045e717f723912b85b171fda753a0292c9a542da347dc',	'[\"*\"]',	NULL,	'2023-06-19 12:36:44',	'2023-06-19 12:36:44'),
(482,	'App\\Models\\User',	77,	'khandokershamimulhaque@gmail.com',	'49c8257773d6b09df80d3d851bdddf77389f549dd11ca1bdf84f526053ef7ea6',	'[\"*\"]',	NULL,	'2023-06-19 12:36:44',	'2023-06-19 12:36:44'),
(483,	'App\\Models\\User',	77,	'khandokershamimulhaque@gmail.com',	'251e6aa112a3a63530bf2f59802e4f4da4363f8caa99a0aea7fc355f95acaef5',	'[\"*\"]',	NULL,	'2023-06-19 12:36:44',	'2023-06-19 12:36:44'),
(484,	'App\\Models\\User',	77,	'khandokershamimulhaque@gmail.com',	'e401819dbe33d52642fe8eef154458487380638fe7b69b7c23d19614ed8c0bcb',	'[\"*\"]',	NULL,	'2023-06-19 12:42:16',	'2023-06-19 12:42:16'),
(485,	'App\\Models\\User',	77,	'khandokershamimulhaque@gmail.com',	'5d3cfdb16f1a75e9e2850a61a00a6d789c2728c0bb7a336a5076e2aaeceeddbc',	'[\"*\"]',	NULL,	'2023-06-19 12:42:16',	'2023-06-19 12:42:16'),
(486,	'App\\Models\\User',	77,	'khandokershamimulhaque@gmail.com',	'961bea299bdaa469d0d2a258d84249dff9007f83502707e5836f80ba95042386',	'[\"*\"]',	NULL,	'2023-06-19 12:42:16',	'2023-06-19 12:42:16'),
(487,	'App\\Models\\User',	77,	'khandokershamimulhaque@gmail.com',	'404a5ecf829e0f0f3e8f9399cc6f41766e33b1c338bec07f26429f9fa1e4b3e8',	'[\"*\"]',	NULL,	'2023-06-19 12:43:18',	'2023-06-19 12:43:18'),
(488,	'App\\Models\\User',	77,	'khandokershamimulhaque@gmail.com',	'4608bea000ab427445018ae7ad807cca2792ee86408721fd776b8aa6db654c1f',	'[\"*\"]',	NULL,	'2023-06-19 12:43:18',	'2023-06-19 12:43:18'),
(489,	'App\\Models\\User',	77,	'khandokershamimulhaque@gmail.com',	'0bdea97e9a0bc230d02abbdb3cfcd7039fb9a5425f600386000781458f50ad5a',	'[\"*\"]',	NULL,	'2023-06-19 12:43:18',	'2023-06-19 12:43:18'),
(490,	'App\\Models\\User',	73,	'shamimul.haque@webable.digital',	'8f9c8c4984d4be973623494ab2f4cee07cae7e4eef86fad50a1618e5efe34aae',	'[\"*\"]',	NULL,	'2023-06-19 12:47:22',	'2023-06-19 12:47:22'),
(491,	'App\\Models\\User',	73,	'shamimul.haque@webable.digital',	'53db74e2ba1159f044fadd09dc3a9388fdbe2b060d7cf6882c73eae51fba080a',	'[\"*\"]',	NULL,	'2023-06-19 12:47:22',	'2023-06-19 12:47:22'),
(492,	'App\\Models\\User',	73,	'shamimul.haque@webable.digital',	'f065be7400bdbe94707ab2952d2b926abeffa839b5aed5e6a29379dca042d645',	'[\"*\"]',	NULL,	'2023-06-19 12:47:22',	'2023-06-19 12:47:22'),
(493,	'App\\Models\\User',	73,	'shamimul.haque@webable.digital',	'1c62144a362468961fb7e14e3e8181e5ed90cc334e245609ecc646e8d0ec8272',	'[\"*\"]',	NULL,	'2023-06-19 12:47:34',	'2023-06-19 12:47:34'),
(494,	'App\\Models\\User',	73,	'shamimul.haque@webable.digital',	'13651f2abdf73795804876b85fb73fc7766f87845eba48c294872b0e882321fb',	'[\"*\"]',	NULL,	'2023-06-19 12:47:34',	'2023-06-19 12:47:34'),
(495,	'App\\Models\\User',	73,	'shamimul.haque@webable.digital',	'c1e5c7d6fad5cead86e2944604c0fe8ffc50085b5c28890b855982beef78ca90',	'[\"*\"]',	NULL,	'2023-06-19 12:47:34',	'2023-06-19 12:47:34'),
(496,	'App\\Models\\User',	88,	'shamimulhaque162@gmail.com',	'1d9e840b71ee3e632b4994b2b3974b8bb579c1e9047040a79d972c6add3fa33c',	'[\"*\"]',	NULL,	'2023-06-19 12:47:49',	'2023-06-19 12:47:49'),
(497,	'App\\Models\\User',	88,	'shamimulhaque162@gmail.com',	'b0a4c8fcac72ff6bdebf39615c60c77c8dc5cec9bcad325a18af877c88f4dfbc',	'[\"*\"]',	NULL,	'2023-06-19 12:47:49',	'2023-06-19 12:47:49'),
(498,	'App\\Models\\User',	88,	'shamimulhaque162@gmail.com',	'e4f4268bcff83801a4ea77c6aa1e42aaac98177fa01485c54fd7075cd3164b86',	'[\"*\"]',	NULL,	'2023-06-19 12:47:49',	'2023-06-19 12:47:49'),
(499,	'App\\Models\\User',	73,	'shamimul.haque@webable.digital',	'66804251db86651e49a7affcdc3fdbcbce6ff54d4b4b475e1b285bbb1f873874',	'[\"*\"]',	NULL,	'2023-06-19 12:48:08',	'2023-06-19 12:48:08'),
(500,	'App\\Models\\User',	73,	'shamimul.haque@webable.digital',	'4810909fbd53e56ec0e09511b1a6a5d42efba48d1875a954bc3176eb531f63e3',	'[\"*\"]',	NULL,	'2023-06-19 12:48:08',	'2023-06-19 12:48:08'),
(501,	'App\\Models\\User',	73,	'shamimul.haque@webable.digital',	'6612a9f2e7df1765537544fb3cb10f2441978b6682a2d6a2ae7c2054dbeb992b',	'[\"*\"]',	NULL,	'2023-06-19 12:48:08',	'2023-06-19 12:48:08'),
(502,	'App\\Models\\User',	77,	'khandokershamimulhaque@gmail.com',	'eeffdd3c36af6ec26725d5836a0d0b1e6db1e6a27bf71e7c8dffdea589372043',	'[\"*\"]',	NULL,	'2023-06-19 12:51:57',	'2023-06-19 12:51:57'),
(503,	'App\\Models\\User',	77,	'khandokershamimulhaque@gmail.com',	'4e0ac327aa4627a9896077cd122e4fc3895e14893072f072c2ce29bbe6450283',	'[\"*\"]',	NULL,	'2023-06-19 12:51:57',	'2023-06-19 12:51:57'),
(504,	'App\\Models\\User',	77,	'khandokershamimulhaque@gmail.com',	'cc38c209c01e3d08517ba93d798aa0ddb8b5e1a9e6920247c173a9bd7c455090',	'[\"*\"]',	NULL,	'2023-06-19 12:51:57',	'2023-06-19 12:51:57'),
(505,	'App\\Models\\User',	77,	'khandokershamimulhaque@gmail.com',	'f6aa4dab5ebac3451aa416d4dcada13c590f0827a2549b8fd33575a59be67322',	'[\"*\"]',	NULL,	'2023-06-19 13:05:36',	'2023-06-19 13:05:36'),
(506,	'App\\Models\\User',	85,	'khandoker15-1992@diu.edu.bd',	'f56114c2219b4b469c4defbdcfdcecdb5e31435caa39b05a5b4dd4ea000e4f7f',	'[\"*\"]',	NULL,	'2023-06-19 13:17:41',	'2023-06-19 13:17:41'),
(507,	'App\\Models\\User',	77,	'khandokershamimulhaque@gmail.com',	'0176454cbb92d7e06abb0e154e5a9687327a577fec54e6c18b9666051a866e28',	'[\"*\"]',	NULL,	'2023-06-19 13:19:44',	'2023-06-19 13:19:44'),
(508,	'App\\Models\\User',	77,	'khandokershamimulhaque@gmail.com',	'758fba6007274f93594b128251f1faa83326e80ee9d8625b1c97aac043f75912',	'[\"*\"]',	NULL,	'2023-06-19 13:19:58',	'2023-06-19 13:19:58'),
(509,	'App\\Models\\User',	88,	'shamimulhaque162@gmail.com',	'47d53c26db72a7e3b83cfa13123e0f02b936cd7d9ee8656bbffcd2eb6eba06c3',	'[\"*\"]',	NULL,	'2023-06-19 13:20:45',	'2023-06-19 13:20:45'),
(510,	'App\\Models\\User',	85,	'khandoker15-1992@diu.edu.bd',	'e3e9ab3b41979e26acf6cb583b009c963707f4aab4ba3605d74a13e769b9bf52',	'[\"*\"]',	NULL,	'2023-06-19 13:21:02',	'2023-06-19 13:21:02'),
(511,	'App\\Models\\User',	77,	'khandokershamimulhaque@gmail.com',	'59a22726ec752ccb30010219cd5eadede864c2352e787c65519757d361c3730e',	'[\"*\"]',	NULL,	'2023-06-19 13:23:11',	'2023-06-19 13:23:11'),
(512,	'App\\Models\\User',	85,	'khandoker15-1992@diu.edu.bd',	'c831c7fe2d97525a2a9eeaaa0e3f02daac5e5e05e7f5522ce2903521c4ebbee1',	'[\"*\"]',	NULL,	'2023-06-19 13:23:46',	'2023-06-19 13:23:46'),
(513,	'App\\Models\\User',	85,	'khandoker15-1992@diu.edu.bd',	'edba09a30d20bfc3337847604d7293b8329f1272125a2d4dda45b971528b932c',	'[\"*\"]',	NULL,	'2023-06-19 13:24:36',	'2023-06-19 13:24:36'),
(514,	'App\\Models\\User',	85,	'khandoker15-1992@diu.edu.bd',	'15d23b7e44a5816464572ee5a073dd8a82cc1105f022955aba694d079a5ae1cb',	'[\"*\"]',	NULL,	'2023-06-19 13:25:19',	'2023-06-19 13:25:19'),
(515,	'App\\Models\\User',	85,	'khandoker15-1992@diu.edu.bd',	'e0ebb15d22d18dde725278d74a0217c3e6ea8c4e17a717192a26f935fdb5738f',	'[\"*\"]',	NULL,	'2023-06-19 13:26:22',	'2023-06-19 13:26:22'),
(516,	'App\\Models\\User',	77,	'khandokershamimulhaque@gmail.com',	'05bc56b94717fe15f3398cb5f36a9d0642c23b4dade00e954ef2da9361535830',	'[\"*\"]',	NULL,	'2023-06-19 13:31:45',	'2023-06-19 13:31:45'),
(517,	'App\\Models\\User',	85,	'khandoker15-1992@diu.edu.bd',	'3b522830893fc3c3316340b6b7977786b392564a5d8f443bf39673677ea27411',	'[\"*\"]',	NULL,	'2023-06-19 13:32:48',	'2023-06-19 13:32:48'),
(518,	'App\\Models\\User',	77,	'khandokershamimulhaque@gmail.com',	'152bf99d16f148be328918d739a2e04a5d3df25a00df16266cb9e62249d4995c',	'[\"*\"]',	NULL,	'2023-06-19 13:34:31',	'2023-06-19 13:34:31'),
(519,	'App\\Models\\User',	77,	'khandokershamimulhaque@gmail.com',	'a29697a3b35b6f88fc184bcc649eae936125995b3f6d659b8e0981f97b566983',	'[\"*\"]',	NULL,	'2023-06-19 13:35:54',	'2023-06-19 13:35:54'),
(520,	'App\\Models\\User',	85,	'khandoker15-1992@diu.edu.bd',	'88161364b734f6e1d8d0b2728ce55fd1132c8fe2d8f467ddb1cf79b8eb7eaac0',	'[\"*\"]',	NULL,	'2023-06-19 13:38:21',	'2023-06-19 13:38:21'),
(521,	'App\\Models\\User',	77,	'khandokershamimulhaque@gmail.com',	'b0b86f95f6c0b50623fc483a5bc368bbb64dd9b63e0761a9f55551f0faf4fded',	'[\"*\"]',	NULL,	'2023-06-19 13:38:44',	'2023-06-19 13:38:44'),
(522,	'App\\Models\\User',	77,	'khandokershamimulhaque@gmail.com',	'6f76b65b056aff6a5d936f34ae8905faa86806f988d6f2da5090bd7bc402af2c',	'[\"*\"]',	NULL,	'2023-06-19 13:39:19',	'2023-06-19 13:39:19'),
(523,	'App\\Models\\User',	77,	'khandokershamimulhaque@gmail.com',	'2f4cde9bdb2ee60a06d6c9d60969ed133799e9d568b24bc07787df4b6dae41d0',	'[\"*\"]',	NULL,	'2023-06-19 13:39:47',	'2023-06-19 13:39:47'),
(524,	'App\\Models\\User',	77,	'khandokershamimulhaque@gmail.com',	'a7bcbe3061e0a5030dc0862470797c5310e4f8180fabe14950cc8a3ccbd73502',	'[\"*\"]',	NULL,	'2023-06-19 13:39:48',	'2023-06-19 13:39:48'),
(525,	'App\\Models\\User',	77,	'khandokershamimulhaque@gmail.com',	'f90ae1abad6d65c5e8de4bce1b3d6a2ca9499262338485586138c633c55befe3',	'[\"*\"]',	NULL,	'2023-06-19 13:54:00',	'2023-06-19 13:54:00'),
(526,	'App\\Models\\User',	77,	'khandokershamimulhaque@gmail.com',	'5ef3251d42e93f794c75a60158ff206c07d11ff8399108757edba67c298be72f',	'[\"*\"]',	NULL,	'2023-06-19 13:54:00',	'2023-06-19 13:54:00'),
(527,	'App\\Models\\User',	88,	'shamimulhaque162@gmail.com',	'2e6afde336d539c6ff58323c89cab59ca4c8b568bda74ed6440e0d0174d4c19c',	'[\"*\"]',	NULL,	'2023-06-19 14:09:17',	'2023-06-19 14:09:17'),
(528,	'App\\Models\\User',	88,	'shamimulhaque162@gmail.com',	'ef18b30348addbc77a264908da5e665f80b25c1ff15c1c72ce76c4d701780eea',	'[\"*\"]',	NULL,	'2023-06-19 14:09:18',	'2023-06-19 14:09:18'),
(529,	'App\\Models\\User',	88,	'shamimulhaque162@gmail.com',	'cf61b8b2cbdf2b1e2a1acde1a4d35293f0f461a17497d07e489d0ca3ea50d410',	'[\"*\"]',	NULL,	'2023-06-19 14:17:38',	'2023-06-19 14:17:38'),
(530,	'App\\Models\\User',	88,	'shamimulhaque162@gmail.com',	'c45099864f428d14dcc62062e82f855b9131522f9dd1a1afd6e25c3193ba470f',	'[\"*\"]',	NULL,	'2023-06-19 14:17:38',	'2023-06-19 14:17:38'),
(531,	'App\\Models\\User',	86,	'mmhmasum98@gmail.com',	'ed1180e1090875617699f62835fbdf28284b8fd35e7d4c118977e4116f63222b',	'[\"*\"]',	NULL,	'2023-06-20 05:05:33',	'2023-06-20 05:05:33'),
(532,	'App\\Models\\User',	86,	'mmhmasum98@gmail.com',	'9fb17b2b73431f15b569e988e96e29b1f655e6edffa7e0e0f5600a92a5da1667',	'[\"*\"]',	NULL,	'2023-06-20 05:05:33',	'2023-06-20 05:05:33'),
(533,	'App\\Models\\User',	68,	'admin@suparadmin.com',	'8877cb2ac2b8612b51066244751364a6f1fa8686857a201a54547abbe5dcfe0e',	'[\"*\"]',	'2023-07-30 05:05:51',	'2023-06-20 05:52:35',	'2023-07-30 05:05:51'),
(534,	'App\\Models\\User',	78,	'sara@gmail.com',	'a528e16a34e5a4ce3946b8fade0217f67271cfa6e7ae778d47f5d1ddf043de5a',	'[\"*\"]',	'2023-06-20 06:29:00',	'2023-06-20 06:24:04',	'2023-06-20 06:29:00'),
(535,	'App\\Models\\User',	77,	'khandokershamimulhaque@gmail.com',	'a12814d421377143c245b150c825e373ffad5fcb75f6e67b5650b9f670672ef5',	'[\"*\"]',	NULL,	'2023-06-20 08:11:17',	'2023-06-20 08:11:17'),
(536,	'App\\Models\\User',	77,	'khandokershamimulhaque@gmail.com',	'025222fbfb20108977b874179ebf593b1789e076701d49ab7b4092b63a00c56b',	'[\"*\"]',	NULL,	'2023-06-20 08:11:17',	'2023-06-20 08:11:17'),
(537,	'App\\Models\\User',	88,	'shamimulhaque162@gmail.com',	'7268a7aa95dc7a2bf75161129b6e8a7c5215a34eec936c096a5eb0bac761032d',	'[\"*\"]',	NULL,	'2023-06-20 08:11:51',	'2023-06-20 08:11:51'),
(538,	'App\\Models\\User',	88,	'shamimulhaque162@gmail.com',	'd5e9c137ca7284299a578fdd121673598581b3749cd29e42009668cf65baf6f6',	'[\"*\"]',	NULL,	'2023-06-20 08:11:52',	'2023-06-20 08:11:52'),
(539,	'App\\Models\\User',	77,	'khandokershamimulhaque@gmail.com',	'c5d3c47ce89d6a5b5418641791b4d7e549d070c371c6175c48dfa1bcc52acaf4',	'[\"*\"]',	NULL,	'2023-06-20 08:12:17',	'2023-06-20 08:12:17'),
(540,	'App\\Models\\User',	77,	'khandokershamimulhaque@gmail.com',	'7fde04b7c200b32b875d5ce55560b333b41ec8d9e382daca6134c1f36efd7f65',	'[\"*\"]',	NULL,	'2023-06-20 08:12:18',	'2023-06-20 08:12:18'),
(541,	'App\\Models\\User',	68,	'admin@suparadmin.com',	'a5cb1f9edc5097583056e84d13b949295f7bd5b6c1ff3a07f48e5473031f5ed2',	'[\"*\"]',	NULL,	'2023-06-20 08:12:44',	'2023-06-20 08:12:44'),
(542,	'App\\Models\\User',	77,	'khandokershamimulhaque@gmail.com',	'10f4578cce0bded4ad0373e69cea5750f39d3f275eab0862fa123fce09e72423',	'[\"*\"]',	NULL,	'2023-06-20 08:12:59',	'2023-06-20 08:12:59'),
(543,	'App\\Models\\User',	77,	'khandokershamimulhaque@gmail.com',	'33a3d7df0756ba434c63946f239112d9bea1eefd23f151835d36213a9d55cbc9',	'[\"*\"]',	NULL,	'2023-06-20 08:12:59',	'2023-06-20 08:12:59'),
(544,	'App\\Models\\User',	68,	'admin@suparadmin.com',	'9d95b43adb01e3607bc066f5fd65f7215eab855ce6dcfb8619bb966c7ca73c32',	'[\"*\"]',	NULL,	'2023-06-21 11:55:43',	'2023-06-21 11:55:43'),
(545,	'App\\Models\\User',	77,	'khandokershamimulhaque@gmail.com',	'7e4fff872f6f51a5fffc22546f8110f506088c7e018eaca3ad08e1e461b05a8c',	'[\"*\"]',	'2023-06-25 06:06:17',	'2023-06-22 10:36:48',	'2023-06-25 06:06:17'),
(546,	'App\\Models\\User',	77,	'khandokershamimulhaque@gmail.com',	'c1d755a3cfaaa6452f7c11b74b3135e65941078a73bc074fd0d8d1901e364198',	'[\"*\"]',	NULL,	'2023-06-22 10:36:49',	'2023-06-22 10:36:49'),
(547,	'App\\Models\\User',	68,	'admin@suparadmin.com',	'b320f2f51ce99d8c7c389489a0b0b25454e7bb906f436acd45d9fa2cbb506747',	'[\"*\"]',	'2023-06-25 08:38:38',	'2023-06-25 06:11:04',	'2023-06-25 08:38:38'),
(548,	'App\\Models\\User',	85,	'khandoker15-1992@diu.edu.bd',	'a4f9d572f21338abf2342b241e1c811013fdd1334740ff3ce89095d177ef9315',	'[\"*\"]',	NULL,	'2023-06-25 09:06:39',	'2023-06-25 09:06:39'),
(549,	'App\\Models\\User',	85,	'khandoker15-1992@diu.edu.bd',	'7c9aee5507f2b25c0aa1ebc9e0617247c29e068bfeee4024630e824679443b5c',	'[\"*\"]',	NULL,	'2023-06-25 09:06:39',	'2023-06-25 09:06:39'),
(550,	'App\\Models\\User',	68,	'admin@suparadmin.com',	'92b3d62bf427929ac7b93d2ce5f573e70c2fd9ce20550ab5890fafafd0fecc20',	'[\"*\"]',	'2023-06-25 09:13:12',	'2023-06-25 09:06:53',	'2023-06-25 09:13:12'),
(551,	'App\\Models\\User',	68,	'admin@suparadmin.com',	'd172c85d71050dd6fc828295f0613c706480b6d6fdbf7e37bace97e105a3a3cd',	'[\"*\"]',	'2023-06-25 10:13:05',	'2023-06-25 10:11:32',	'2023-06-25 10:13:05'),
(552,	'App\\Models\\User',	68,	'admin@suparadmin.com',	'110d04f213ee3d226ea38663532504704401ec02a38b7a63c112057695ea870c',	'[\"*\"]',	'2023-06-25 12:22:29',	'2023-06-25 12:17:54',	'2023-06-25 12:22:29'),
(553,	'App\\Models\\User',	69,	'admin@admin.com',	'8a1b50f29218bd083e1ba37197e7b1331302f23ec68f1afbb53dc4041db9591c',	'[\"*\"]',	NULL,	'2023-07-04 05:45:26',	'2023-07-04 05:45:26'),
(554,	'App\\Models\\User',	78,	'sara@gmail.com',	'0505a05ac7023bcf55bc0f4d1a4ce887d26f3807e39325cad1b8375766c78f47',	'[\"*\"]',	'2023-07-10 06:16:30',	'2023-07-10 05:22:55',	'2023-07-10 06:16:30'),
(555,	'App\\Models\\User',	78,	'sara@gmail.com',	'c722b15423b62d25041d62556286d33130c7c693391c471ae2195daa7e0d10ee',	'[\"*\"]',	'2023-08-16 06:38:33',	'2023-07-11 07:00:52',	'2023-08-16 06:38:33'),
(556,	'App\\Models\\User',	69,	'admin@admin.com',	'f6c7558bd3aa05f8e49bd6704eedda9ff5afb71c5f28253b80b78f91525cc8fe',	'[\"*\"]',	'2023-07-13 05:07:58',	'2023-07-12 08:53:41',	'2023-07-13 05:07:58'),
(557,	'App\\Models\\User',	2,	'akbar@gmail.com',	'b2b0d6a0f375a6c8b32eca0c8b2a75e4f34c4164a3a87805521f272de6f969c5',	'[\"*\"]',	'2023-07-13 07:02:45',	'2023-07-13 07:01:46',	'2023-07-13 07:02:45'),
(558,	'App\\Models\\User',	68,	'admin@suparadmin.com',	'f1e80dbea4ef228cd7b5f03cb0b48d639c1a04e7b7633e47cfe2ce86f25ed9e7',	'[\"*\"]',	'2023-07-27 04:59:03',	'2023-07-13 13:07:39',	'2023-07-27 04:59:03'),
(559,	'App\\Models\\User',	69,	'admin@admin.com',	'bf74a117050aae50e477b68f239d92cd60bfb2f03c460bff1b482149356972fb',	'[\"*\"]',	'2023-07-18 09:37:37',	'2023-07-18 05:52:01',	'2023-07-18 09:37:37'),
(560,	'App\\Models\\User',	69,	'admin@admin.com',	'903f57afb627623d67fa1121172595c4a79bcc490aeb48fc200d499f56bbf065',	'[\"*\"]',	'2023-07-24 07:50:53',	'2023-07-20 05:54:05',	'2023-07-24 07:50:53'),
(561,	'App\\Models\\User',	2,	'akbar@gmail.com',	'f49082ed825e0e303c4ea32fc798072da6f13660d5c69db9563c51e3a17d81fe',	'[\"*\"]',	'2023-08-24 05:45:12',	'2023-07-23 09:17:59',	'2023-08-24 05:45:12'),
(562,	'App\\Models\\User',	89,	'API TOKEN',	'3847e16086509e95c3f4c66e1de0ce0b9d54e9a80ce8bee5ce26c964767a522b',	'[\"*\"]',	'2023-07-26 04:06:16',	'2023-07-26 04:02:42',	'2023-07-26 04:06:16'),
(563,	'App\\Models\\User',	77,	'khandokershamimulhaque@gmail.com',	'f8e583a36343ad28a09cd512bdad836a66956fd03d1b84cf3b179a7f88acf29c',	'[\"*\"]',	'2023-07-30 08:39:23',	'2023-07-30 08:38:59',	'2023-07-30 08:39:23'),
(564,	'App\\Models\\User',	77,	'khandokershamimulhaque@gmail.com',	'23318d595c29efc691b5b7af66faa61a1852c0dd6bed641eb91cfaba5991248a',	'[\"*\"]',	NULL,	'2023-07-30 08:38:59',	'2023-07-30 08:38:59'),
(565,	'App\\Models\\User',	68,	'admin@suparadmin.com',	'e08fd9389406aa41062930458dba20551550a5c78149d0e6353bccd7a310a051',	'[\"*\"]',	'2023-08-09 06:04:03',	'2023-08-09 04:58:36',	'2023-08-09 06:04:03'),
(566,	'App\\Models\\User',	68,	'admin@suparadmin.com',	'c37fd633f076fd56793f29626088e720bc9defaad4b8096617d9c53ed390dc0a',	'[\"*\"]',	'2023-08-10 05:50:50',	'2023-08-10 05:50:46',	'2023-08-10 05:50:50'),
(567,	'App\\Models\\User',	68,	'admin@suparadmin.com',	'0650558589905b95cb6e6f4f65c6bfdbc3078002f8db3696da0e5789db526e85',	'[\"*\"]',	'2023-08-10 12:34:21',	'2023-08-10 05:51:16',	'2023-08-10 12:34:21'),
(568,	'App\\Models\\User',	68,	'admin@suparadmin.com',	'7b940d7de6de6ef8457e5d75f5cf932e84138e109377960c3aede1290dac4891',	'[\"*\"]',	'2023-08-16 06:27:02',	'2023-08-10 11:36:33',	'2023-08-16 06:27:02'),
(569,	'App\\Models\\User',	68,	'admin@suparadmin.com',	'60bc8d5f593e1d53adc1fac15360b070eb85b6c1094b372f0b21aa3afee231c6',	'[\"*\"]',	'2023-08-16 06:35:25',	'2023-08-16 06:35:02',	'2023-08-16 06:35:25'),
(570,	'App\\Models\\User',	78,	'sara@gmail.com',	'2905dfc7f7d40ff5fca60597e6d89ff0e8337d17496d41e7b1c855c629e474a0',	'[\"*\"]',	'2023-08-17 06:49:39',	'2023-08-16 06:39:35',	'2023-08-17 06:49:39'),
(571,	'App\\Models\\User',	68,	'admin@suparadmin.com',	'7a264e07387500e52c59e3bed331d23c0366f0b28dea55c724714ed86f0312f1',	'[\"*\"]',	'2023-08-16 08:49:41',	'2023-08-16 06:44:23',	'2023-08-16 08:49:41'),
(572,	'App\\Models\\User',	78,	'sara@gmail.com',	'f248e02782d1d10491de24dfe1e65a931be66b934a642538cae073c538470151',	'[\"*\"]',	'2023-08-17 07:37:44',	'2023-08-17 06:50:18',	'2023-08-17 07:37:44'),
(573,	'App\\Models\\User',	73,	'shamimul.haque@webable.digital',	'6319615527081b7a1be564ac41fd9bac3df28cd011f3676f959af9e965ae8e7d',	'[\"*\"]',	NULL,	'2023-08-17 09:55:06',	'2023-08-17 09:55:06'),
(574,	'App\\Models\\User',	73,	'shamimul.haque@webable.digital',	'8065aa428c2b0e06743bd662679d8c7c1334efa8bd328d9d17e6de14da3089f4',	'[\"*\"]',	NULL,	'2023-08-17 09:55:06',	'2023-08-17 09:55:06'),
(575,	'App\\Models\\User',	88,	'shamimulhaque162@gmail.com',	'6d6ce9fe432ead9c5a05ab29c95cb4ba0ff06a16b69c746d6bf92700c66901ee',	'[\"*\"]',	'2023-08-17 12:56:11',	'2023-08-17 09:55:26',	'2023-08-17 12:56:11'),
(576,	'App\\Models\\User',	88,	'shamimulhaque162@gmail.com',	'dd7a2b229d0c2133470801b493d6df04e8c766f93d7c31e282d2c60ccf735099',	'[\"*\"]',	NULL,	'2023-08-17 09:55:26',	'2023-08-17 09:55:26'),
(577,	'App\\Models\\User',	68,	'admin@suparadmin.com',	'959c7cb17dff94cf71cee69afb4310175c284b2e9ee629978c8d8201a644ce12',	'[\"*\"]',	'2023-08-17 12:59:49',	'2023-08-17 12:59:48',	'2023-08-17 12:59:49'),
(578,	'App\\Models\\User',	73,	'shamimul.haque@webable.digital',	'9130fa8d0a86028ecd2bb6a9c945ed33816fcda21382352c70b24a5a838f6b86',	'[\"*\"]',	'2023-08-17 13:02:22',	'2023-08-17 13:02:16',	'2023-08-17 13:02:22'),
(579,	'App\\Models\\User',	73,	'shamimul.haque@webable.digital',	'd5bf5fd5c3f5ab931a9c056fecdd15366419e84540ce91faef66604afcb38a19',	'[\"*\"]',	NULL,	'2023-08-17 13:02:16',	'2023-08-17 13:02:16'),
(580,	'App\\Models\\User',	73,	'shamimul.haque@webable.digital',	'c9969f743872d3e9ce82a39b9b6be5666163a6b111bb79d72d5e9a4b34057a4d',	'[\"*\"]',	NULL,	'2023-08-17 13:03:09',	'2023-08-17 13:03:09'),
(581,	'App\\Models\\User',	73,	'shamimul.haque@webable.digital',	'22aede483a933caf2b27cd8e62c095dd8b43744e8e88a8c9d052ff850d7b70b3',	'[\"*\"]',	NULL,	'2023-08-17 13:03:09',	'2023-08-17 13:03:09'),
(582,	'App\\Models\\User',	73,	'shamimul.haque@webable.digital',	'4eef18b875d00d407284ccbac091f9c866ec1cd40568a60fc29561a050bbe28e',	'[\"*\"]',	'2023-08-17 13:07:19',	'2023-08-17 13:03:32',	'2023-08-17 13:07:19'),
(583,	'App\\Models\\User',	73,	'shamimul.haque@webable.digital',	'6010227da4a1be4dc4859d54941245d176026d513920f754079b239c220a58b1',	'[\"*\"]',	NULL,	'2023-08-17 13:03:32',	'2023-08-17 13:03:32'),
(584,	'App\\Models\\User',	88,	'shamimulhaque162@gmail.com',	'40d2e1e298385700afa57424b0bae6cf1de0ecdf027ba8a4f55dc57f60285681',	'[\"*\"]',	NULL,	'2023-08-20 04:36:52',	'2023-08-20 04:36:52'),
(585,	'App\\Models\\User',	88,	'shamimulhaque162@gmail.com',	'6b53eee99f4cbc5395d30114a323f866f1e3ab75eaa65c12ffcf71a80bc17fb0',	'[\"*\"]',	NULL,	'2023-08-20 04:36:52',	'2023-08-20 04:36:52'),
(586,	'App\\Models\\User',	88,	'shamimulhaque162@gmail.com',	'63a0211fb40b709cfd4de4d1d53de8b68012d58e09bf8e9950c031656210ed2d',	'[\"*\"]',	NULL,	'2023-08-20 04:38:25',	'2023-08-20 04:38:25'),
(587,	'App\\Models\\User',	88,	'shamimulhaque162@gmail.com',	'e39a544a2134179caa85a01a6c03f55503f23b11c010bd118266fe85aa8618a1',	'[\"*\"]',	NULL,	'2023-08-20 04:38:25',	'2023-08-20 04:38:25'),
(588,	'App\\Models\\User',	88,	'shamimulhaque162@gmail.com',	'a2d117baa2caee6a58dd6768dd07d1a6a26514be6e43b832d8a4018b22eaae81',	'[\"*\"]',	NULL,	'2023-08-20 04:38:34',	'2023-08-20 04:38:34'),
(589,	'App\\Models\\User',	88,	'shamimulhaque162@gmail.com',	'8ada6f510b200ef9a08cd01bedf59a943b33142d8c5ab01c923540652b13d33e',	'[\"*\"]',	NULL,	'2023-08-20 04:38:35',	'2023-08-20 04:38:35'),
(590,	'App\\Models\\User',	88,	'shamimulhaque162@gmail.com',	'7802e02d6d0838646130f0de6fbdc734849a17ce873c09a85cfe25148dc6dabe',	'[\"*\"]',	NULL,	'2023-08-20 05:03:14',	'2023-08-20 05:03:14'),
(591,	'App\\Models\\User',	88,	'shamimulhaque162@gmail.com',	'4c8ba3c5ab520605f8c8ea5de41ff90780ceb7079bee27e79ad81cc74dedc464',	'[\"*\"]',	NULL,	'2023-08-20 05:03:15',	'2023-08-20 05:03:15'),
(592,	'App\\Models\\User',	88,	'shamimulhaque162@gmail.com',	'fae219531b4977aa82f93844ad559a98025373bfcd34f4bdff6af29184789a65',	'[\"*\"]',	NULL,	'2023-08-20 05:04:27',	'2023-08-20 05:04:27'),
(593,	'App\\Models\\User',	88,	'shamimulhaque162@gmail.com',	'5a61a67195266e0bfcaa2401c87a3362cd355b7dc58987db4038dedf17d304e6',	'[\"*\"]',	NULL,	'2023-08-20 05:04:27',	'2023-08-20 05:04:27'),
(594,	'App\\Models\\User',	73,	'shamimul.haque@webable.digital',	'd58c4349c42242b0a26c9154e841754e22739d300a242f03b654f6c5015d6e72',	'[\"*\"]',	NULL,	'2023-08-20 05:08:44',	'2023-08-20 05:08:44'),
(595,	'App\\Models\\User',	73,	'shamimul.haque@webable.digital',	'1c8b6a798ac915b67598c4e8e55f17bb10c2fc33e61976a7e1d5daa89c9e0884',	'[\"*\"]',	NULL,	'2023-08-20 05:08:44',	'2023-08-20 05:08:44'),
(596,	'App\\Models\\User',	73,	'shamimul.haque@webable.digital',	'7560ca8a867072cb3dea902f71a1ec125cee2c5d16541ef505e9f113ecbfb7f3',	'[\"*\"]',	NULL,	'2023-08-20 05:10:00',	'2023-08-20 05:10:00'),
(597,	'App\\Models\\User',	73,	'shamimul.haque@webable.digital',	'a78ca65233404d5593bdf5d0b5cdfe81d5034d2a7906f8b33dc5cdc369c26c1f',	'[\"*\"]',	NULL,	'2023-08-20 05:10:00',	'2023-08-20 05:10:00'),
(598,	'App\\Models\\User',	88,	'shamimulhaque162@gmail.com',	'84fc043d982c8ba6c6b409a2c584fa7d9e3daf7d0b43ebff4d867aade63a53d6',	'[\"*\"]',	NULL,	'2023-08-20 05:34:51',	'2023-08-20 05:34:51'),
(599,	'App\\Models\\User',	88,	'shamimulhaque162@gmail.com',	'bc63a088f71fce957bcf1cb54b1ab1f490bb09d1b2e587773bbdd85276726f02',	'[\"*\"]',	NULL,	'2023-08-20 05:34:51',	'2023-08-20 05:34:51'),
(600,	'App\\Models\\User',	88,	'shamimulhaque162@gmail.com',	'1b311b309c6e6538b30263d71bfa3a4de65ac8550a020b85d0e3d21cc794b0b3',	'[\"*\"]',	NULL,	'2023-08-20 05:34:59',	'2023-08-20 05:34:59'),
(601,	'App\\Models\\User',	88,	'shamimulhaque162@gmail.com',	'd1c9b579f6214e7e0bdcae71a4f8c21fbae7b2cec94234ce4e070675cefdee47',	'[\"*\"]',	NULL,	'2023-08-20 05:34:59',	'2023-08-20 05:34:59'),
(602,	'App\\Models\\User',	88,	'shamimulhaque162@gmail.com',	'aa56bd2e7776b7c33d39f82d3591bfcfa6837f18f89594d4a4b174bcd9388646',	'[\"*\"]',	NULL,	'2023-08-20 05:39:04',	'2023-08-20 05:39:04'),
(603,	'App\\Models\\User',	88,	'shamimulhaque162@gmail.com',	'4bf2afd5f4946ece5e223c82a0cbaaf8576fdd7d8110e437ad2e0c3d6a9adfcb',	'[\"*\"]',	NULL,	'2023-08-20 05:39:05',	'2023-08-20 05:39:05'),
(604,	'App\\Models\\User',	68,	'admin@suparadmin.com',	'4a5d9386e4f3f0ff66c564eec419c2f967033799d568c1ec9474247f6827d40e',	'[\"*\"]',	'2023-08-20 06:18:43',	'2023-08-20 06:10:41',	'2023-08-20 06:18:43'),
(605,	'App\\Models\\User',	68,	'admin@suparadmin.com',	'84b4ddaf9f5e44294ebd147bde321466dbf76a26c328fe530f1538cb10b6984c',	'[\"*\"]',	'2023-08-20 06:24:53',	'2023-08-20 06:24:24',	'2023-08-20 06:24:53'),
(606,	'App\\Models\\User',	68,	'admin@suparadmin.com',	'3fdf2a9541a481d67268bc7cd970c448f46cffe1177be7b458cfc30d31094c98',	'[\"*\"]',	'2023-08-20 06:25:39',	'2023-08-20 06:25:39',	'2023-08-20 06:25:39'),
(607,	'App\\Models\\User',	68,	'admin@suparadmin.com',	'6c488f6ae76bb9891ed2ecb9e95e55c68c36894f0e4d3c584a3f8c4f3af6e143',	'[\"*\"]',	NULL,	'2023-08-20 06:50:18',	'2023-08-20 06:50:18'),
(608,	'App\\Models\\User',	73,	'shamimul.haque@webable.digital',	'0e0338672d94c9f9de3b4592b1dc9ae74c75b1792bd911700a973e1b161a7e14',	'[\"*\"]',	NULL,	'2023-08-20 06:54:32',	'2023-08-20 06:54:32'),
(609,	'App\\Models\\User',	73,	'shamimul.haque@webable.digital',	'f1b803581f3f4f7f4764f95feec7f6fbf1c23a2f9eea69c7261e5297b1a55d63',	'[\"*\"]',	NULL,	'2023-08-20 06:54:32',	'2023-08-20 06:54:32'),
(610,	'App\\Models\\User',	73,	'shamimul.haque@webable.digital',	'e7f138b116c67db6a4822711fb7fed0b036b46364289dbaf23f7b13b89203bcf',	'[\"*\"]',	NULL,	'2023-08-20 07:05:08',	'2023-08-20 07:05:08'),
(611,	'App\\Models\\User',	73,	'shamimul.haque@webable.digital',	'd3e5282bdeab83ad0cee2be474645e1481d43815871e2653b7caa9e523296dfa',	'[\"*\"]',	NULL,	'2023-08-20 07:05:08',	'2023-08-20 07:05:08'),
(612,	'App\\Models\\User',	73,	'shamimul.haque@webable.digital',	'10f4c6c333cea6fc5e46317d122b255b18788d2cb7a125ee4de688c94b115239',	'[\"*\"]',	NULL,	'2023-08-20 07:05:17',	'2023-08-20 07:05:17'),
(613,	'App\\Models\\User',	73,	'shamimul.haque@webable.digital',	'466392c4f62caf0b69ddf7248f5eef89a3c56fd2203c78e5f60f69fee5ccd15d',	'[\"*\"]',	NULL,	'2023-08-20 07:05:18',	'2023-08-20 07:05:18'),
(614,	'App\\Models\\User',	73,	'shamimul.haque@webable.digital',	'9f2fa51792dcf11065a3b34db890fc513f9342fee95e8cbab57bb0c5e17ba882',	'[\"*\"]',	NULL,	'2023-08-20 07:06:32',	'2023-08-20 07:06:32'),
(615,	'App\\Models\\User',	73,	'shamimul.haque@webable.digital',	'1e8f3c562d48b03e24398c820cc39f3e4951b241dca6de78518fea84ad078302',	'[\"*\"]',	NULL,	'2023-08-20 07:06:32',	'2023-08-20 07:06:32'),
(616,	'App\\Models\\User',	68,	'admin@suparadmin.com',	'04012912a988934e183b0083f669b9b86d43dc7b4227723ac13dd4fe1f843123',	'[\"*\"]',	NULL,	'2023-08-20 09:31:47',	'2023-08-20 09:31:47'),
(617,	'App\\Models\\User',	73,	'shamimul.haque@webable.digital',	'4db66bebd3a16881ea1b078a75b5f36b2d17aa1a23b43340031fbdbb1f3a5e0a',	'[\"*\"]',	NULL,	'2023-08-20 09:46:42',	'2023-08-20 09:46:42'),
(618,	'App\\Models\\User',	73,	'shamimul.haque@webable.digital',	'784863a9ffca0f7ed833702152f5d22c89b795c5e9e2687c5c0312fccf0cc8e5',	'[\"*\"]',	NULL,	'2023-08-20 09:46:42',	'2023-08-20 09:46:42'),
(619,	'App\\Models\\User',	73,	'shamimul.haque@webable.digital',	'2868db86d55e64a35d8ed536a5af6999e897a2787357434f1ee4d346acd89ef3',	'[\"*\"]',	NULL,	'2023-08-20 09:52:06',	'2023-08-20 09:52:06'),
(620,	'App\\Models\\User',	73,	'shamimul.haque@webable.digital',	'5c50a6a9d8ce27a160e08f752f997ab63e9a0b25638a5b5a2419422859dae22c',	'[\"*\"]',	NULL,	'2023-08-20 09:52:07',	'2023-08-20 09:52:07'),
(621,	'App\\Models\\User',	90,	'nashita.iftekhar@webable.digital',	'c5bac0fb65b04bb25c0ae4eac80e2a9a8370f50b402bf4a5c4b438b77de1a21a',	'[\"*\"]',	NULL,	'2023-08-20 09:52:47',	'2023-08-20 09:52:47'),
(622,	'App\\Models\\User',	90,	'nashita.iftekhar@webable.digital',	'856edc35d55c8339063256b823b21eee9dabbc6bf40b3ae57c2e638ebf4a35ff',	'[\"*\"]',	NULL,	'2023-08-20 09:52:47',	'2023-08-20 09:52:47'),
(623,	'App\\Models\\User',	91,	'atiq.israk@webable.digital',	'b3e1f02d283ccb42990eca40a1793d4985e4a328c66638e4d06e4b71face6fc1',	'[\"*\"]',	NULL,	'2023-08-20 09:53:08',	'2023-08-20 09:53:08'),
(624,	'App\\Models\\User',	91,	'atiq.israk@webable.digital',	'0cfb9333d6110777d95eabc85ee6a8260c68e1807d258897799e390f6ca4391b',	'[\"*\"]',	NULL,	'2023-08-20 09:53:08',	'2023-08-20 09:53:08'),
(625,	'App\\Models\\User',	91,	'atiq.israk@webable.digital',	'394a609c18c26aaf303bcbf120fb8e534c2701d38089aa17bdcd049c57d89d4f',	'[\"*\"]',	NULL,	'2023-08-20 09:53:23',	'2023-08-20 09:53:23'),
(626,	'App\\Models\\User',	91,	'atiq.israk@webable.digital',	'04a89e3bf2fce79fefb798745b2f5e21b7c4eb031901f9ce5395e803a29bba93',	'[\"*\"]',	NULL,	'2023-08-20 09:53:24',	'2023-08-20 09:53:24'),
(627,	'App\\Models\\User',	90,	'nashita.iftekhar@webable.digital',	'26114717d6e6f29dac7edf0ad7de8d016e49109299aa850cf18c2b9a6cb995c4',	'[\"*\"]',	'2023-08-21 08:51:06',	'2023-08-20 09:55:49',	'2023-08-21 08:51:06'),
(628,	'App\\Models\\User',	90,	'nashita.iftekhar@webable.digital',	'c7069f89e84c779457da2b2cb4e798c2acf586f0add9a301308878fe832546e5',	'[\"*\"]',	NULL,	'2023-08-20 09:55:50',	'2023-08-20 09:55:50'),
(629,	'App\\Models\\User',	73,	'shamimul.haque@webable.digital',	'6a6d96765fe9b876f05c7b4993c75f425a91ec5b0501db52dd809b7a9c4cdfb6',	'[\"*\"]',	NULL,	'2023-08-20 10:08:44',	'2023-08-20 10:08:44'),
(630,	'App\\Models\\User',	73,	'shamimul.haque@webable.digital',	'0c582231e79c5aea3e004bd32b57609b8bc030b5e5b1a05124a7b63b0c9b5808',	'[\"*\"]',	NULL,	'2023-08-20 10:08:46',	'2023-08-20 10:08:46'),
(631,	'App\\Models\\User',	90,	'nashita.iftekhar@webable.digital',	'384e0f95b105f6a9cc4d6124f523df2c0616ef880e64dae22cc82a5f8a4d2255',	'[\"*\"]',	'2023-08-21 12:19:02',	'2023-08-20 10:49:06',	'2023-08-21 12:19:02'),
(632,	'App\\Models\\User',	90,	'nashita.iftekhar@webable.digital',	'c5c3c993a9aafec9555ca644e41070a1ac40431582db6619a641ba47d75be08d',	'[\"*\"]',	NULL,	'2023-08-20 10:49:06',	'2023-08-20 10:49:06'),
(633,	'App\\Models\\User',	73,	'shamimul.haque@webable.digital',	'55c80180e01db9bb89dda95c6aa481ac9071bafe4bab694a7e3fde1b36e33021',	'[\"*\"]',	'2023-08-27 12:00:03',	'2023-08-20 11:28:27',	'2023-08-27 12:00:03'),
(634,	'App\\Models\\User',	73,	'shamimul.haque@webable.digital',	'1cb602633fa886bec24bc6292ec0808e1cafa8d2ec2bcb3f3e5a5fa0d120c173',	'[\"*\"]',	NULL,	'2023-08-20 11:28:28',	'2023-08-20 11:28:28'),
(635,	'App\\Models\\User',	68,	'admin@suparadmin.com',	'e32272379f7c2a0725fea1da1bedc8c13a71fe807a2d519c705428b530323c4c',	'[\"*\"]',	'2023-08-24 09:06:37',	'2023-08-21 05:48:03',	'2023-08-24 09:06:37'),
(636,	'App\\Models\\User',	92,	'API TOKEN',	'707a9a8a352f9e6b4f3fc9c095df58935159fe5223950405be13ac3abc3860a5',	'[\"*\"]',	'2023-08-22 07:06:07',	'2023-08-22 06:44:48',	'2023-08-22 07:06:07'),
(637,	'App\\Models\\User',	1,	'ali@gmail.com',	'd38668f8b352eb9aff9efbf689a4bf65c58556e6307e659659671e63f8d6262a',	'[\"*\"]',	NULL,	'2023-08-24 05:43:19',	'2023-08-24 05:43:19'),
(638,	'App\\Models\\User',	1,	'ali@gmail.com',	'd841aa8a8fe11ab034f9bf8ac13a44c7b24f2cdfd2b924040ab9842cbfff0b2c',	'[\"*\"]',	NULL,	'2023-08-24 05:44:08',	'2023-08-24 05:44:08'),
(639,	'App\\Models\\User',	1,	'ali@gmail.com',	'e190e6897e15f98f501a574bea4dbc52a70075c1061d0070d2c7a7ffff0a4f35',	'[\"*\"]',	NULL,	'2023-08-24 05:45:57',	'2023-08-24 05:45:57'),
(640,	'App\\Models\\User',	93,	'API TOKEN',	'ca4cfdd6e457c73dee6eb30cf8d18391c5675c583b3f41035c3d85259e799e6a',	'[\"*\"]',	'2023-08-24 06:01:44',	'2023-08-24 05:49:15',	'2023-08-24 06:01:44'),
(641,	'App\\Models\\User',	94,	'API TOKEN',	'4a7abe772187660884ef39019139dce33eb4d225ac72771423e42a21974f3774',	'[\"*\"]',	NULL,	'2023-08-27 12:48:45',	'2023-08-27 12:48:45'),
(642,	'App\\Models\\User',	95,	'API TOKEN',	'95a70b6e4f3e1fe2a5c83a1d5323f6c73d6b422ddf5d8d9f234e55197a71c6c4',	'[\"*\"]',	NULL,	'2023-08-27 13:23:32',	'2023-08-27 13:23:32');

DROP TABLE IF EXISTS `products`;
CREATE TABLE `products` (
  `id` bigint(20) unsigned NOT NULL AUTO_INCREMENT,
  `product_name` varchar(255) COLLATE utf8mb4_unicode_ci NOT NULL,
  `slug` varchar(255) COLLATE utf8mb4_unicode_ci NOT NULL,
  `category_id` bigint(20) unsigned NOT NULL,
  `sub_category_id` bigint(20) unsigned DEFAULT NULL,
  `vat_tax_id` bigint(20) unsigned DEFAULT NULL,
  `lead_time` varchar(255) COLLATE utf8mb4_unicode_ci DEFAULT NULL,
  `product_image` varchar(255) COLLATE utf8mb4_unicode_ci NOT NULL,
  `image_one` varchar(255) COLLATE utf8mb4_unicode_ci DEFAULT NULL,
  `image_two` varchar(255) COLLATE utf8mb4_unicode_ci DEFAULT NULL,
  `image_three` varchar(255) COLLATE utf8mb4_unicode_ci DEFAULT NULL,
  `image_four` varchar(255) COLLATE utf8mb4_unicode_ci DEFAULT NULL,
  `image_five` varchar(255) COLLATE utf8mb4_unicode_ci DEFAULT NULL,
  `length` varchar(255) COLLATE utf8mb4_unicode_ci DEFAULT NULL,
  `height` varchar(255) COLLATE utf8mb4_unicode_ci DEFAULT NULL,
  `width` varchar(255) COLLATE utf8mb4_unicode_ci DEFAULT NULL,
  `unit` varchar(255) COLLATE utf8mb4_unicode_ci DEFAULT NULL,
  `country_of_origin` varchar(255) COLLATE utf8mb4_unicode_ci DEFAULT NULL,
  `weight` varchar(255) COLLATE utf8mb4_unicode_ci DEFAULT NULL,
  `design_code` varchar(255) COLLATE utf8mb4_unicode_ci DEFAULT NULL,
  `flat_colour` varchar(255) COLLATE utf8mb4_unicode_ci DEFAULT NULL,
  `fragile` varchar(255) COLLATE utf8mb4_unicode_ci DEFAULT NULL,
  `fragile_charge` int(8) unsigned DEFAULT NULL,
  `description` longtext COLLATE utf8mb4_unicode_ci DEFAULT NULL,
  `status` tinyint(4) NOT NULL DEFAULT 1 COMMENT '0 for down the product',
  `is_discount` tinyint(4) NOT NULL DEFAULT 0,
  `has_variation` tinyint(4) NOT NULL DEFAULT 0 COMMENT 'check variation',
  `created_at` timestamp NULL DEFAULT NULL,
  `deleted_at` timestamp NULL DEFAULT NULL,
  `updated_at` timestamp NULL DEFAULT NULL,
  PRIMARY KEY (`id`)
) ENGINE=InnoDB DEFAULT CHARSET=utf8mb4 COLLATE=utf8mb4_unicode_ci;

INSERT INTO `products` (`id`, `product_name`, `slug`, `category_id`, `sub_category_id`, `vat_tax_id`, `lead_time`, `product_image`, `image_one`, `image_two`, `image_three`, `image_four`, `image_five`, `length`, `height`, `width`, `unit`, `country_of_origin`, `weight`, `design_code`, `flat_colour`, `fragile`, `fragile_charge`, `description`, `status`, `is_discount`, `has_variation`, `created_at`, `deleted_at`, `updated_at`) VALUES
(1,	'Pansy Cotton Voil Panjabi',	'pansy-cotton-voil-panjabi',	3,	0,	1,	NULL,	'https://res.cloudinary.com/diyc1dizi/image/upload/aranya-product-v2/K0010352FFS1202719/4_1.png',	'https://res.cloudinary.com/diyc1dizi/image/upload/aranya-product-v2/K0010352FFS1202719/4_1.png',	'https://res.cloudinary.com/diyc1dizi/image/upload/aranya-product-v2/K0010352FFS1202719/4_2.png',	'',	'',	'',	NULL,	NULL,	NULL,	NULL,	NULL,	NULL,	'K0010352FFS1202719',	NULL,	NULL,	NULL,	'The mesmerizing shades of red complimenting in this panjabi were taken from organically grown madder successively. Block print has been used on cotton voil fabric to ensure the highest amount of easement. All Aranya products are hand made, using natural fibers and materials within a fair trade framework.',	1,	0,	1,	'2023-03-22 03:14:41',	NULL,	'2023-03-22 03:14:41'),
(2,	'Deutzia baby panjabi ',	'deutzia-baby-panjabi',	3,	0,	1,	NULL,	'https://res.cloudinary.com/diyc1dizi/image/upload/aranya-product-v2/K0010372NK10194019/5_1.png',	'https://res.cloudinary.com/diyc1dizi/image/upload/aranya-product-v2/K0010372NK10194019/5_1.png',	'https://res.cloudinary.com/diyc1dizi/image/upload/aranya-product-v2/K0010372NK10194019/5_2.png',	'',	'',	'',	NULL,	NULL,	NULL,	NULL,	NULL,	NULL,	'K0010372NK10194019',	NULL,	NULL,	NULL,	'Dark designs on a light base and comfortable fabric makes it a perfect traditional wear for your child.All Aranya products are handmade, using natural materials, within a fair trade framework.',	1,	0,	1,	'2023-03-22 03:14:42',	NULL,	'2023-03-22 03:14:42'),
(3,	'Chiliad Kids Panjabi ',	'chiliad-kids-panjabi',	3,	0,	1,	NULL,	'https://res.cloudinary.com/diyc1dizi/image/upload/aranya-product-v2/K0010373NK10194019/6_1.png',	'https://res.cloudinary.com/diyc1dizi/image/upload/aranya-product-v2/K0010373NK10194019/6_1.png',	'https://res.cloudinary.com/diyc1dizi/image/upload/aranya-product-v2/K0010373NK10194019/6_2.png',	'',	'',	'',	NULL,	NULL,	NULL,	NULL,	NULL,	NULL,	'K0010373NK10194019',	NULL,	NULL,	NULL,	'Pomegranate and myrobalan have been used to bring out the olive color on this wax-printed cotton kids panjabi. All Aranya products are handmade, using natural materials, within a fair trade framework.',	1,	0,	1,	'2023-03-22 03:14:42',	NULL,	'2023-03-22 03:14:42'),
(4,	'Cistus Kids Panjabi ',	'cistus-kids-panjabi',	3,	0,	1,	NULL,	'https://res.cloudinary.com/diyc1dizi/image/upload/aranya-product-v2/K0010374NK10194019/7_1.png',	'https://res.cloudinary.com/diyc1dizi/image/upload/aranya-product-v2/K0010374NK10194019/7_1.png',	'https://res.cloudinary.com/diyc1dizi/image/upload/aranya-product-v2/K0010374NK10194019/7_2.png',	'',	'',	'',	NULL,	NULL,	NULL,	NULL,	NULL,	NULL,	'K0010374NK10194019',	NULL,	NULL,	NULL,	'Wax-printed pure cotton kids Panjabi that has been dipped in betelnut to extract the pink shade. All Aranya products are handmade, using natural materials, within a fair trade framework.',	1,	0,	1,	'2023-03-22 03:14:42',	NULL,	'2023-03-22 03:14:42'),
(5,	'Oboni Cotton Panjabi ',	'oboni-cotton-panjabi',	3,	0,	1,	NULL,	'https://res.cloudinary.com/diyc1dizi/image/upload/aranya-product-v2/K0010379NHS1204219/8_1.png',	'https://res.cloudinary.com/diyc1dizi/image/upload/aranya-product-v2/K0010379NHS1204219/8_1.png',	'https://res.cloudinary.com/diyc1dizi/image/upload/aranya-product-v2/K0010379NHS1204219/8_2.png',	'https://res.cloudinary.com/diyc1dizi/image/upload/aranya-product-v2/K0010379NHS1204219/8_2.png',	'',	'',	NULL,	NULL,	NULL,	NULL,	NULL,	NULL,	'K0010379NHS1204219',	NULL,	NULL,	NULL,	'The shiny blue in this Panjabi is taken from an enticing by indigo. Traditional tie-dyeing technique has been used on cotton and black kashmi print to create detailed intricacies. All Aranya products are hand made, using natural fibers and materials within a fair trade framework.',	1,	0,	1,	'2023-03-22 03:14:42',	NULL,	'2023-03-22 03:14:42'),
(6,	'Mantecoso Baby Cotton Fotua ',	'mantecoso-baby-cotton-fotua',	3,	0,	1,	NULL,	'https://res.cloudinary.com/diyc1dizi/image/upload/aranya-product-v2/K0020034RG11194619/9_1.png',	'https://res.cloudinary.com/diyc1dizi/image/upload/aranya-product-v2/K0020034RG11194619/9_1.png',	'https://res.cloudinary.com/diyc1dizi/image/upload/aranya-product-v2/K0020034RG11194619/9_2.png',	'https://res.cloudinary.com/diyc1dizi/image/upload/aranya-product-v2/K0020034RG11194619/9_2.png',	'',	'',	NULL,	NULL,	NULL,	NULL,	NULL,	NULL,	'K0020034RG11194619',	NULL,	NULL,	NULL,	'Myrabalan is used to produce the buttery golden color seen in this fotua. Wax print has been used to create the beautiful spiral imprints on a cotton fabric, which secures the smoothest touch to the skin.\n\\n\n\\nAll Aranya products are handmade, using natural fibers and materials within a fair-trade framework.',	1,	0,	1,	'2023-03-22 03:14:42',	NULL,	'2023-03-22 03:14:42'),
(7,	'Acacias baby fatua ',	'acacias-baby-fatua',	3,	0,	1,	NULL,	'https://res.cloudinary.com/diyc1dizi/image/upload/aranya-product-v2/K0020036RG11194519/10_1.png',	'https://res.cloudinary.com/diyc1dizi/image/upload/aranya-product-v2/K0020036RG11194519/10_1.png',	'https://res.cloudinary.com/diyc1dizi/image/upload/aranya-product-v2/K0020036RG11194519/10_2.png',	'https://res.cloudinary.com/diyc1dizi/image/upload/aranya-product-v2/K0020036RG11194519/10_2.png',	'',	'',	NULL,	NULL,	NULL,	NULL,	NULL,	NULL,	'K0020036RG11194519',	NULL,	NULL,	NULL,	'The simple and monotone combination of this outfit make it a unique traditional wear.All Aranya products are handmade, using natural materials, within a fair trade framework.',	1,	0,	1,	'2023-03-22 03:14:42',	NULL,	'2023-03-22 03:14:42'),
(8,	'Dogma kids Shirt ',	'dogma-kids-shirt',	3,	0,	1,	NULL,	'https://res.cloudinary.com/diyc1dizi/image/upload/aranya-product-v2/K0030067IJ02190719/12_2.png',	'https://res.cloudinary.com/diyc1dizi/image/upload/aranya-product-v2/K0030067IJ02190719/12_2.png',	'',	'',	'',	'',	NULL,	NULL,	NULL,	NULL,	NULL,	NULL,	'K0030067IJ02190719',	NULL,	NULL,	NULL,	'Handmade block-printed creates the beauty in this pure cotton kids Shirt with a rich appearance and with the application of Natural red and black come from the natural essence of madder and black kashmi. All Aranya products are handmade, using natural materials, within a fair trade framework.',	1,	0,	1,	'2023-03-22 03:14:42',	NULL,	'2023-03-22 03:14:42'),
(9,	'Broom baby shirt ',	'broom-baby-shirt',	3,	0,	1,	NULL,	'https://res.cloudinary.com/diyc1dizi/image/upload/aranya-product-v2/K0030072IJ03191319/13_1.png',	'https://res.cloudinary.com/diyc1dizi/image/upload/aranya-product-v2/K0030072IJ03191319/13_1.png',	'https://res.cloudinary.com/diyc1dizi/image/upload/aranya-product-v2/K0030072IJ03191319/13_2.png',	'',	'',	'',	NULL,	NULL,	NULL,	NULL,	NULL,	NULL,	'K0030072IJ03191319',	NULL,	NULL,	NULL,	'Light designs on a dark base and comfortable fabric makes it a perfect traditional wear for your child.',	1,	0,	1,	'2023-03-22 03:14:42',	NULL,	'2023-03-22 03:14:42'),
(10,	'Decumaria baby shirt ',	'decumaria-baby-shirt',	3,	0,	1,	NULL,	'https://res.cloudinary.com/diyc1dizi/image/upload/aranya-product-v2/K0030073IJ03191319/14_2.png',	'https://res.cloudinary.com/diyc1dizi/image/upload/aranya-product-v2/K0030073IJ03191319/14_2.png',	'https://res.cloudinary.com/diyc1dizi/image/upload/aranya-product-v2/K0030073IJ03191319/14_1.png',	'',	'',	'',	NULL,	NULL,	NULL,	NULL,	NULL,	NULL,	'K0030073IJ03191319',	NULL,	NULL,	NULL,	'Monotone colors and stunning designs along with a comfortable fabric makes it a perfect wear for your child.All Aranya products are handmade, using natural materials, within a fair trade framework.',	1,	0,	1,	'2023-03-22 03:14:42',	NULL,	'2023-03-22 03:14:42'),
(11,	'Dandelion baby shirt ',	'dandelion-baby-shirt',	3,	0,	1,	NULL,	'https://res.cloudinary.com/diyc1dizi/image/upload/aranya-product-v2/K0030085IJ11194419/15_1.png',	'https://res.cloudinary.com/diyc1dizi/image/upload/aranya-product-v2/K0030085IJ11194419/15_1.png',	'https://res.cloudinary.com/diyc1dizi/image/upload/aranya-product-v2/K0030085IJ11194419/15_2.png',	'',	'',	'',	NULL,	NULL,	NULL,	NULL,	NULL,	NULL,	'K0030085IJ11194419',	NULL,	NULL,	NULL,	'Light designs on a dark base and comfortable fabric makes it a perfect wear for your child.\nAll Aranya products are handmade, using natural materials, within a fair trade framework.',	1,	0,	1,	'2023-03-22 03:14:42',	NULL,	'2023-03-22 03:14:42'),
(12,	'Pansay Cotton Shirt ',	'pansay-cotton-shirt',	3,	0,	1,	NULL,	'https://res.cloudinary.com/diyc1dizi/image/upload/aranya-product-v2/K0030086IJ11194319/16_1.png',	'https://res.cloudinary.com/diyc1dizi/image/upload/aranya-product-v2/K0030086IJ11194319/16_1.png',	'https://res.cloudinary.com/diyc1dizi/image/upload/aranya-product-v2/K0030086IJ11194319/16_2.png',	'',	'',	'',	NULL,	NULL,	NULL,	NULL,	NULL,	NULL,	'K0030086IJ11194319',	NULL,	NULL,	NULL,	'The segment of characteristic color myrobalan shows brilliant golden tone in this wax-printed cotton shirt. All Aranya products are handmade, using natural fibers and materials within a fair-trade framework.',	1,	0,	1,	'2023-03-22 03:14:42',	NULL,	'2023-03-22 03:14:42'),
(13,	'Estrella Baby Cotton Voil Salwar Kameez ',	'estrella-baby-cotton-voil-salwar-kameez',	1,	8,	1,	NULL,	'https://res.cloudinary.com/diyc1dizi/image/upload/aranya-product-v2/K0050470SF04190819/17_1.png',	'https://res.cloudinary.com/diyc1dizi/image/upload/aranya-product-v2/K0050470SF04190819/17_1.png',	'https://res.cloudinary.com/diyc1dizi/image/upload/aranya-product-v2/K0050470SF04190819/17_2.png',	'',	'',	'',	NULL,	NULL,	NULL,	NULL,	NULL,	NULL,	'K0050470SF04190819',	NULL,	NULL,	NULL,	'The mesmerizing combination of the pink from betelnuts and brown from catechu gives the three pieces a subtle touch of elegance, rarely found anywhere else. Wax print has been used on cotton fabric to create the unique designs, while ensuring the highest easement.\n\\n\n\\nAll Aranya products are handmade, using natural fibers and materials within a fair-trade framework.',	1,	0,	1,	'2023-03-22 03:14:42',	NULL,	'2023-03-22 03:14:42'),
(14,	'Meghmala Linen Suit ',	'meghmala-linen-suit',	1,	8,	1,	NULL,	'https://res.cloudinary.com/diyc1dizi/image/upload/aranya-product-v2/K0050500SFE1204619/18_1.png',	'https://res.cloudinary.com/diyc1dizi/image/upload/aranya-product-v2/K0050500SFE1204619/18_1.png',	'https://res.cloudinary.com/diyc1dizi/image/upload/aranya-product-v2/K0050500SFE1204619/18_2.png',	'',	'',	'',	NULL,	NULL,	NULL,	NULL,	NULL,	NULL,	'K0050500SFE1204619',	NULL,	NULL,	NULL,	'The blue color in this salwar kameez is extracted from handpicked indigo. The Wax print has been utilized on linen fabric to create expuisite plans. All Aranya products are hand made, using natural fibers and materials within a fair trade framework.',	1,	0,	1,	'2023-03-22 03:14:43',	NULL,	'2023-03-22 03:14:43'),
(15,	'Billergia baby suits ',	'billergia-baby-suits',	1,	8,	1,	NULL,	'https://res.cloudinary.com/diyc1dizi/image/upload/aranya-product-v2/K0050501IJ12194519/19_1.png',	'https://res.cloudinary.com/diyc1dizi/image/upload/aranya-product-v2/K0050501IJ12194519/19_1.png',	'https://res.cloudinary.com/diyc1dizi/image/upload/aranya-product-v2/K0050501IJ12194519/19_2.png',	'',	'',	'',	NULL,	NULL,	NULL,	NULL,	NULL,	NULL,	'K0050501IJ12194519',	NULL,	NULL,	NULL,	'Similar tones and minimal designs of this dress greatly compliment each other. Comfortable fabric provides soothing touch for your baby\'s skin.\nAll Aranya products are handmade, using natural materials, within a fair trade framework.',	1,	0,	1,	'2023-03-22 03:14:43',	NULL,	'2023-03-22 03:14:43'),
(16,	'Aconite cotton baby suits ',	'aconite-cotton-baby-suits',	1,	8,	1,	NULL,	'https://res.cloudinary.com/diyc1dizi/image/upload/aranya-product-v2/K0050504FF12194819/20_1.png',	'https://res.cloudinary.com/diyc1dizi/image/upload/aranya-product-v2/K0050504FF12194819/20_1.png',	'https://res.cloudinary.com/diyc1dizi/image/upload/aranya-product-v2/K0050504FF12194819/20_2.png',	'',	'',	'',	NULL,	NULL,	NULL,	NULL,	NULL,	NULL,	'K0050504FF12194819',	NULL,	NULL,	NULL,	'Dual colors and minimal motifs are greatly paired with each other to create the perfect traditional piece for your baby. Cotton fabric used also provides good breathability making it good to wear all year round.\nAll Aranya products are handmade, using natural materials, within a fair trade framework.',	1,	0,	1,	'2023-03-22 03:14:43',	NULL,	'2023-03-22 03:14:43'),
(17,	'Blazing star baby suits ',	'blazing-star-baby-suits',	1,	8,	1,	NULL,	'https://res.cloudinary.com/diyc1dizi/image/upload/aranya-product-v2/K0050505FF12190620/21_1.png',	'https://res.cloudinary.com/diyc1dizi/image/upload/aranya-product-v2/K0050505FF12190620/21_1.png',	'https://res.cloudinary.com/diyc1dizi/image/upload/aranya-product-v2/K0050505FF12190620/21_2.png',	'',	'',	'',	NULL,	NULL,	NULL,	NULL,	NULL,	NULL,	'K0050505FF12190620',	NULL,	NULL,	NULL,	'Tones of blue and gray represent the rainclouds in the sky. Comfortable fabric and stunning designs make it wearable all year round.\nAll Aranya products are handmade, using natural materials, within a fair trade framework.',	1,	0,	1,	'2023-03-22 03:14:43',	NULL,	'2023-03-22 03:14:43'),
(18,	'Piscina Baby Khadi Jacket',	'piscina-baby-khadi-jacket',	3,	0,	1,	NULL,	'https://res.cloudinary.com/diyc1dizi/image/upload/aranya-product-v2/K0170029NK09193719/23_1.png',	'https://res.cloudinary.com/diyc1dizi/image/upload/aranya-product-v2/K0170029NK09193719/23_1.png',	'https://res.cloudinary.com/diyc1dizi/image/upload/aranya-product-v2/K0170029NK09193719/23_2.png',	'',	'',	'',	NULL,	NULL,	NULL,	NULL,	NULL,	NULL,	'K0170029NK09193719',	NULL,	NULL,	NULL,	'The beautiful tones of blue in this jacket are made from colors extracted from organically grown indigo. Wax print has been used on khadi fabric to make the magical patterns.\n\\n\n\\nAll Aranya products are handmade, using natural fibers and materials within a fair-trade framework.',	1,	0,	1,	'2023-03-22 03:14:43',	NULL,	'2023-03-22 03:14:43'),
(19,	'Woodland Baby Cotton Frock ',	'woodland-baby-cotton-frock',	3,	0,	1,	NULL,	'https://res.cloudinary.com/diyc1dizi/image/upload/aranya-product-v2/K0200021IJ03191219/24_1.png',	'https://res.cloudinary.com/diyc1dizi/image/upload/aranya-product-v2/K0200021IJ03191219/24_1.png',	'https://res.cloudinary.com/diyc1dizi/image/upload/aranya-product-v2/K0200021IJ03191219/24_1.png',	'',	'',	'',	NULL,	NULL,	NULL,	NULL,	NULL,	NULL,	'K0200021IJ03191219',	NULL,	NULL,	NULL,	'The earthy tones of brown in this frock are made with colors given off by organically grown catechu. Wax print is used on cotton to produce the treelike patterns and also ensuring the softest touch to the baby skin.\n\\n\n\\nAll Aranya products are handmade, using natural fibers and materials within a fair-trade framework.',	1,	0,	1,	'2023-03-22 03:14:43',	NULL,	'2023-03-22 03:14:43'),
(20,	'Ellipse Cotton Baby Frock',	'ellipse-cotton-baby-frock',	3,	0,	1,	NULL,	'https://res.cloudinary.com/diyc1dizi/image/upload/aranya-product-v2/K0200026SF03191319/43.png',	'https://res.cloudinary.com/diyc1dizi/image/upload/aranya-product-v2/K0200026SF03191319/43.png',	'https://res.cloudinary.com/diyc1dizi/image/upload/aranya-product-v2/K0200026SF03191319/44.png',	'',	'',	'',	NULL,	NULL,	NULL,	NULL,	NULL,	NULL,	'K0200026SF03191319',	NULL,	NULL,	NULL,	'The mix of red and black color in this enthusiastic baby frock is taken from the best-handpicked madder. Black kashmi print has been utilized on cotton material to create detailed intricacies. All Aranya products are hand made, using natural fibers and materials within a fair trade framework.',	1,	0,	1,	'2023-03-22 03:14:43',	NULL,	'2023-03-22 03:14:43'),
(21,	'Oval Baby Frock ',	'oval-baby-frock',	3,	0,	1,	NULL,	'https://res.cloudinary.com/diyc1dizi/image/upload/aranya-product-v2/K0200028SF04191519/26_1.png',	'https://res.cloudinary.com/diyc1dizi/image/upload/aranya-product-v2/K0200028SF04191519/26_1.png',	'https://res.cloudinary.com/diyc1dizi/image/upload/aranya-product-v2/K0200028SF04191519/26_2.png',	'',	'',	'',	NULL,	NULL,	NULL,	NULL,	NULL,	NULL,	'K0200028SF04191519',	NULL,	NULL,	NULL,	'The magnificent color in this baby Frock/dress is made from hand-plucked Indigo which is resembles blue shades. Wax print has been used on cotton fabric to produce the designs. All Aranya products are handmade, using natural fibers and materials within a fair-trade framework.',	1,	0,	1,	'2023-03-22 03:14:43',	NULL,	'2023-03-22 03:14:43'),
(22,	'Summer Fruits Baby Cotton Frock ',	'summer-fruits-baby-cotton-frock',	3,	0,	1,	NULL,	'https://res.cloudinary.com/diyc1dizi/image/upload/aranya-product-v2/K0200029IJ04191519/27_1.png',	'https://res.cloudinary.com/diyc1dizi/image/upload/aranya-product-v2/K0200029IJ04191519/27_1.png',	'https://res.cloudinary.com/diyc1dizi/image/upload/aranya-product-v2/K0200029IJ04191519/27_2.png',	'',	'',	'',	NULL,	NULL,	NULL,	NULL,	NULL,	NULL,	'K0200029IJ04191519',	NULL,	NULL,	NULL,	'The off white color of this frock gives out a vibe of everything pure and peaceful. This frock has been crafted with cotton material to ensure the highest comfort for your baby.\n\\n\n\\nAll Aranya products are handmade, using natural fibers and materials within a fair-trade framework.',	1,	0,	1,	'2023-03-22 03:14:43',	NULL,	'2023-03-22 03:14:43'),
(23,	'Tierra Baby Cotton Voil Frock ',	'tierra-baby-cotton-voil-frock',	3,	0,	1,	NULL,	'https://res.cloudinary.com/diyc1dizi/image/upload/aranya-product-v2/K0200035FF07192819/28_2.png',	'https://res.cloudinary.com/diyc1dizi/image/upload/aranya-product-v2/K0200035FF07192819/28_2.png',	'https://res.cloudinary.com/diyc1dizi/image/upload/aranya-product-v2/K0200035FF07192819/28_2.png',	'',	'',	'',	NULL,	NULL,	NULL,	NULL,	NULL,	NULL,	'K0200035FF07192819',	NULL,	NULL,	NULL,	'This graceful baby frock has been dyed with the purest brown extracted from organically grown catechu. Plain dye technique has been used to immerse the color on a cotton material to provide the utmost comfort.\n\\n\n\\nAll Aranya products are handmade, using natural fibers and materials within a fair-trade framework.',	1,	0,	1,	'2023-03-22 03:14:43',	NULL,	'2023-03-22 03:14:43'),
(24,	'Anahi Baby Frock ',	'anahi-baby-frock',	3,	0,	1,	NULL,	'https://res.cloudinary.com/diyc1dizi/image/upload/aranya-product-v2/K0200037SF07192819/29_1.png',	'https://res.cloudinary.com/diyc1dizi/image/upload/aranya-product-v2/K0200037SF07192819/29_1.png',	'https://res.cloudinary.com/diyc1dizi/image/upload/aranya-product-v2/K0200037SF07192819/29_2.png',	'',	'',	'',	NULL,	NULL,	NULL,	NULL,	NULL,	NULL,	'K0200037SF07192819',	NULL,	NULL,	NULL,	'The eye-catching brown color of this frock is exclusively taken from organically grown catechu. The mesmerizing designs are made with wax print on cotton fabric, providing the best of both easement and beauty.\n\\n\n\\nAll Aranya products are handmade, using natural fibers and materials within a fair-trade framework.',	1,	0,	1,	'2023-03-22 03:14:43',	NULL,	'2023-03-22 03:14:43'),
(25,	'Espumosa Baby Cotton Voil Frock ',	'espumosa-baby-cotton-voil-frock',	3,	0,	1,	NULL,	'https://res.cloudinary.com/diyc1dizi/image/upload/aranya-product-v2/K0200044SF07193219/30_2.png',	'https://res.cloudinary.com/diyc1dizi/image/upload/aranya-product-v2/K0200044SF07193219/30_2.png',	'https://res.cloudinary.com/diyc1dizi/image/upload/aranya-product-v2/K0200044SF07193219/30_1.png',	'',	'',	'',	NULL,	NULL,	NULL,	NULL,	NULL,	NULL,	'K0200044SF07193219',	NULL,	NULL,	NULL,	'The enchanting shades of blue in this frock are all extracted from organically grown indigo. Wax print has been used on cotton fabric to make the captivating imprints and also securing the most easement.\n\\n\n\\nAll Aranya products are handmade, using natural fibers and materials within a fair-trade framework.',	1,	0,	1,	'2023-03-22 03:14:43',	NULL,	'2023-03-22 03:14:43'),
(26,	'Avro Cotton Baby Frock ',	'avro-cotton-baby-frock',	3,	0,	1,	NULL,	'https://res.cloudinary.com/diyc1dizi/image/upload/aranya-product-v2/K0200046SF07193119/31_1.png',	'https://res.cloudinary.com/diyc1dizi/image/upload/aranya-product-v2/K0200046SF07193119/31_1.png',	'https://res.cloudinary.com/diyc1dizi/image/upload/aranya-product-v2/K0200046SF07193119/31_2.png',	'',	'',	'',	NULL,	NULL,	NULL,	NULL,	NULL,	NULL,	'K0200046SF07193119',	NULL,	NULL,	NULL,	'The magnificent color in this baby forck is made from handplucked promegranate and myrabalan which is resemble of olive. traditional kantha stithc has been used on cotton fabric to produce the designs. All Aranya products are handmade, using natural fibers and materials within a fair-trade framework.',	1,	0,	1,	'2023-03-22 03:14:43',	NULL,	'2023-03-22 03:14:43'),
(27,	'Kadambini Cotton Frock ',	'kadambini-cotton-frock',	3,	0,	1,	NULL,	'https://res.cloudinary.com/diyc1dizi/image/upload/aranya-product-v2/K0200049FF07193119/32_2.png',	'https://res.cloudinary.com/diyc1dizi/image/upload/aranya-product-v2/K0200049FF07193119/32_2.png',	'https://res.cloudinary.com/diyc1dizi/image/upload/aranya-product-v2/K0200049FF07193119/32_1.png',	'',	'',	'',	NULL,	NULL,	NULL,	NULL,	NULL,	NULL,	'K0200049FF07193119',	NULL,	NULL,	NULL,	'The different shades of a heavenly blue in this baby frock are all extracted from organic indigo. Wax print has been used over cotton fabric to produce the cloudy vibrance. All Aranya products are handmade, using natural fibers and materials within a fair-trade framework.',	1,	0,	1,	'2023-03-22 03:14:43',	NULL,	'2023-03-22 03:14:43'),
(28,	'Kalpis Baby Frock ',	'kalpis-baby-frock',	3,	0,	1,	NULL,	'https://res.cloudinary.com/diyc1dizi/image/upload/aranya-product-v2/K0200050FF07193119/33_2.png',	'https://res.cloudinary.com/diyc1dizi/image/upload/aranya-product-v2/K0200050FF07193119/33_2.png',	'https://res.cloudinary.com/diyc1dizi/image/upload/aranya-product-v2/K0200050FF07193119/33_1.png',	'',	'',	'',	NULL,	NULL,	NULL,	NULL,	NULL,	NULL,	'K0200050FF07193119',	NULL,	NULL,	NULL,	'The sweet color in this baby forck/dress is made from hand-plucked batelnut which is resembles pink tone. Traditional wax print has been used on cotton fabric to produce the designs. All Aranya products are handmade, using natural fibers and materials within a fair-trade framework.',	1,	0,	1,	'2023-03-22 03:14:43',	NULL,	'2023-03-22 03:14:43'),
(29,	'Alyssa Cotton Baby Frock ',	'alyssa-cotton-baby-frock',	3,	0,	1,	NULL,	'https://res.cloudinary.com/diyc1dizi/image/upload/aranya-product-v2/K0200053IJ08193319/34_1.png',	'https://res.cloudinary.com/diyc1dizi/image/upload/aranya-product-v2/K0200053IJ08193319/34_1.png',	'https://res.cloudinary.com/diyc1dizi/image/upload/aranya-product-v2/K0200053IJ08193319/34_2.png',	'',	'',	'',	NULL,	NULL,	NULL,	NULL,	NULL,	NULL,	'K0200053IJ08193319',	NULL,	NULL,	NULL,	'Indigo is used to produce the blue color seen in this frock. Wax-print is used beautifully on a cotton fabric, which secures the smoothest touch to the skin. All Aranya products are handmade, using natural fibers and materials within a fair-trade framework.',	1,	0,	1,	'2023-03-22 03:14:43',	NULL,	'2023-03-22 03:14:43'),
(30,	'Peach Vibes Baby Silk Kantha Frock ',	'peach-vibes-baby-silk-kantha-frock',	3,	0,	1,	NULL,	'https://res.cloudinary.com/diyc1dizi/image/upload/aranya-product-v2/K0200056SF11194219/35_2.png',	'https://res.cloudinary.com/diyc1dizi/image/upload/aranya-product-v2/K0200056SF11194219/35_2.png',	'https://res.cloudinary.com/diyc1dizi/image/upload/aranya-product-v2/K0200056SF11194219/35_1.png',	'',	'',	'',	NULL,	NULL,	NULL,	NULL,	NULL,	NULL,	'K0200056SF11194219',	NULL,	NULL,	NULL,	'The soothing red color seen in this frock is extracted from organically grown madder. Kanthastitch hasbeen used on allover dyed silk to give a slight touch of the Bengali traditions.\n\\n\n\\nAll Aranya products are handmade, using natural fibers and materials within a fair-trade framework.',	1,	0,	1,	'2023-03-22 03:14:43',	NULL,	'2023-03-22 03:14:43'),
(31,	'Blue eyed grass frock ',	'blue-eyed-grass-frock',	3,	0,	1,	NULL,	'https://res.cloudinary.com/diyc1dizi/image/upload/aranya-product-v2/K021041NKE1181918/11_1.png',	'https://res.cloudinary.com/diyc1dizi/image/upload/aranya-product-v2/K021041NKE1181918/11_1.png',	'https://res.cloudinary.com/diyc1dizi/image/upload/aranya-product-v2/K021041NKE1181918/11_2.png',	'',	'',	'',	NULL,	NULL,	NULL,	NULL,	NULL,	NULL,	'K021041NKE1181918',	NULL,	NULL,	NULL,	'Monotone colors and stunning designs along with a comfortable fabric makes it a perfect wear for your child.',	1,	0,	1,	'2023-03-22 03:14:44',	NULL,	'2023-03-22 03:14:44'),
(32,	'Freesia baby frock ',	'freesia-baby-frock',	3,	0,	1,	NULL,	'https://res.cloudinary.com/diyc1dizi/image/upload/aranya-product-v2/K0530002IJ12194619/36_1.png',	'https://res.cloudinary.com/diyc1dizi/image/upload/aranya-product-v2/K0530002IJ12194619/36_1.png',	'https://res.cloudinary.com/diyc1dizi/image/upload/aranya-product-v2/K0530002IJ12194619/36_2.png',	'',	'',	'',	NULL,	NULL,	NULL,	NULL,	NULL,	NULL,	'K0530002IJ12194619',	NULL,	NULL,	NULL,	'Monotone colors and stunning designs along with a comfortable fabric makes it a perfect wear for your child.',	1,	0,	1,	'2023-03-22 03:14:44',	NULL,	'2023-03-22 03:14:44'),
(33,	'Cosmo baby frock ',	'cosmo-baby-frock',	3,	0,	1,	NULL,	'https://res.cloudinary.com/diyc1dizi/image/upload/aranya-product-v2/K0540001SF04193119/37_1.png',	'https://res.cloudinary.com/diyc1dizi/image/upload/aranya-product-v2/K0540001SF04193119/37_1.png',	'https://res.cloudinary.com/diyc1dizi/image/upload/aranya-product-v2/K0540001SF04193119/37_2.png',	'https://res.cloudinary.com/diyc1dizi/image/upload/aranya-product-v2/K0540001SF04193119/37_3.png',	'https://res.cloudinary.com/diyc1dizi/image/upload/aranya-product-v2/K0540001SF04193119/37_4.png',	'',	NULL,	NULL,	NULL,	NULL,	NULL,	NULL,	'K0540001SF04193119',	NULL,	NULL,	NULL,	'This dual color and vividly designed combination of dresses can be the best choice for your baby. No harmful colors and the smoothest touch to their skin.</span>\nAll Aranya products are handmade, using natural materials, within a fair trade framework.',	1,	0,	1,	'2023-03-22 03:14:44',	NULL,	'2023-03-22 03:14:44'),
(34,	'Mimosa baby frock ',	'mimosa-baby-frock',	3,	0,	1,	NULL,	'https://res.cloudinary.com/diyc1dizi/image/upload/aranya-product-v2/K0540003SF07193119/39_1.png',	'https://res.cloudinary.com/diyc1dizi/image/upload/aranya-product-v2/K0540003SF07193119/39_1.png',	'https://res.cloudinary.com/diyc1dizi/image/upload/aranya-product-v2/K0540003SF07193119/39_2.png',	'https://res.cloudinary.com/diyc1dizi/image/upload/aranya-product-v2/K0540003SF07193119/39_3.png',	'https://res.cloudinary.com/diyc1dizi/image/upload/aranya-product-v2/K0540003SF07193119/39_4.png',	'',	NULL,	NULL,	NULL,	NULL,	NULL,	NULL,	'K0540003SF07193119',	NULL,	NULL,	NULL,	'This dual color and vividly designed combination of dresses can be the best choice for your baby. No harmful colors and the smoothest touch to their skin.\nAll Aranya products are handmade, using natural materials, within a fair trade framework.',	1,	0,	1,	'2023-03-22 03:14:44',	NULL,	'2023-03-22 03:14:44'),
(35,	'Pansies baby frock',	'pansies-baby-frock',	3,	0,	1,	NULL,	'https://res.cloudinary.com/diyc1dizi/image/upload/aranya-product-v2/K0540004IJ07193119/40_1.png',	'https://res.cloudinary.com/diyc1dizi/image/upload/aranya-product-v2/K0540004IJ07193119/40_1.png',	'https://res.cloudinary.com/diyc1dizi/image/upload/aranya-product-v2/K0540004IJ07193119/40_2.png',	'https://res.cloudinary.com/diyc1dizi/image/upload/aranya-product-v2/K0540004IJ07193119/40_3.png',	'https://res.cloudinary.com/diyc1dizi/image/upload/aranya-product-v2/K0540004IJ07193119/40_4.png',	'',	NULL,	NULL,	NULL,	NULL,	NULL,	NULL,	'K0540004IJ07193119',	NULL,	NULL,	NULL,	'This color and vividly designed combination of dresses can be the best choice for your baby. No harmful colors and the smoothest touch to their skin.\nAll Aranya products are handmade, using natural materials, within a fair trade framework.',	1,	0,	1,	'2023-03-22 03:14:44',	NULL,	'2023-03-22 03:14:44'),
(36,	'Space Yonder Cotton Panjabi ',	'space-yonder-cotton-panjabi',	2,	13,	1,	NULL,	'https://res.cloudinary.com/diyc1dizi/image/upload/aranya-product-v2/M0010164AR0817/42_1.png',	'https://res.cloudinary.com/diyc1dizi/image/upload/aranya-product-v2/M0010164AR0817/42_1.png',	'https://res.cloudinary.com/diyc1dizi/image/upload/aranya-product-v2/M0010164AR0817/42_2.png',	'https://res.cloudinary.com/diyc1dizi/image/upload/aranya-product-v2/M0010164AR0817/42_3.png',	'',	'',	NULL,	NULL,	NULL,	NULL,	NULL,	NULL,	'M0010164AR0817',	NULL,	NULL,	NULL,	'Teal and Black coloured Cotton Panjabi dyed from Indigo, Myrabalan and Kashmi. A layer of rich detail has been added by Block-printed designs.\n\\n\n\\nAll Aranya products are handmade, using natural materials, within a fair trade framework.',	1,	0,	1,	'2023-03-22 03:14:44',	NULL,	'2023-03-22 03:14:44'),
(37,	'Spinel Cotton Voil Panjabi ',	'spinel-cotton-voil-panjabi',	2,	13,	1,	NULL,	'https://res.cloudinary.com/diyc1dizi/image/upload/aranya-product-v2/M0010275SMA08182218/43_1.png',	'https://res.cloudinary.com/diyc1dizi/image/upload/aranya-product-v2/M0010275SMA08182218/43_1.png',	'https://res.cloudinary.com/diyc1dizi/image/upload/aranya-product-v2/M0010275SMA08182218/43_2.png',	'https://res.cloudinary.com/diyc1dizi/image/upload/aranya-product-v2/M0010275SMA08182218/43_4.png',	'https://res.cloudinary.com/diyc1dizi/image/upload/aranya-product-v2/M0010275SMA08182218/43_3.png',	'',	NULL,	NULL,	NULL,	NULL,	NULL,	NULL,	'M0010275SMA08182218',	NULL,	NULL,	NULL,	'The red shade on this block printed voil cotton Panjabi creates a festive look.\nAll Aranya products are handmade, using natural materials, within a fair trade framework.',	1,	0,	1,	'2023-03-22 03:14:44',	NULL,	'2023-03-22 03:14:44'),
(38,	'Cadbury Cotton Panjabi ',	'cadbury-cotton-panjabi',	2,	13,	1,	NULL,	'https://res.cloudinary.com/diyc1dizi/image/upload/aranya-product-v2/M0010278RGE2182218/44_1.png',	'https://res.cloudinary.com/diyc1dizi/image/upload/aranya-product-v2/M0010278RGE2182218/44_1.png',	'https://res.cloudinary.com/diyc1dizi/image/upload/aranya-product-v2/M0010278RGE2182218/44_2.png',	'https://res.cloudinary.com/diyc1dizi/image/upload/aranya-product-v2/M0010278RGE2182218/44_3.png',	'',	'',	NULL,	NULL,	NULL,	NULL,	NULL,	NULL,	'M0010278RGE2182218',	NULL,	NULL,	NULL,	'Catechu is the natural dye ingredient which is used on this brown cotton Panjabi. It has been furnished with a shibori plain dyed.\n\\n\n\\nAll Aranya products are handmade, using natural fibres and materials, within a fair trade framework.',	1,	0,	1,	'2023-03-22 03:14:44',	NULL,	'2023-03-22 03:14:44'),
(39,	'Jolpaiguri Cotton Panjabi ',	'jolpaiguri-cotton-panjabi',	2,	13,	1,	NULL,	'https://res.cloudinary.com/diyc1dizi/image/upload/aranya-product-v2/M0010289MA08181119/45_1.png',	'https://res.cloudinary.com/diyc1dizi/image/upload/aranya-product-v2/M0010289MA08181119/45_1.png',	'https://res.cloudinary.com/diyc1dizi/image/upload/aranya-product-v2/M0010289MA08181119/45_2.png',	'https://res.cloudinary.com/diyc1dizi/image/upload/aranya-product-v2/M0010289MA08181119/45_3.png',	'https://res.cloudinary.com/diyc1dizi/image/upload/aranya-product-v2/M0010289MA08181119/45_4.png',	'',	NULL,	NULL,	NULL,	NULL,	NULL,	NULL,	'M0010289MA08181119',	NULL,	NULL,	NULL,	'Pomegranate &amp; Myrabalan are a few natural dye ingredients which were applied through wax resist &amp; plain dyed to achieve olive &amp; golden textures on this cotton Panjabi.\n\\n\n\\nAll Aranya products are handmade, using natural fibres and materials, within a fair trade framework.',	1,	0,	1,	'2023-03-22 03:14:44',	NULL,	'2023-03-22 03:14:44'),
(40,	'Juan Mens Panjabi',	'juan-mens-panjabi',	2,	13,	1,	NULL,	'https://res.cloudinary.com/diyc1dizi/image/upload/aranya-product-v2/M0010295RG0718/46.png',	'https://res.cloudinary.com/diyc1dizi/image/upload/aranya-product-v2/M0010295RG0718/46.png',	'',	'',	'',	'',	NULL,	NULL,	NULL,	NULL,	NULL,	NULL,	'M0010295RG0718',	NULL,	NULL,	NULL,	'The eye-catching brown seen in this panjabi is extracted from handpicked catechu. The elegant motifs are made using pipe tie dye on cotton fabric, providing the highest comfort.\n\\n\n\\nAll Aranya products are handmade, using natural fibers and materials within a fair-trade framework.',	1,	0,	1,	'2023-03-22 03:14:44',	NULL,	'2023-03-22 03:14:44'),
(41,	'Cherubic Cotton Voil Slim Fit Panjabi ',	'cherubic-cotton-voil-slim-fit-panjabi',	2,	13,	1,	NULL,	'https://res.cloudinary.com/diyc1dizi/image/upload/aranya-product-v2/M0010316RGS1193018/47_1.png',	'https://res.cloudinary.com/diyc1dizi/image/upload/aranya-product-v2/M0010316RGS1193018/47_1.png',	'https://res.cloudinary.com/diyc1dizi/image/upload/aranya-product-v2/M0010316RGS1193018/47_2.png',	'https://res.cloudinary.com/diyc1dizi/image/upload/aranya-product-v2/M0010316RGS1193018/47_3.png',	'',	'',	NULL,	NULL,	NULL,	NULL,	NULL,	NULL,	'M0010316RGS1193018',	NULL,	NULL,	NULL,	'The calming red color in this panjabi is extracted from organically grown madder, and the color is printed traditionally on cotton voil fabric, which ensures the utmost comfort in the scorching heat of summer.\n\\n\n\\nAll Aranya products are hand made, using natural fibers and materials within a fair trade framework.',	1,	0,	1,	'2023-03-22 03:14:44',	NULL,	'2023-03-22 03:14:44'),
(42,	'Twilight Eri Cotton Panjabi ',	'twilight-eri-cotton-panjabi',	2,	13,	1,	NULL,	'https://res.cloudinary.com/diyc1dizi/image/upload/aranya-product-v2/M0010338IJE1191519/48_3.png',	'https://res.cloudinary.com/diyc1dizi/image/upload/aranya-product-v2/M0010338IJE1191519/48_3.png',	'https://res.cloudinary.com/diyc1dizi/image/upload/aranya-product-v2/M0010338IJE1191519/48_1.png',	'https://res.cloudinary.com/diyc1dizi/image/upload/aranya-product-v2/M0010338IJE1191519/48_2.png',	'',	'',	NULL,	NULL,	NULL,	NULL,	NULL,	NULL,	'M0010338IJE1191519',	NULL,	NULL,	NULL,	'Wax printed design has been outlined on this Enri cotton Panjabi. Madder &amp; Myrabalan were used to flourish it\'s Red &amp; Gray Colors.\nEvery Aranya product is made from natural materials using craft techniques, Align with in a fair trade frame work.',	1,	0,	1,	'2023-03-22 03:14:44',	NULL,	'2023-03-22 03:14:44'),
(43,	'Teakwood Eri Cotton Panjabi ',	'teakwood-eri-cotton-panjabi',	2,	13,	1,	NULL,	'https://res.cloudinary.com/diyc1dizi/image/upload/aranya-product-v2/M0010342FF04191819/49_2.png',	'https://res.cloudinary.com/diyc1dizi/image/upload/aranya-product-v2/M0010342FF04191819/49_2.png',	'https://res.cloudinary.com/diyc1dizi/image/upload/aranya-product-v2/M0010342FF04191819/49_1.png',	'https://res.cloudinary.com/diyc1dizi/image/upload/aranya-product-v2/M0010342FF04191819/49_3.png',	'https://res.cloudinary.com/diyc1dizi/image/upload/aranya-product-v2/M0010342FF04191819/49_4.png',	'',	NULL,	NULL,	NULL,	NULL,	NULL,	NULL,	'M0010342FF04191819',	NULL,	NULL,	NULL,	'The natural woddem vibe is the individuallity of this panjabi which is created by natural dye and kantha stitch work.All Aranya products are handmade, using natural materials, within a fair trade framework. .',	1,	0,	1,	'2023-03-22 03:14:44',	NULL,	'2023-03-22 03:14:44'),
(44,	'Nandan Eri Silk Kantha Panjabi ',	'nandan-eri-silk-kantha-panjabi',	2,	13,	1,	NULL,	'https://res.cloudinary.com/diyc1dizi/image/upload/aranya-product-v2/M0010343IJ05191819/50_1.png',	'https://res.cloudinary.com/diyc1dizi/image/upload/aranya-product-v2/M0010343IJ05191819/50_1.png',	'https://res.cloudinary.com/diyc1dizi/image/upload/aranya-product-v2/M0010343IJ05191819/50_2.png',	'',	'',	'',	NULL,	NULL,	NULL,	NULL,	NULL,	NULL,	'M0010343IJ05191819',	NULL,	NULL,	NULL,	'The traditional way of dying Indigo and myrabalan is used to resemble the blue and gray color in this endi silk panjabi. Kantha stitch has been used on the placket to give a touch of elegance.\n\\n\n\\nAll Aranya products are handmade, using natural fibers and materials within a fair-trade framework.',	1,	0,	1,	'2023-03-22 03:14:44',	NULL,	'2023-03-22 03:14:44'),
(45,	'Begonia Eri Cotton Panjabi ',	'begonia-eri-cotton-panjabi',	2,	13,	1,	NULL,	'https://res.cloudinary.com/diyc1dizi/image/upload/aranya-product-v2/M0010344MA05194719/51_1.png',	'https://res.cloudinary.com/diyc1dizi/image/upload/aranya-product-v2/M0010344MA05194719/51_1.png',	'https://res.cloudinary.com/diyc1dizi/image/upload/aranya-product-v2/M0010344MA05194719/51_2.png',	'https://res.cloudinary.com/diyc1dizi/image/upload/aranya-product-v2/M0010344MA05194719/51_3.png',	'https://res.cloudinary.com/diyc1dizi/image/upload/aranya-product-v2/M0010344MA05194719/51_4.png',	'',	NULL,	NULL,	NULL,	NULL,	NULL,	NULL,	'M0010344MA05194719',	NULL,	NULL,	NULL,	'A balance of madder were used to bring out the Red colour . This Enri cotton panjabi was designed with plain dye technique to perish its natural outlook.\n\\n\n\\nUsing natural materials, Full hand-made Aranya\'s products are align within fair trade framework.',	1,	0,	1,	'2023-03-22 03:14:44',	NULL,	'2023-03-22 03:14:44'),
(46,	'Empyrean Cotton Panjabi ',	'empyrean-cotton-panjabi',	2,	13,	1,	NULL,	'https://res.cloudinary.com/diyc1dizi/image/upload/aranya-product-v2/M0010344MA05194819/52_1.png',	'https://res.cloudinary.com/diyc1dizi/image/upload/aranya-product-v2/M0010344MA05194819/52_1.png',	'https://res.cloudinary.com/diyc1dizi/image/upload/aranya-product-v2/M0010344MA05194819/52_2.png',	'',	'',	'',	NULL,	NULL,	NULL,	NULL,	NULL,	NULL,	'M0010344MA05194819',	NULL,	NULL,	NULL,	'Pieces from nature, Catechu &amp; Khasmi were used to bring out the Brown &amp; Black colours on this pure Cotton Panjabi. Block print technique added an elegant outlook on its design.\nEvery Aranya product is made from natural materials using craft techniques, align within a fair trade framework.',	1,	0,	1,	'2023-03-22 03:14:44',	NULL,	'2023-03-22 03:14:44'),
(47,	'Alder Eri Cotton Panjabi ',	'alder-eri-cotton-panjabi',	2,	13,	1,	NULL,	'https://res.cloudinary.com/diyc1dizi/image/upload/aranya-product-v2/M0010348FF06194819/53_1.png',	'https://res.cloudinary.com/diyc1dizi/image/upload/aranya-product-v2/M0010348FF06194819/53_1.png',	'https://res.cloudinary.com/diyc1dizi/image/upload/aranya-product-v2/M0010348FF06194819/53_2.png',	'https://res.cloudinary.com/diyc1dizi/image/upload/aranya-product-v2/M0010348FF06194819/53_3.png',	'',	'',	NULL,	NULL,	NULL,	NULL,	NULL,	NULL,	'M0010348FF06194819',	NULL,	NULL,	NULL,	'Wax printed design has been outlined on this enri cotton Panjabi. Pomegranate &amp; Myrabalan were used to flourish it\'s olive Colors.\nEvery Aranya product is made from natural materials using craft techniques, Align with in a fair trade frame work.',	1,	0,	1,	'2023-03-22 03:14:44',	NULL,	'2023-03-22 03:14:44'),
(48,	'Sibyr Eri Silk Panjabi ',	'sibyr-eri-silk-panjabi',	2,	13,	1,	NULL,	'https://res.cloudinary.com/diyc1dizi/image/upload/aranya-product-v2/M0010354SF07192719/54_1.png',	'https://res.cloudinary.com/diyc1dizi/image/upload/aranya-product-v2/M0010354SF07192719/54_1.png',	'https://res.cloudinary.com/diyc1dizi/image/upload/aranya-product-v2/M0010354SF07192719/54_2.png',	'https://res.cloudinary.com/diyc1dizi/image/upload/aranya-product-v2/M0010354SF07192719/54_3.png',	'',	'',	NULL,	NULL,	NULL,	NULL,	NULL,	NULL,	'M0010354SF07192719',	NULL,	NULL,	NULL,	'Block printed authentic silk panjabi, that has been colored with sagupast for the dark shade. All Aranya products are hand made, using natural fibers and materials within a fair trade framework.\n\\n',	1,	0,	1,	'2023-03-22 03:14:44',	NULL,	'2023-03-22 03:14:44'),
(49,	'Comfy Eri Cotton Panjabi ',	'comfy-eri-cotton-panjabi',	2,	13,	1,	NULL,	'https://res.cloudinary.com/diyc1dizi/image/upload/aranya-product-v2/M0010356SF07193219/55_1.png',	'https://res.cloudinary.com/diyc1dizi/image/upload/aranya-product-v2/M0010356SF07193219/55_1.png',	'https://res.cloudinary.com/diyc1dizi/image/upload/aranya-product-v2/M0010356SF07193219/55_2.png',	'https://res.cloudinary.com/diyc1dizi/image/upload/aranya-product-v2/M0010356SF07193219/55_3.png',	'https://res.cloudinary.com/diyc1dizi/image/upload/aranya-product-v2/M0010356SF07193219/55_4.png',	'',	NULL,	NULL,	NULL,	NULL,	NULL,	NULL,	'M0010356SF07193219',	NULL,	NULL,	NULL,	'Catechu has been used to derive brown colour on this Endi Cotton Panjabi.TieDye technique was used to amplify it\'s bold design.\n\\n\n\\nAll Aranya products are handmade, using natural materials, within a fair trade framework.',	1,	0,	1,	'2023-03-22 03:14:44',	NULL,	'2023-03-22 03:14:44'),
(50,	'Mellow Viscose Panjabi ',	'mellow-viscose-panjabi',	2,	13,	1,	NULL,	'https://res.cloudinary.com/diyc1dizi/image/upload/aranya-product-v2/M0010359IJS1203619/56_1.png',	'https://res.cloudinary.com/diyc1dizi/image/upload/aranya-product-v2/M0010359IJS1203619/56_1.png',	'https://res.cloudinary.com/diyc1dizi/image/upload/aranya-product-v2/M0010359IJS1203619/56_2.png',	'https://res.cloudinary.com/diyc1dizi/image/upload/aranya-product-v2/M0010359IJS1203619/56_3.png',	'https://res.cloudinary.com/diyc1dizi/image/upload/aranya-product-v2/M0010359IJS1203619/56_4.png',	'',	NULL,	NULL,	NULL,	NULL,	NULL,	NULL,	'M0010359IJS1203619',	NULL,	NULL,	NULL,	'Classic viscose fabric Panjabi that has been blocked wax print for the exquisite designs and naturally dyed with myrobalan for the brilliant golden tones. All Aranya products are hand-made, using natural fibers and materials within a fair trade framework.',	1,	0,	1,	'2023-03-22 03:14:44',	NULL,	'2023-03-22 03:14:44'),
(51,	'Trucage Eri Cotton Panjabi',	'trucage-eri-cotton-panjabi',	2,	13,	1,	NULL,	'https://res.cloudinary.com/diyc1dizi/image/upload/aranya-product-v2/M0010365SRS1204019/58_1.png',	'https://res.cloudinary.com/diyc1dizi/image/upload/aranya-product-v2/M0010365SRS1204019/58_1.png',	'https://res.cloudinary.com/diyc1dizi/image/upload/aranya-product-v2/M0010365SRS1204019/58_2.png',	'https://res.cloudinary.com/diyc1dizi/image/upload/aranya-product-v2/M0010365SRS1204019/58_3.png',	'',	'',	NULL,	NULL,	NULL,	NULL,	NULL,	NULL,	'M0010365SRS1204019',	NULL,	NULL,	NULL,	'The magnificent black color in this Panjabi has been extracted from myrobalan. Plain dye cotton fabric with a dynamic touch of wax print on the placket. All Aranya products are handmade, using natural fibers and materials within a fair-trade framework.',	1,	0,	1,	'2023-03-22 03:14:44',	NULL,	'2023-03-22 03:14:44'),
(52,	'Brown Fantasia  Eri Cotton Panjabi ',	'brown-fantasia-eri-cotton-panjabi',	2,	13,	1,	NULL,	'https://res.cloudinary.com/diyc1dizi/image/upload/aranya-product-v2/M0010367IJS1203919/59_1.png',	'https://res.cloudinary.com/diyc1dizi/image/upload/aranya-product-v2/M0010367IJS1203919/59_1.png',	'https://res.cloudinary.com/diyc1dizi/image/upload/aranya-product-v2/M0010367IJS1203919/59_2.png',	'https://res.cloudinary.com/diyc1dizi/image/upload/aranya-product-v2/M0010367IJS1203919/59_3.png',	'',	'',	NULL,	NULL,	NULL,	NULL,	NULL,	NULL,	'M0010367IJS1203919',	NULL,	NULL,	NULL,	'Pieces from nature, Catechu were used to bring out the Brown colours on this enri Cotton Panjabi. Plain dye technique added an elegant outlook on it\'s design.\nEvery Aranya product is made from natural materials using craft techniques, align within a fair trade framework.',	1,	0,	1,	'2023-03-22 03:14:45',	NULL,	'2023-03-22 03:14:45'),
(53,	'Aria Eri Cotton Panjabi ',	'aria-eri-cotton-panjabi',	2,	13,	1,	NULL,	'https://res.cloudinary.com/diyc1dizi/image/upload/aranya-product-v2/M0010383IJE1204419/60_2.png',	'https://res.cloudinary.com/diyc1dizi/image/upload/aranya-product-v2/M0010383IJE1204419/60_2.png',	'https://res.cloudinary.com/diyc1dizi/image/upload/aranya-product-v2/M0010383IJE1204419/60_1.png',	'',	'',	'',	NULL,	NULL,	NULL,	NULL,	NULL,	NULL,	'M0010383IJE1204419',	NULL,	NULL,	NULL,	'This Panjabi gets its exclusive golden color from a mixture of colors given off by myrabalan. Karchupi has been applied on the neck with plain dye on eri cotton fabric. All Aranya products are handmade, using natural fibers and materials within a fair-trade framework.',	1,	0,	1,	'2023-03-22 03:14:45',	NULL,	'2023-03-22 03:14:45'),
(54,	'Rhodonite cotton panjabi ',	'rhodonite-cotton-panjabi',	2,	13,	1,	NULL,	'https://res.cloudinary.com/diyc1dizi/image/upload/aranya-product-v2/M0010393RG02200820/61_1.png',	'https://res.cloudinary.com/diyc1dizi/image/upload/aranya-product-v2/M0010393RG02200820/61_1.png',	'https://res.cloudinary.com/diyc1dizi/image/upload/aranya-product-v2/M0010393RG02200820/61_2.png',	'https://res.cloudinary.com/diyc1dizi/image/upload/aranya-product-v2/M0010393RG02200820/61_4.png',	'',	'',	NULL,	NULL,	NULL,	NULL,	NULL,	NULL,	'M0010393RG02200820',	NULL,	NULL,	NULL,	'The colorful intriacies of this panjabi stand out like no other. With black and blue colors contrasting with the yellow placket paired with cotton fabric, it is the perfect wear for any traditional occasion.\nAll Aranya products are handmade, using natural materials, within a fair trade framework.',	1,	0,	1,	'2023-03-22 03:14:45',	NULL,	'2023-03-22 03:14:45'),
(55,	'Bornite cotton panjabi',	'bornite-cotton-panjabi',	2,	13,	1,	NULL,	'https://res.cloudinary.com/diyc1dizi/image/upload/aranya-product-v2/M0010395RG02200720/62_1.png',	'https://res.cloudinary.com/diyc1dizi/image/upload/aranya-product-v2/M0010395RG02200720/62_1.png',	'https://res.cloudinary.com/diyc1dizi/image/upload/aranya-product-v2/M0010395RG02200720/62_2.png',	'https://res.cloudinary.com/diyc1dizi/image/upload/aranya-product-v2/M0010395RG02200720/62_4.png',	'https://res.cloudinary.com/diyc1dizi/image/upload/aranya-product-v2/M0010395RG02200720/62_3.png',	'',	NULL,	NULL,	NULL,	NULL,	NULL,	NULL,	'M0010395RG02200720',	NULL,	NULL,	NULL,	'The colorful intriacies of this panjabi stand out like no other. With black and blue colors contrasting with the yellow placket paired with cotton fabric, it is the perfect wear for any traditional occasion.\nAll Aranya products are handmade, using natural materials, within a fair trade framework.',	1,	0,	1,	'2023-03-22 03:14:45',	NULL,	'2023-03-22 03:14:45'),
(56,	'Aciano Cotton Panjabi ',	'aciano-cotton-panjabi',	2,	13,	1,	NULL,	'https://res.cloudinary.com/diyc1dizi/image/upload/aranya-product-v2/M0010396RG02200920/63_1.png',	'https://res.cloudinary.com/diyc1dizi/image/upload/aranya-product-v2/M0010396RG02200920/63_1.png',	'https://res.cloudinary.com/diyc1dizi/image/upload/aranya-product-v2/M0010396RG02200920/63_2.png',	'https://res.cloudinary.com/diyc1dizi/image/upload/aranya-product-v2/M0010396RG02200920/63_4.png',	'https://res.cloudinary.com/diyc1dizi/image/upload/aranya-product-v2/M0010396RG02200920/63_3.png',	'',	NULL,	NULL,	NULL,	NULL,	NULL,	NULL,	'M0010396RG02200920',	NULL,	NULL,	NULL,	'The colorful intriacies of this panjabi stand out like no other. With black and blue colors contrasting with the yellow placket paired with cotton fabric, it is the perfect wear for any traditional occasion.\nAll Aranya products are handmade, using natural materials, within a fair trade framework.',	1,	0,	1,	'2023-03-22 03:14:45',	NULL,	'2023-03-22 03:14:45'),
(57,	'Sodalite voil panjabi ',	'sodalite-voil-panjabi',	2,	13,	1,	NULL,	'https://res.cloudinary.com/diyc1dizi/image/upload/aranya-product-v2/M0010401RGS1203821/64_1.png',	'https://res.cloudinary.com/diyc1dizi/image/upload/aranya-product-v2/M0010401RGS1203821/64_1.png',	'https://res.cloudinary.com/diyc1dizi/image/upload/aranya-product-v2/M0010401RGS1203821/64_2.png',	'https://res.cloudinary.com/diyc1dizi/image/upload/aranya-product-v2/M0010401RGS1203821/64_3.png',	'',	'',	NULL,	NULL,	NULL,	NULL,	NULL,	NULL,	'M0010401RGS1203821',	NULL,	NULL,	NULL,	'The hues of the blue &amp; grey represented by the enchanting blue color in this panjabi is extracted from natural ingredients. Wax print has been used on cotton material to produce the beautiful imprints that resemble very much to the clouds.\nAll Aranya products are handmade, using natural fibers and materials within a fair-trade framework. ',	1,	0,	1,	'2023-03-22 03:14:45',	NULL,	'2023-03-22 03:14:45'),
(58,	'Kyanite cotton Voil panjabi ',	'kyanite-cotton-voil-panjabi',	2,	13,	1,	NULL,	'https://res.cloudinary.com/diyc1dizi/image/upload/aranya-product-v2/M0010429MCE32211122/65_1.png',	'https://res.cloudinary.com/diyc1dizi/image/upload/aranya-product-v2/M0010429MCE32211122/65_1.png',	'https://res.cloudinary.com/diyc1dizi/image/upload/aranya-product-v2/M0010429MCE32211122/65_2.png',	'https://res.cloudinary.com/diyc1dizi/image/upload/aranya-product-v2/M0010429MCE32211122/65_4.png',	'https://res.cloudinary.com/diyc1dizi/image/upload/aranya-product-v2/M0010429MCE32211122/65_3.png',	'',	NULL,	NULL,	NULL,	NULL,	NULL,	NULL,	'M0010429MCE32211122',	NULL,	NULL,	NULL,	'The mysterious TEAL color in this panjabi is cultivated from the finest organic elements. Wax has been used to embed the gorgeous teal color on cotton panjabi.\nAll Aranya products are handmade, using natural fibers and materials within a fair-trade framework.',	1,	0,	1,	'2023-03-22 03:14:45',	NULL,	'2023-03-22 03:14:45'),
(59,	'Ussingite cotton panjabi ',	'ussingite-cotton-panjabi',	2,	13,	1,	NULL,	'https://res.cloudinary.com/diyc1dizi/image/upload/aranya-product-v2/M0010430NKE5220720/66_1.png',	'https://res.cloudinary.com/diyc1dizi/image/upload/aranya-product-v2/M0010430NKE5220720/66_1.png',	'https://res.cloudinary.com/diyc1dizi/image/upload/aranya-product-v2/M0010430NKE5220720/66_2.png',	'https://res.cloudinary.com/diyc1dizi/image/upload/aranya-product-v2/M0010430NKE5220720/66_3.png',	'https://res.cloudinary.com/diyc1dizi/image/upload/aranya-product-v2/M0010430NKE5220720/66_4.png',	'',	NULL,	NULL,	NULL,	NULL,	NULL,	NULL,	'M0010430NKE5220720',	NULL,	NULL,	NULL,	'The match of monochrome cotton fabric and stunning motifs are sure to make heads turn. Wear this stunning panjabi to any event and you\'re bound to be the eye candy.\nAll Aranya products are handmade, using natural materials, within a fair trade framework.',	1,	0,	1,	'2023-03-22 03:14:45',	NULL,	'2023-03-22 03:14:45'),
(60,	'Cuprite cotton panjabi ',	'cuprite-cotton-panjabi',	2,	13,	1,	NULL,	'https://res.cloudinary.com/diyc1dizi/image/upload/aranya-product-v2/M0010431NKE5224619/67_1.png',	'https://res.cloudinary.com/diyc1dizi/image/upload/aranya-product-v2/M0010431NKE5224619/67_1.png',	'https://res.cloudinary.com/diyc1dizi/image/upload/aranya-product-v2/M0010431NKE5224619/67_2.png',	'https://res.cloudinary.com/diyc1dizi/image/upload/aranya-product-v2/M0010431NKE5224619/67_3.png',	'',	'',	NULL,	NULL,	NULL,	NULL,	NULL,	NULL,	'M0010431NKE5224619',	NULL,	NULL,	NULL,	'This mesmerizing panjabi is not only the perfect combination of color and designs, but the cotton fabric also makes it the most eligible choice for any occasion.\nAll Aranya products are handmade, using natural materials, within a fair trade framework.',	1,	0,	1,	'2023-03-22 03:14:45',	NULL,	'2023-03-22 03:14:45'),
(61,	'Almandine cotton panjabi ',	'almandine-cotton-panjabi',	2,	13,	1,	NULL,	'https://res.cloudinary.com/diyc1dizi/image/upload/aranya-product-v2/M0010433NKE5221022/68_2.png',	'https://res.cloudinary.com/diyc1dizi/image/upload/aranya-product-v2/M0010433NKE5221022/68_2.png',	'https://res.cloudinary.com/diyc1dizi/image/upload/aranya-product-v2/M0010433NKE5221022/68_3.png',	'https://res.cloudinary.com/diyc1dizi/image/upload/aranya-product-v2/M0010433NKE5221022/68_4.png',	'',	'',	NULL,	NULL,	NULL,	NULL,	NULL,	NULL,	'M0010433NKE5221022',	NULL,	NULL,	NULL,	'This elegant cotton panjabi may be the perfect fit for any traditional occasion. Designs of white and brown are bound to make heads turn.\nAll Aranya products are handmade, using natural materials, within a fair trade framework.',	1,	0,	1,	'2023-03-22 03:14:45',	NULL,	'2023-03-22 03:14:45'),
(62,	'Brown Rapture Silk Panjabi ',	'brown-rapture-silk-panjabi',	2,	13,	1,	NULL,	'https://res.cloudinary.com/diyc1dizi/image/upload/aranya-product-v2/M001065MAS117/41_1.png',	'https://res.cloudinary.com/diyc1dizi/image/upload/aranya-product-v2/M001065MAS117/41_1.png',	'https://res.cloudinary.com/diyc1dizi/image/upload/aranya-product-v2/M001065MAS117/41_2.png',	'https://res.cloudinary.com/diyc1dizi/image/upload/aranya-product-v2/M001065MAS117/41_3.png',	'',	'',	NULL,	NULL,	NULL,	NULL,	NULL,	NULL,	'M001065MAS117',	'White,Manjit,Teal,Gray,Brown',	NULL,	NULL,	'Wax resistant dye on this Eri SIlk creates a layer of vivid designs on this Panjabi. Indigo and Myrabalan were used to bring out the Teal hue.\r\n\\n\r\n\\nAll Aranya products are handmade, using natural materials, within a fair trade framework.',	1,	0,	1,	'2023-03-22 03:14:45',	NULL,	'2023-03-22 03:14:45'),
(63,	'Duman Eri Silk Fatua ',	'duman-eri-silk-fatua',	2,	16,	1,	NULL,	'https://res.cloudinary.com/diyc1dizi/image/upload/aranya-product-v2/M0020033NH09193519/69_1.png',	'https://res.cloudinary.com/diyc1dizi/image/upload/aranya-product-v2/M0020033NH09193519/69_1.png',	'https://res.cloudinary.com/diyc1dizi/image/upload/aranya-product-v2/M0020033NH09193519/69_2.png',	'',	'',	'',	NULL,	NULL,	NULL,	NULL,	NULL,	NULL,	'M0020033NH09193519',	NULL,	NULL,	NULL,	'The ravishing shade of golden in this silk fatua is extracted from handpicked myrabalan. The color is printed on endi silk to produce the gorgeous shades.\n\\n\n\\nAll Aranya products are hand made, using natural fibers and materials within a fair trade framework.',	1,	0,	1,	'2023-03-22 03:14:45',	NULL,	'2023-03-22 03:14:45'),
(64,	'Bletilla Bomber Jacket',	'bletilla-bomber-jacket',	2,	18,	1,	NULL,	'https://res.cloudinary.com/diyc1dizi/image/upload/aranya-product-v2/M0170019SR08193419/70_1.png',	'https://res.cloudinary.com/diyc1dizi/image/upload/aranya-product-v2/M0170019SR08193419/70_1.png',	'https://res.cloudinary.com/diyc1dizi/image/upload/aranya-product-v2/M0170019SR08193419/70_2.png',	'https://res.cloudinary.com/diyc1dizi/image/upload/aranya-product-v2/M0170019SR08193419/70_3.png',	'',	'',	NULL,	NULL,	NULL,	NULL,	NULL,	NULL,	'M0170019SR08193419',	NULL,	NULL,	NULL,	'Pomegranate &amp; Myrabalan has been used to derive olive colour on this bomber jacket. Wax print technique was used to amplify it\'s different looks.\n\\n\n\\nAll Aranya products are handmade, using natural materials, within a fair trade framework.',	1,	0,	1,	'2023-03-22 03:14:45',	NULL,	'2023-03-22 03:14:45'),
(65,	'Lattice Cotton Vest ',	'lattice-cotton-vest',	2,	14,	1,	NULL,	'https://res.cloudinary.com/diyc1dizi/image/upload/aranya-product-v2/M0340001SR08193419/71_1.png',	'https://res.cloudinary.com/diyc1dizi/image/upload/aranya-product-v2/M0340001SR08193419/71_1.png',	'https://res.cloudinary.com/diyc1dizi/image/upload/aranya-product-v2/M0340001SR08193419/71_3.png',	'',	'',	'',	NULL,	NULL,	NULL,	NULL,	NULL,	NULL,	'M0340001SR08193419',	NULL,	NULL,	NULL,	'Wax printed design has been outlined on this pure Cotton vest, while naturally dyeing with khasmi has flourished it\'s black colour.\n\\n\n\\nUsing natural materials, full handmade Aranya\'s products are align within a fair trade framework.',	1,	0,	1,	'2023-03-22 03:14:45',	NULL,	'2023-03-22 03:14:45'),
(66,	'Brown Rebel T',	'brown-rebel-t',	2,	15,	1,	NULL,	'https://res.cloudinary.com/diyc1dizi/image/upload/aranya-product-v2/M0920001NKE118/72_1.png',	'https://res.cloudinary.com/diyc1dizi/image/upload/aranya-product-v2/M0920001NKE118/72_1.png',	'https://res.cloudinary.com/diyc1dizi/image/upload/aranya-product-v2/M0920001NKE118/72_2.png',	'https://res.cloudinary.com/diyc1dizi/image/upload/aranya-product-v2/M0920001NKE118/72_3.png',	'',	'',	NULL,	NULL,	NULL,	NULL,	NULL,	NULL,	'M0920001NKE118',	NULL,	NULL,	NULL,	'Aranya\'s Debut T-Shirt line consists off Brown Rebel T-Shirt dipped in natural Catechu to make this solid brown colour.\n\\n\n\\nAranya\'s \"Natural Tee\" products are handmade, using natural materials, within a fair trade framework.',	1,	0,	1,	'2023-03-22 03:14:46',	NULL,	'2023-03-22 03:14:46'),
(67,	'Blue Serge Cotton T',	'blue-serge-cotton-t',	2,	15,	1,	NULL,	'https://res.cloudinary.com/diyc1dizi/image/upload/aranya-product-v2/M0920002NKE118/73_3.png',	'https://res.cloudinary.com/diyc1dizi/image/upload/aranya-product-v2/M0920002NKE118/73_3.png',	'https://res.cloudinary.com/diyc1dizi/image/upload/aranya-product-v2/M0920002NKE118/73_2.png',	'',	'',	'',	NULL,	NULL,	NULL,	NULL,	NULL,	NULL,	'M0920002NKE118',	NULL,	NULL,	NULL,	'Blue Serge Cotton T-Shirt is part of Aranya\'s Exclusive \"Natural Tee\" collecction dyed in Indigo. Aarashi method, a Shibori technique was used on this pure cotton fabric to bring out the pattern.\n\\n\n\\nAll Aranya products are handmade, using natural materials, within a fair trade framework.',	1,	0,	1,	'2023-03-22 03:14:46',	NULL,	'2023-03-22 03:14:46'),
(68,	'Aether Cotton T',	'aether-cotton-t',	2,	15,	1,	NULL,	'https://res.cloudinary.com/diyc1dizi/image/upload/aranya-product-v2/M0920005NKE118/74_1.png',	'https://res.cloudinary.com/diyc1dizi/image/upload/aranya-product-v2/M0920005NKE118/74_1.png',	'https://res.cloudinary.com/diyc1dizi/image/upload/aranya-product-v2/M0920005NKE118/74_2.png',	'https://res.cloudinary.com/diyc1dizi/image/upload/aranya-product-v2/M0920005NKE118/74_3.png',	'',	'',	NULL,	NULL,	NULL,	NULL,	NULL,	NULL,	'M0920005NKE118',	NULL,	NULL,	NULL,	'Dipped and Dyed in Indigo, the Aether Cotton T-Shirt is part of the newly launched \"Natural Tee\" collection. It comes in a cool blue hue.\n\\n\n\\nAll Aranya products are handmade, using natural materials, within a fair trade framework.',	1,	0,	1,	'2023-03-22 03:14:46',	NULL,	'2023-03-22 03:14:46'),
(69,	'Turquoise Cotton T',	'turquoise-cotton-t',	2,	15,	1,	NULL,	'https://res.cloudinary.com/diyc1dizi/image/upload/aranya-product-v2/M0920009NH12194619/75_1.png',	'https://res.cloudinary.com/diyc1dizi/image/upload/aranya-product-v2/M0920009NH12194619/75_1.png',	'https://res.cloudinary.com/diyc1dizi/image/upload/aranya-product-v2/M0920009NH12194619/75_2.png',	'https://res.cloudinary.com/diyc1dizi/image/upload/aranya-product-v2/M0920009NH12194619/75_3.png',	'https://res.cloudinary.com/diyc1dizi/image/upload/aranya-product-v2/M0920009NH12194619/75_4.png',	'',	NULL,	NULL,	NULL,	NULL,	NULL,	NULL,	'M0920009NH12194619',	NULL,	NULL,	NULL,	'The brown patterns on the blue backcloth are made with colors extracted from organic blessing. Block print has been used on knit cotton fabric thus highest comfort is secured.\nAll Aranya products are hand made, using natural fibers and materials within a fair trade framework.',	1,	0,	1,	'2023-03-22 03:14:46',	NULL,	'2023-03-22 03:14:46'),
(70,	'Rhapsody knit cotton T',	'rhapsody-knit-cotton-t',	2,	15,	1,	NULL,	'https://res.cloudinary.com/diyc1dizi/image/upload/aranya-product-v2/M0920010NH12194519/76_1.png',	'https://res.cloudinary.com/diyc1dizi/image/upload/aranya-product-v2/M0920010NH12194519/76_1.png',	'https://res.cloudinary.com/diyc1dizi/image/upload/aranya-product-v2/M0920010NH12194519/76_2.png',	'https://res.cloudinary.com/diyc1dizi/image/upload/aranya-product-v2/M0920010NH12194519/76_3.png',	'https://res.cloudinary.com/diyc1dizi/image/upload/aranya-product-v2/M0920010NH12194519/76_4.png',	'',	NULL,	NULL,	NULL,	NULL,	NULL,	NULL,	'M0920010NH12194519',	NULL,	NULL,	NULL,	'Myrabalan has been used to derive golden colour on this knit cotton T-shirt. Wax print technique was used to amplify it\'s a bold design.\nAll Aranya products are handmade, using natural materials, within a fair trade framework.',	1,	0,	1,	'2023-03-22 03:14:46',	NULL,	'2023-03-22 03:14:46'),
(71,	'Mandevilla Endi Cotton Saree',	'mandevilla-endi-cotton-saree',	1,	7,	1,	NULL,	'https://res.cloudinary.com/diyc1dizi/image/upload/aranya-product-v2/W0041171RGE1180920/79_2.png',	'https://res.cloudinary.com/diyc1dizi/image/upload/aranya-product-v2/W0041171RGE1180920/79_2.png',	'https://res.cloudinary.com/diyc1dizi/image/upload/aranya-product-v2/W0041171RGE1180920/79_3.png',	'',	'',	'',	NULL,	NULL,	NULL,	NULL,	NULL,	NULL,	'W0041171RGE1180920',	NULL,	NULL,	NULL,	'This red and black endi cotton saree dyed allover entirely with maddar colour and has printed all over the saree. All Aranya products are hand made, using natural fibers and materials within a fair trade framework.This red and black endi cotton saree dyed allover entirely with maddar colour and has printed all over the saree. All Aranya products are hand made, using natural fibers and materials within a fair trade framework.',	1,	0,	1,	'2023-03-22 03:14:46',	NULL,	'2023-03-22 03:14:46'),
(72,	'Golden Odyssey Eri Cotton Saree',	'golden-odyssey-eri-cotton-saree',	1,	7,	1,	NULL,	'https://res.cloudinary.com/diyc1dizi/image/upload/aranya-product-v2/W0041315RG08183018/80_1.png',	'https://res.cloudinary.com/diyc1dizi/image/upload/aranya-product-v2/W0041315RG08183018/80_1.png',	'https://res.cloudinary.com/diyc1dizi/image/upload/aranya-product-v2/W0041315RG08183018/80_2.png',	'',	'',	'',	NULL,	NULL,	NULL,	NULL,	NULL,	NULL,	'W0041315RG08183018',	NULL,	NULL,	NULL,	'Wax printed eri cotton saree that comes in shades of olive and golden derived from the natural pomegranate and myrabalan.',	1,	0,	1,	'2023-03-22 03:14:46',	NULL,	'2023-03-22 03:14:46'),
(73,	'Salvia Endi cotton saree',	'salvia-endi-cotton-saree',	1,	7,	1,	NULL,	'https://res.cloudinary.com/diyc1dizi/image/upload/aranya-product-v2/W0041554IJ01203521/81_2.png',	'https://res.cloudinary.com/diyc1dizi/image/upload/aranya-product-v2/W0041554IJ01203521/81_2.png',	'',	'',	'',	'',	NULL,	NULL,	NULL,	NULL,	NULL,	NULL,	'W0041554IJ01203521',	NULL,	NULL,	NULL,	'The natural dye of teal at paar and anchol, and beige body in the endi cotton saree. Wax ornamentation print has been applied to give this composition a festive look. All Aranya products are handmade, using natural materials, within a fair trade framework.The natural dye of teal at paar and anchol, and beige body in the endi cotton saree. Wax ornamentation print has been applied to give this composition a festive look. All Aranya products are handmade, using natural materials, within a fair trade framework.',	1,	0,	1,	'2023-03-22 03:14:46',	NULL,	'2023-03-22 03:14:46'),
(74,	'Lupine Cotton Kota Saree',	'lupine-cotton-kota-saree',	1,	7,	1,	NULL,	'https://res.cloudinary.com/diyc1dizi/image/upload/aranya-product-v2/W0041703BAS06220722/82_1.png',	'https://res.cloudinary.com/diyc1dizi/image/upload/aranya-product-v2/W0041703BAS06220722/82_1.png',	'https://res.cloudinary.com/diyc1dizi/image/upload/aranya-product-v2/W0041703BAS06220722/82_2.png',	'https://res.cloudinary.com/diyc1dizi/image/upload/aranya-product-v2/W0041703BAS06220722/82_3.png',	'https://res.cloudinary.com/diyc1dizi/image/upload/aranya-product-v2/W0041703BAS06220722/82_4.png',	'',	NULL,	NULL,	NULL,	NULL,	NULL,	NULL,	'W0041703BAS06220722',	NULL,	NULL,	NULL,	'A cotton kota saree with a red and gray wax design with great bloom inspiration for a magnificent appearance. All Aranya products are handmade, using natural fibers and materials within a fair-trade framework.',	1,	0,	1,	'2023-03-22 03:14:46',	NULL,	'2023-03-22 03:14:46'),
(75,	'Eveline Cotton Saree',	'eveline-cotton-saree',	1,	7,	1,	NULL,	'https://res.cloudinary.com/diyc1dizi/image/upload/aranya-product-v2/W0041704SFS06220722/83_1.png',	'https://res.cloudinary.com/diyc1dizi/image/upload/aranya-product-v2/W0041704SFS06220722/83_1.png',	'https://res.cloudinary.com/diyc1dizi/image/upload/aranya-product-v2/W0041704SFS06220722/83_2.png',	'https://res.cloudinary.com/diyc1dizi/image/upload/aranya-product-v2/W0041704SFS06220722/83_4.png',	'',	'',	NULL,	NULL,	NULL,	NULL,	NULL,	NULL,	'W0041704SFS06220722',	NULL,	NULL,	NULL,	'Simplicity, elegance and charmness of this saree understory. Pinkish vibe and the cotton texture create a different look. All Aaranya products are handmade, using natural materials, within a fair trade framework.',	1,	0,	1,	'2023-03-22 03:14:46',	NULL,	'2023-03-22 03:14:46'),
(76,	'Senna Cotton kota Sare',	'senna-cotton-kota-sare',	1,	7,	1,	NULL,	'https://res.cloudinary.com/diyc1dizi/image/upload/aranya-product-v2/W0041709BAS8220922/84_1.png',	'https://res.cloudinary.com/diyc1dizi/image/upload/aranya-product-v2/W0041709BAS8220922/84_1.png',	'https://res.cloudinary.com/diyc1dizi/image/upload/aranya-product-v2/W0041709BAS8220922/84_2.png',	'https://res.cloudinary.com/diyc1dizi/image/upload/aranya-product-v2/W0041709BAS8220922/84_3.png',	'https://res.cloudinary.com/diyc1dizi/image/upload/aranya-product-v2/W0041709BAS8220922/84_4.png',	'',	NULL,	NULL,	NULL,	NULL,	NULL,	NULL,	'W0041709BAS8220922',	NULL,	NULL,	NULL,	'This Wax printed cotton saree was dyed using the natural ingredients to bring out the marvelous Red &amp; golden color of the product.\nAll Aranya products are handmade, using natural materials, within a fair trade framework.',	1,	0,	1,	'2023-03-22 03:14:46',	NULL,	'2023-03-22 03:14:46'),
(77,	'Lilac eri cotton saree',	'lilac-eri-cotton-saree',	1,	7,	1,	NULL,	'https://res.cloudinary.com/diyc1dizi/image/upload/aranya-product-v2/W0041741SF05222022/85_1.png',	'https://res.cloudinary.com/diyc1dizi/image/upload/aranya-product-v2/W0041741SF05222022/85_1.png',	'https://res.cloudinary.com/diyc1dizi/image/upload/aranya-product-v2/W0041741SF05222022/85_2.png',	'https://res.cloudinary.com/diyc1dizi/image/upload/aranya-product-v2/W0041741SF05222022/85_3.png',	'https://res.cloudinary.com/diyc1dizi/image/upload/aranya-product-v2/W0041741SF05222022/85_4.png',	'',	NULL,	NULL,	NULL,	NULL,	NULL,	NULL,	'W0041741SF05222022',	NULL,	NULL,	NULL,	'cotton saree will be the perfect outfit choice in the scorching summer heat. The heavenly tones of white and blue help pose in great style too!\nAll Aaranya products are handmade, using natural materials, within a fair trade framework.',	1,	0,	1,	'2023-03-22 03:14:46',	NULL,	'2023-03-22 03:14:46'),
(78,	'Azalea cotton saree',	'azalea-cotton-saree',	1,	7,	1,	NULL,	'https://res.cloudinary.com/diyc1dizi/image/upload/aranya-product-v2/W0041742BA05222022/86_1.png',	'https://res.cloudinary.com/diyc1dizi/image/upload/aranya-product-v2/W0041742BA05222022/86_1.png',	'https://res.cloudinary.com/diyc1dizi/image/upload/aranya-product-v2/W0041742BA05222022/86_2.png',	'https://res.cloudinary.com/diyc1dizi/image/upload/aranya-product-v2/W0041742BA05222022/86_3.png',	'https://res.cloudinary.com/diyc1dizi/image/upload/aranya-product-v2/W0041742BA05222022/86_4.png',	'',	NULL,	NULL,	NULL,	NULL,	NULL,	NULL,	'W0041742BA05222022',	NULL,	NULL,	NULL,	'The light colors of this beautiful cotton saree will reflect away the heat of the sun very efficiently. Cotton fabric has been used to ensure utmost comfort.\nAll Aranya products are handmade, using natural materials, within a fair trade framework.',	1,	0,	1,	'2023-03-22 03:14:46',	NULL,	'2023-03-22 03:14:46'),
(79,	'Sapphire cotton saree',	'sapphire-cotton-saree',	1,	7,	1,	NULL,	'https://res.cloudinary.com/diyc1dizi/image/upload/aranya-product-v2/W0041743BA05222022/87_2.png',	'https://res.cloudinary.com/diyc1dizi/image/upload/aranya-product-v2/W0041743BA05222022/87_2.png',	'',	'',	'',	'',	NULL,	NULL,	NULL,	NULL,	NULL,	NULL,	'W0041743BA05222022',	NULL,	NULL,	NULL,	'cotton saree will be the perfect outfit choice in the scorching summer heat. The heavenly tones of white and blue help pose in great style too',	1,	0,	1,	'2023-03-22 03:14:46',	NULL,	'2023-03-22 03:14:46'),
(80,	'Begonia Endi Cotton saree',	'begonia-endi-cotton-saree',	1,	7,	1,	NULL,	'https://res.cloudinary.com/diyc1dizi/image/upload/aranya-product-v2/W0041748MCE25222122/88_1.png',	'https://res.cloudinary.com/diyc1dizi/image/upload/aranya-product-v2/W0041748MCE25222122/88_1.png',	'',	'',	'',	'',	NULL,	NULL,	NULL,	NULL,	NULL,	NULL,	'W0041748MCE25222122',	NULL,	NULL,	NULL,	'The earthy tones of this eri cotton saree do the best work in making you truly feel beautiful, making it the perfect wear for all of your favorite occasions.</span>\nAll Aranya products are handmade, using natural materials, within a fair trade framework.',	1,	0,	1,	'2023-03-22 03:14:46',	NULL,	'2023-03-22 03:14:46'),
(81,	'Clematis cotton  saree',	'clematis-cotton-saree',	1,	7,	1,	NULL,	'https://res.cloudinary.com/diyc1dizi/image/upload/aranya-product-v2/W0041749BAE25222222/89_2.png',	'https://res.cloudinary.com/diyc1dizi/image/upload/aranya-product-v2/W0041749BAE25222222/89_2.png',	'https://res.cloudinary.com/diyc1dizi/image/upload/aranya-product-v2/W0041749BAE25222222/89_4.png',	'',	'',	'',	NULL,	NULL,	NULL,	NULL,	NULL,	NULL,	'W0041749BAE25222222',	NULL,	NULL,	NULL,	'The contrasting shades of blue and orange in this saree make it the most elegant choice for any daytime occasion. Cotton fabric has been used to provide utmost comfort.\nAll Aranya products are handmade, using natural materials, within a fair trade framework.',	1,	0,	1,	'2023-03-22 03:14:46',	NULL,	'2023-03-22 03:14:46'),
(82,	'Colasia cotton kota saree',	'colasia-cotton-kota-saree',	1,	7,	1,	NULL,	'https://res.cloudinary.com/diyc1dizi/image/upload/aranya-product-v2/W0041750SFE25222122/90_1.png',	'https://res.cloudinary.com/diyc1dizi/image/upload/aranya-product-v2/W0041750SFE25222122/90_1.png',	'https://res.cloudinary.com/diyc1dizi/image/upload/aranya-product-v2/W0041750SFE25222122/90_2.png',	'https://res.cloudinary.com/diyc1dizi/image/upload/aranya-product-v2/W0041750SFE25222122/90_3.png',	'https://res.cloudinary.com/diyc1dizi/image/upload/aranya-product-v2/W0041750SFE25222122/90_4.png',	'',	NULL,	NULL,	NULL,	NULL,	NULL,	NULL,	'W0041750SFE25222122',	NULL,	NULL,	NULL,	'The contrasting tones of this saree makes both the colors stand out beautifully. With dual designs and cotton kota fabric, it\'s an eye catcher as well as comfort wear.\nAll Aranya products are handmade, using natural materials, within a fair trade framework.',	1,	0,	1,	'2023-03-22 03:14:46',	NULL,	'2023-03-22 03:14:46'),
(83,	'Verbena cotton saree',	'verbena-cotton-saree',	1,	7,	1,	NULL,	'https://res.cloudinary.com/diyc1dizi/image/upload/aranya-product-v2/W0041753MCE26222122/91_2.png',	'https://res.cloudinary.com/diyc1dizi/image/upload/aranya-product-v2/W0041753MCE26222122/91_2.png',	'',	'',	'',	'',	NULL,	NULL,	NULL,	NULL,	NULL,	NULL,	'W0041753MCE26222122',	NULL,	NULL,	NULL,	'The blue and grey tones of this saree represent the perfect harmony of the clouds and the sky on a rainy day. Cotton fabric used in this saree makes it wearable all year round.\nAll Aranya products are handmade, using natural materials, within a fair trade framework.',	1,	0,	1,	'2023-03-22 03:14:46',	NULL,	'2023-03-22 03:14:46'),
(84,	'Wisteria cotton saree',	'wisteria-cotton-saree',	1,	7,	1,	NULL,	'https://res.cloudinary.com/diyc1dizi/image/upload/aranya-product-v2/W0041755SFE26222122/92_1.png',	'https://res.cloudinary.com/diyc1dizi/image/upload/aranya-product-v2/W0041755SFE26222122/92_1.png',	'https://res.cloudinary.com/diyc1dizi/image/upload/aranya-product-v2/W0041755SFE26222122/92_2.png',	'https://res.cloudinary.com/diyc1dizi/image/upload/aranya-product-v2/W0041755SFE26222122/92_3.png',	'https://res.cloudinary.com/diyc1dizi/image/upload/aranya-product-v2/W0041755SFE26222122/92_4.png',	'',	NULL,	NULL,	NULL,	NULL,	NULL,	NULL,	'W0041755SFE26222122',	NULL,	NULL,	NULL,	'The blue and black colors of this saree represent the perfect harmony of the clouds and the sky on a rainy day. Cotton fabric used in this saree makes it wearable all year round.\nAll Aranya products are handmade, using natural materials, within a fair trade framework.',	1,	0,	1,	'2023-03-22 03:14:46',	NULL,	'2023-03-22 03:14:46'),
(85,	'Frankliana Alatamaha Balaka Silk Suits ',	'frankliana-alatamaha-balaka-silk-suits',	1,	8,	1,	NULL,	'https://res.cloudinary.com/diyc1dizi/image/upload/aranya-product-v2/W0050396RGE1181618/93_1.png',	'https://res.cloudinary.com/diyc1dizi/image/upload/aranya-product-v2/W0050396RGE1181618/93_1.png',	'https://res.cloudinary.com/diyc1dizi/image/upload/aranya-product-v2/W0050396RGE1181618/93_2.png',	'https://res.cloudinary.com/diyc1dizi/image/upload/aranya-product-v2/W0050396RGE1181618/93_3.png',	'https://res.cloudinary.com/diyc1dizi/image/upload/aranya-product-v2/W0050396RGE1181618/93_4.png',	'',	NULL,	NULL,	NULL,	NULL,	NULL,	NULL,	'W0050396RGE1181618',	NULL,	NULL,	NULL,	'The stunning shades of brown and beige in this stunning suit is extracted from hand-plucked catechu and raintree. Wax print is added on balaka silk to add the subtle touches of elegance. All Aranya products are handmade, using natural fibers and materials within a fair trade framework.',	1,	0,	1,	'2023-03-22 03:14:46',	NULL,	'2023-03-22 03:14:46'),
(86,	'Leah Kantha Eri Silk Salwar ',	'leah-kantha-eri-silk-salwar',	1,	8,	1,	NULL,	'https://res.cloudinary.com/diyc1dizi/image/upload/aranya-product-v2/W0050465FFE1191519/94_1.png',	'https://res.cloudinary.com/diyc1dizi/image/upload/aranya-product-v2/W0050465FFE1191519/94_1.png',	'https://res.cloudinary.com/diyc1dizi/image/upload/aranya-product-v2/W0050465FFE1191519/94_2.png',	'',	'',	'',	NULL,	NULL,	NULL,	NULL,	NULL,	NULL,	'W0050465FFE1191519',	NULL,	NULL,	NULL,	'A delicate mixture of cateshu and raintree expressing the color brown and beige in this kantha eri silk salwar.\n\\n\n\\nAll Aranya products are handmade, using natural fibers and materials within a fair-trade framework.',	1,	0,	1,	'2023-03-22 03:14:46',	NULL,	'2023-03-22 03:14:46'),
(87,	'Marigold eri silk suits ',	'marigold-eri-silk-suits',	1,	8,	1,	NULL,	'https://res.cloudinary.com/diyc1dizi/image/upload/aranya-product-v2/W0050474IJS1201919/95_1.png',	'https://res.cloudinary.com/diyc1dizi/image/upload/aranya-product-v2/W0050474IJS1201919/95_1.png',	'https://res.cloudinary.com/diyc1dizi/image/upload/aranya-product-v2/W0050474IJS1201919/95_2.png',	'https://res.cloudinary.com/diyc1dizi/image/upload/aranya-product-v2/W0050474IJS1201919/95_3.png',	'https://res.cloudinary.com/diyc1dizi/image/upload/aranya-product-v2/W0050474IJS1201919/95_4.png',	'',	NULL,	NULL,	NULL,	NULL,	NULL,	NULL,	'W0050474IJS1201919',	NULL,	NULL,	NULL,	'The stunning combination of white and gold is bound to make heads turn. Wear this eri silk suit to any traditional meet and you are guaranteed to be the eye candy.All Aranya products are handmade, using natural materials, within a fair trade framework.',	1,	0,	1,	'2023-03-22 03:14:46',	NULL,	'2023-03-22 03:14:46'),
(88,	'Mirabilis Cotton Tops ',	'mirabilis-cotton-tops',	1,	10,	1,	NULL,	'https://res.cloudinary.com/diyc1dizi/image/upload/aranya-product-v2/W0060061RG06182418/96_1.png',	'https://res.cloudinary.com/diyc1dizi/image/upload/aranya-product-v2/W0060061RG06182418/96_1.png',	'https://res.cloudinary.com/diyc1dizi/image/upload/aranya-product-v2/W0060061RG06182418/96_2.png',	'',	'',	'',	NULL,	NULL,	NULL,	NULL,	NULL,	NULL,	'W0060061RG06182418',	NULL,	NULL,	NULL,	'The stunning shades of red in this top is extracted from handplucked madder. Block print is added on cotton voil to add the subtle touches of elegance. All Aranya products are hand made, using natural fibers and materials within a fair trade framework.',	1,	0,	1,	'2023-03-22 03:14:46',	NULL,	'2023-03-22 03:14:46'),
(89,	'Daffodil Eri Cotton Tops ',	'daffodil-eri-cotton-tops',	1,	10,	1,	NULL,	'https://res.cloudinary.com/diyc1dizi/image/upload/aranya-product-v2/W0060096AA06193419/97_1.png',	'https://res.cloudinary.com/diyc1dizi/image/upload/aranya-product-v2/W0060096AA06193419/97_1.png',	'https://res.cloudinary.com/diyc1dizi/image/upload/aranya-product-v2/W0060096AA06193419/97_2.png',	'https://res.cloudinary.com/diyc1dizi/image/upload/aranya-product-v2/W0060096AA06193419/97_3.png',	'',	'',	NULL,	NULL,	NULL,	NULL,	NULL,	NULL,	'W0060096AA06193419',	NULL,	NULL,	NULL,	'A balance of Catechu were used to bring out the brown colour . This Enri cotton Tops was designed with wax print technique to perish its natural outlook.\nUsing natural materials, Full hand-made Aranya\'s products are align within fair trade framework.',	1,	0,	1,	'2023-03-22 03:14:46',	NULL,	'2023-03-22 03:14:46'),
(90,	'Amaryllis  Lilen Women  Tops ',	'amaryllis-lilen-women-tops',	1,	10,	1,	NULL,	'https://res.cloudinary.com/diyc1dizi/image/upload/aranya-product-v2/W0060107SR08190620/98_1.png',	'https://res.cloudinary.com/diyc1dizi/image/upload/aranya-product-v2/W0060107SR08190620/98_1.png',	'https://res.cloudinary.com/diyc1dizi/image/upload/aranya-product-v2/W0060107SR08190620/98_2.png',	'https://res.cloudinary.com/diyc1dizi/image/upload/aranya-product-v2/W0060107SR08190620/98_3.png',	'https://res.cloudinary.com/diyc1dizi/image/upload/aranya-product-v2/W0060107SR08190620/98_4.png',	'',	NULL,	NULL,	NULL,	NULL,	NULL,	NULL,	'W0060107SR08190620',	NULL,	NULL,	NULL,	'Pink is the sober color which suits for all type festive. Wax print is to safe color that has been utilized to make the complicated subtleties on this gathering. The combination of this shirt is really classic.\nAll Aranya products are hand-made, using natural fibers and materials within a fair trade framework.',	1,	0,	1,	'2023-03-22 03:14:46',	NULL,	'2023-03-22 03:14:46'),
(91,	'Myrtle Silk Kurti ',	'myrtle-silk-kurti',	1,	10,	1,	NULL,	'https://res.cloudinary.com/diyc1dizi/image/upload/aranya-product-v2/W0060111AA09193719/99_1.png',	'https://res.cloudinary.com/diyc1dizi/image/upload/aranya-product-v2/W0060111AA09193719/99_1.png',	'https://res.cloudinary.com/diyc1dizi/image/upload/aranya-product-v2/W0060111AA09193719/99_2.png',	'',	'',	'',	NULL,	NULL,	NULL,	NULL,	NULL,	NULL,	'W0060111AA09193719',	NULL,	NULL,	NULL,	'This olive tone is a blend of natural color pomegranate and myrobalan in this asymetric tops. Wax print stripe and flower themes are used to draw out the modern fusion design. All Aranya products are hand-made, using natural fibers and materials within a fair trade framework.',	1,	0,	1,	'2023-03-22 03:14:46',	NULL,	'2023-03-22 03:14:46'),
(92,	'Borage Cotton orna',	'borage-cotton-orna',	6,	33,	1,	NULL,	'https://res.cloudinary.com/diyc1dizi/image/upload/aranya-product-v2/W0080370SME1182018/100_2.png',	'https://res.cloudinary.com/diyc1dizi/image/upload/aranya-product-v2/W0080370SME1182018/100_2.png',	'https://res.cloudinary.com/diyc1dizi/image/upload/aranya-product-v2/W0080370SME1182018/100_1.png',	'',	'',	'',	NULL,	NULL,	NULL,	NULL,	NULL,	NULL,	'W0080370SME1182018',	NULL,	NULL,	NULL,	'The subtle tones in this orna would pair amazingly with a contrasting dark colored dress. The cotton fabric provides comfort from the scorching heat.\nAll Aaranya products are handmade, using natural materials, within a fair trade framework.',	1,	0,	1,	'2023-03-22 03:14:46',	NULL,	'2023-03-22 03:14:46'),
(93,	'Scabiosa endi Cotton orna',	'scabiosa-endi-cotton-orna',	6,	33,	1,	NULL,	'https://res.cloudinary.com/diyc1dizi/image/upload/aranya-product-v2/W0080630NK04221822/101_1.png',	'https://res.cloudinary.com/diyc1dizi/image/upload/aranya-product-v2/W0080630NK04221822/101_1.png',	'https://res.cloudinary.com/diyc1dizi/image/upload/aranya-product-v2/W0080630NK04221822/101_2.png',	'https://res.cloudinary.com/diyc1dizi/image/upload/aranya-product-v2/W0080630NK04221822/101_3.png',	'',	'',	NULL,	NULL,	NULL,	NULL,	NULL,	NULL,	'W0080630NK04221822',	NULL,	NULL,	NULL,	'The tricky teal on this orna is taken from handpicked natural dye, and the beautiful designs are made with wax print on endi cotton material.\nAll Aranya products are handmade, using natural fibers and materials within a fair-trade framework.',	1,	0,	1,	'2023-03-22 03:14:46',	NULL,	'2023-03-22 03:14:46'),
(94,	'Briar Rose Top and Skirt',	'briar-rose-top-and-skirt',	1,	10,	1,	NULL,	'https://res.cloudinary.com/diyc1dizi/image/upload/aranya-product-v2/W0110015RG1017/102_1.png',	'https://res.cloudinary.com/diyc1dizi/image/upload/aranya-product-v2/W0110015RG1017/102_1.png',	'https://res.cloudinary.com/diyc1dizi/image/upload/aranya-product-v2/W0110015RG1017/102_2.png',	'',	'',	'',	NULL,	NULL,	NULL,	NULL,	NULL,	NULL,	'W0110015RG1017',	NULL,	NULL,	NULL,	'The blue base of this orna is paired stunningly with cream and white colored designs. It can be worn with any colored tops or kamiz.\nAll Aranya products are handmade, using natural materials, within a fair trade framework.',	1,	0,	1,	'2023-03-22 03:14:46',	NULL,	'2023-03-22 03:14:46'),
(95,	'Butea cotton skirt ',	'butea-cotton-skirt',	1,	10,	1,	NULL,	'https://res.cloudinary.com/diyc1dizi/image/upload/aranya-product-v2/W0110025FF12184318/103_1.png',	'https://res.cloudinary.com/diyc1dizi/image/upload/aranya-product-v2/W0110025FF12184318/103_1.png',	'',	'',	'',	'',	NULL,	NULL,	NULL,	NULL,	NULL,	NULL,	'W0110025FF12184318',	NULL,	NULL,	NULL,	'The heavenly tone in this skirt is taken from hand-plucked catechu and the perceptible motifs are made using wax print on cotton. All Aranya products are handmade, using natural fibers and materials within a fair-trade framework.',	1,	0,	1,	'2023-03-22 03:14:46',	NULL,	'2023-03-22 03:14:46'),
(96,	'Grizzle Bomber Jacket ',	'grizzle-bomber-jacket',	1,	11,	1,	NULL,	'https://res.cloudinary.com/diyc1dizi/image/upload/aranya-product-v2/W0170018SR08193419/104_1.png',	'https://res.cloudinary.com/diyc1dizi/image/upload/aranya-product-v2/W0170018SR08193419/104_1.png',	'https://res.cloudinary.com/diyc1dizi/image/upload/aranya-product-v2/W0170018SR08193419/104_3.png',	'',	'',	'',	NULL,	NULL,	NULL,	NULL,	NULL,	NULL,	'W0170018SR08193419',	NULL,	NULL,	NULL,	'Pieces from nature, madder &amp; myrabalan were used to dye this Cotton bomber jacket with Red &amp; Gray colour. Wax print added an elegant outlook on it\'s design.\n\\n\n\\nAll Aranya\'s products are handmade, using natural materials, within a fair trade framework.',	1,	0,	1,	'2023-03-22 03:14:46',	NULL,	'2023-03-22 03:14:46'),
(97,	'Parsley Bomber Jacket ',	'parsley-bomber-jacket',	1,	11,	1,	NULL,	'https://res.cloudinary.com/diyc1dizi/image/upload/aranya-product-v2/W0170020SR08193319/105_1.png',	'https://res.cloudinary.com/diyc1dizi/image/upload/aranya-product-v2/W0170020SR08193319/105_1.png',	'https://res.cloudinary.com/diyc1dizi/image/upload/aranya-product-v2/W0170020SR08193319/105_2.png',	'https://res.cloudinary.com/diyc1dizi/image/upload/aranya-product-v2/W0170020SR08193319/105_3.png',	'',	'',	NULL,	NULL,	NULL,	NULL,	NULL,	NULL,	'W0170020SR08193319',	NULL,	NULL,	NULL,	'Pieces from nature, madder &amp; myrabalan were used to dye this Cotton bomber jacket with Red &amp; Gray colour. Wax print added an elegant outlook on it\'s design.\nAll Aranya\'s products are handmade, using natural materials, within a fair trade framework.',	1,	0,	1,	'2023-03-22 03:14:46',	NULL,	'2023-03-22 03:14:46'),
(98,	'Zenith Bomber Jacket ',	'zenith-bomber-jacket',	1,	11,	1,	NULL,	'https://res.cloudinary.com/diyc1dizi/image/upload/aranya-product-v2/W0170031FF09193719/106_1.png',	'https://res.cloudinary.com/diyc1dizi/image/upload/aranya-product-v2/W0170031FF09193719/106_1.png',	'https://res.cloudinary.com/diyc1dizi/image/upload/aranya-product-v2/W0170031FF09193719/106_2.png',	'https://res.cloudinary.com/diyc1dizi/image/upload/aranya-product-v2/W0170031FF09193719/106_3.png',	'',	'',	NULL,	NULL,	NULL,	NULL,	NULL,	NULL,	'W0170031FF09193719',	NULL,	NULL,	NULL,	'Madder has been used as dyeing materials to derive Red color on this khadi jacket. Anokhi print was used to get the elegant design.\n\\n\n\\nUsing natural materials, full-hand made Aranya\'s products are align with in fair trade framework.',	1,	0,	1,	'2023-03-22 03:14:47',	NULL,	'2023-03-22 03:14:47'),
(99,	'Azalea Cotton Kimono ',	'azalea-cotton-kimono',	1,	11,	1,	NULL,	'https://res.cloudinary.com/diyc1dizi/image/upload/aranya-product-v2/W0180128NK06220720/107_1.png',	'https://res.cloudinary.com/diyc1dizi/image/upload/aranya-product-v2/W0180128NK06220720/107_1.png',	'https://res.cloudinary.com/diyc1dizi/image/upload/aranya-product-v2/W0180128NK06220720/107_2.png',	'https://res.cloudinary.com/diyc1dizi/image/upload/aranya-product-v2/W0180128NK06220720/107_3.png',	'https://res.cloudinary.com/diyc1dizi/image/upload/aranya-product-v2/W0180128NK06220720/107_4.png',	'',	NULL,	NULL,	NULL,	NULL,	NULL,	NULL,	'W0180128NK06220720',	NULL,	NULL,	NULL,	'The soothing pink color in this gorgeous kaftan is taken from the best handpicked betelnuts. Wax print has been used on cotton material to creeate the detailed intricacies.All Aranya products are hand made, using natural fibers and materials within a fair trade framework.',	1,	0,	1,	'2023-03-22 03:14:47',	NULL,	'2023-03-22 03:14:47'),
(100,	'Alyssum Eri Cotton Kimono ',	'alyssum-eri-cotton-kimono',	1,	11,	1,	NULL,	'https://res.cloudinary.com/diyc1dizi/image/upload/aranya-product-v2/W0180129NK07221020/108_1.png',	'https://res.cloudinary.com/diyc1dizi/image/upload/aranya-product-v2/W0180129NK07221020/108_1.png',	'https://res.cloudinary.com/diyc1dizi/image/upload/aranya-product-v2/W0180129NK07221020/108_2.png',	'https://res.cloudinary.com/diyc1dizi/image/upload/aranya-product-v2/W0180129NK07221020/108_3.png',	'https://res.cloudinary.com/diyc1dizi/image/upload/aranya-product-v2/W0180129NK07221020/108_4.png',	'',	NULL,	NULL,	NULL,	NULL,	NULL,	NULL,	'W0180129NK07221020',	NULL,	NULL,	NULL,	'The beguiling shades of brown in this mesmerizing kimono are produced from natural element. Wax print has been used on eri cotton to produce the magnificent patterns.All Aranya products are hand made, using natural fibers and materials within a fair trade framework.',	1,	0,	1,	'2023-03-22 03:14:47',	NULL,	'2023-03-22 03:14:47'),
(101,	'Lberis Eri Cotton Kimono ',	'lberis-eri-cotton-kimono',	1,	11,	1,	NULL,	'https://res.cloudinary.com/diyc1dizi/image/upload/aranya-product-v2/W0180130NK07221020/109_2.png',	'https://res.cloudinary.com/diyc1dizi/image/upload/aranya-product-v2/W0180130NK07221020/109_2.png',	'https://res.cloudinary.com/diyc1dizi/image/upload/aranya-product-v2/W0180130NK07221020/109_3.png',	'',	'',	'',	'45',	'53',	'32',	'cm',	NULL,	'500ml',	'W0180130NK07221020',	NULL,	NULL,	NULL,	'The sensitive olive shade on this Eri cotton kimono comes from nature. eri cotton was utilized to upgrade the appearance with elite structure.All Aranya products are handmade, using natural materials, within a fair trade framework.',	1,	0,	1,	'2023-03-22 03:14:47',	NULL,	'2023-03-22 03:14:47'),
(102,	'Hyssop silk kimono ',	'hyssop-silk-kimono',	1,	11,	1,	NULL,	'https://res.cloudinary.com/diyc1dizi/image/upload/aranya-product-v2/W0180131NK08224619/110_1.png',	'https://res.cloudinary.com/diyc1dizi/image/upload/aranya-product-v2/W0180131NK08224619/110_1.png',	'https://res.cloudinary.com/diyc1dizi/image/upload/aranya-product-v2/W0180131NK08224619/110_2.png',	'https://res.cloudinary.com/diyc1dizi/image/upload/aranya-product-v2/W0180131NK08224619/110_3.png',	'https://res.cloudinary.com/diyc1dizi/image/upload/aranya-product-v2/W0180131NK08224619/110_4.png',	'',	NULL,	NULL,	NULL,	NULL,	NULL,	NULL,	'W0180131NK08224619',	NULL,	NULL,	NULL,	'Mixing the two different combinations of color and wax print in this pure silk makes this kimono a variant look.All Aranya products are handmade, using natural fibers and materials within a fair-trade framework.',	1,	0,	1,	'2023-03-22 03:14:47',	NULL,	'2023-03-22 03:14:47'),
(103,	'Brunnera linen kaftan ',	'brunnera-linen-kaftan',	1,	12,	1,	NULL,	'https://res.cloudinary.com/diyc1dizi/image/upload/aranya-product-v2/W0190088NK06220520/111_1.png',	'https://res.cloudinary.com/diyc1dizi/image/upload/aranya-product-v2/W0190088NK06220520/111_1.png',	'https://res.cloudinary.com/diyc1dizi/image/upload/aranya-product-v2/W0190088NK06220520/111_2.png',	'https://res.cloudinary.com/diyc1dizi/image/upload/aranya-product-v2/W0190088NK06220520/111_3.png',	'',	'',	NULL,	NULL,	NULL,	NULL,	NULL,	NULL,	'W0190088NK06220520',	NULL,	NULL,	NULL,	'Mixing the two different combinations of color and wax print in this pure silk makes this kimono a variant look.\nAll Aranya products are handmade, using natural fibers and materials within a fair-trade framework.',	1,	0,	1,	'2023-03-22 03:14:47',	NULL,	'2023-03-22 03:14:47'),
(104,	'Kantha Voil Kurti ',	'kantha-voil-kurti',	1,	9,	1,	NULL,	'https://res.cloudinary.com/diyc1dizi/image/upload/aranya-product-v2/W0210145MAE2183118/112_1.png',	'https://res.cloudinary.com/diyc1dizi/image/upload/aranya-product-v2/W0210145MAE2183118/112_1.png',	'https://res.cloudinary.com/diyc1dizi/image/upload/aranya-product-v2/W0210145MAE2183118/112_2.png',	'https://res.cloudinary.com/diyc1dizi/image/upload/aranya-product-v2/W0210145MAE2183118/112_3.png',	'https://res.cloudinary.com/diyc1dizi/image/upload/aranya-product-v2/W0210145MAE2183118/112_4.png',	'',	NULL,	NULL,	NULL,	NULL,	NULL,	NULL,	'W0210145MAE2183118',	NULL,	NULL,	NULL,	'The captivating shades of blue and red in this ravishing Kurti are produced with colors given off by organically grown cmadder and indigo. The shibori has been used on the body on cotton material to add details. The nakshi kantha work added a traditional lookAll Aranya products are handmade, using natural fibers and materials within a fair trade framework.',	1,	0,	1,	'2023-03-22 03:14:47',	NULL,	'2023-03-22 03:14:47'),
(105,	'Lantana Kurti ',	'lantana-kurti',	1,	9,	1,	NULL,	'https://res.cloudinary.com/diyc1dizi/image/upload/aranya-product-v2/W0210194FF04191819/_ASP8019-copy.png',	'https://res.cloudinary.com/diyc1dizi/image/upload/aranya-product-v2/W0210194FF04191819/_ASP8019-copy.png',	'https://res.cloudinary.com/diyc1dizi/image/upload/aranya-product-v2/W0210194FF04191819/_ASP8026-copy.png',	'https://res.cloudinary.com/diyc1dizi/image/upload/aranya-product-v2/W0210194FF04191819/_ASP8023-copy.png',	'',	'',	NULL,	NULL,	NULL,	NULL,	NULL,	NULL,	'W0210194FF04191819',	NULL,	NULL,	NULL,	'A balance of Madder was used to bring out the Red colour. This Enri silk Kurti was designed with wax print technique to perish its natural outlook.\nUsing natural materials, Full hand-made Aranya\'s products are aligned within fair trade framework.',	1,	0,	1,	'2023-03-22 03:14:47',	NULL,	'2023-03-22 03:14:47'),
(106,	'Silk shirred blouse',	'silk-shirred-blouse',	1,	10,	1,	NULL,	'https://res.cloudinary.com/diyc1dizi/image/upload/aranya-product-v2/W0300133SF04221822/Aranya-_01-06-22_-175.png',	'https://res.cloudinary.com/diyc1dizi/image/upload/aranya-product-v2/W0300133SF04221822/Aranya-_01-06-22_-175.png',	'https://res.cloudinary.com/diyc1dizi/image/upload/aranya-product-v2/W0300133SF04221822/Aranya-_01-06-22_-176.png',	'https://res.cloudinary.com/diyc1dizi/image/upload/aranya-product-v2/W0300133SF04221822/Aranya-_01-06-22_-177.png',	'https://res.cloudinary.com/diyc1dizi/image/upload/aranya-product-v2/W0300133SF04221822/Aranya-_01-06-22_-178.png',	'',	NULL,	NULL,	NULL,	NULL,	NULL,	NULL,	'W0300133SF04221822',	NULL,	NULL,	NULL,	'This maroon shirred blouse is an universal fit and can be worn with any saree of your choice. Silk fabric used also provides a smooth touch to the skin.\nAll Aranya products are handmade, using natural materials, within a fair trade framework.',	1,	0,	1,	'2023-03-22 03:14:47',	NULL,	'2023-03-22 03:14:47'),
(107,	'Jovial Knit Cotton T',	'jovial-knit-cotton-t',	1,	10,	1,	NULL,	'https://res.cloudinary.com/diyc1dizi/image/upload/aranya-product-v2/W0920012NH12194619/W0920012NH12194619_1.png',	'https://res.cloudinary.com/diyc1dizi/image/upload/aranya-product-v2/W0920012NH12194619/W0920012NH12194619_1.png',	'https://res.cloudinary.com/diyc1dizi/image/upload/aranya-product-v2/W0920012NH12194619/W0920012NH12194619_2.png',	'https://res.cloudinary.com/diyc1dizi/image/upload/aranya-product-v2/W0920012NH12194619/W0920012NH12194619_3.png',	'',	'',	NULL,	NULL,	NULL,	NULL,	NULL,	NULL,	'W0920012NH12194619',	NULL,	NULL,	NULL,	'A mixture of Madder &amp; Catechu were used to bring out Red &amp; Brown colours on this Cotton T-shirt . Block print technique amplified it bold design.\nAll Aranya products are hand-made, using natural materials, align within a fair trade framework.',	1,	0,	1,	'2023-03-22 03:14:47',	NULL,	'2023-03-22 03:14:47'),
(108,	'Aether cotton t',	'aether-cotton-t',	1,	10,	1,	NULL,	'https://res.cloudinary.com/diyc1dizi/image/upload/aranya-product-v2/W0920013NH12194519/W0920013NH12194519_2.png',	'https://res.cloudinary.com/diyc1dizi/image/upload/aranya-product-v2/W0920013NH12194519/W0920013NH12194519_2.png',	'https://res.cloudinary.com/diyc1dizi/image/upload/aranya-product-v2/W0920013NH12194519/W0920013NH12194519_3.png',	'',	'',	'',	NULL,	NULL,	NULL,	NULL,	NULL,	NULL,	'W0920013NH12194519',	NULL,	NULL,	NULL,	'A mixture of Madder &amp; Catechu were used to bring out Red &amp; Brown colours on this Cotton T-shirt . Block print technique amplified it bold design.\nAll Aranya products are hand-made, using natural materials, align within a fair trade framework.',	1,	0,	1,	'2023-03-22 03:14:47',	NULL,	'2023-03-22 03:14:47'),
(109,	'Delphinium Knit Cotton T',	'delphinium-knit-cotton-t',	1,	10,	1,	NULL,	'https://res.cloudinary.com/diyc1dizi/image/upload/aranya-product-v2/W0920014NH12194619/W0920014NH12194619_1.png',	'https://res.cloudinary.com/diyc1dizi/image/upload/aranya-product-v2/W0920014NH12194619/W0920014NH12194619_1.png',	'https://res.cloudinary.com/diyc1dizi/image/upload/aranya-product-v2/W0920014NH12194619/W0920014NH12194619_2.png',	'https://res.cloudinary.com/diyc1dizi/image/upload/aranya-product-v2/W0920014NH12194619/W0920014NH12194619_3.png',	'',	'',	NULL,	NULL,	NULL,	NULL,	NULL,	NULL,	'W0920014NH12194619',	NULL,	NULL,	NULL,	'Aranya\'s \"Natural Tee\" collection reveals the Delphinium Knit Cotton T-Shirt, a pure olive cotton T-Shirt created by using a wax technique.</span>\nAll Aranya products are handmade, using natural materials, within a fair trade framework.',	1,	0,	1,	'2023-03-22 03:14:47',	NULL,	'2023-03-22 03:14:47'),
(110,	'Celestial knit cotton T',	'celestial-knit-cotton-t',	1,	10,	1,	NULL,	'https://res.cloudinary.com/diyc1dizi/image/upload/aranya-product-v2/W0920015NH12194619/W0920015NH12194619_1.png',	'https://res.cloudinary.com/diyc1dizi/image/upload/aranya-product-v2/W0920015NH12194619/W0920015NH12194619_1.png',	'https://res.cloudinary.com/diyc1dizi/image/upload/aranya-product-v2/W0920015NH12194619/W0920015NH12194619_2.png',	'https://res.cloudinary.com/diyc1dizi/image/upload/aranya-product-v2/W0920015NH12194619/W0920015NH12194619_3.png',	'',	'',	'23',	'15',	'13',	'140 gm',	NULL,	NULL,	'W0920015NH12194619',	NULL,	NULL,	NULL,	'Brown shades on this knit cotton T-shirt has derived from Catechu . The intricate details has been outlined with plain dye technique.\nAll Aranya products are handmade, using natural materials, within a fair trade framework.',	1,	0,	1,	'2023-03-22 03:14:47',	NULL,	'2023-03-22 03:14:47'),
(111,	'Redmix Knit Cotton Leggings ',	'redmix-knit-cotton-leggings',	6,	35,	1,	NULL,	'https://res.cloudinary.com/diyc1dizi/image/upload/aranya-product-v2/W1080001NH10194019/W1080001NH10194019_1.png',	'https://res.cloudinary.com/diyc1dizi/image/upload/aranya-product-v2/W1080001NH10194019/W1080001NH10194019_1.png',	'https://res.cloudinary.com/diyc1dizi/image/upload/aranya-product-v2/W1080001NH10194019/W1080001NH10194019_2.png',	'https://res.cloudinary.com/diyc1dizi/image/upload/aranya-product-v2/W1080001NH10194019/W1080001NH10194019_3.png',	'',	'',	NULL,	NULL,	NULL,	NULL,	NULL,	NULL,	'W1080001NH10194019',	NULL,	NULL,	NULL,	'Indigo has been used as dyeing materials which is derive to blue color on this knit cotton Leggings. Plain dye was used to get the elegant design.\n\\n\n\\nUsing natural materials, full-hand made Aranya\'s products are align with in fair trade framework.',	1,	0,	1,	'2023-03-22 03:14:47',	NULL,	'2023-03-22 03:14:47'),
(112,	'Irises creap silk orna',	'irises-creap-silk-orna',	6,	34,	1,	NULL,	'https://res.cloudinary.com/diyc1dizi/image/upload/aranya-product-v2/WO002NK31R22INH3122/WO002NK31R22INH3122_1.png',	'https://res.cloudinary.com/diyc1dizi/image/upload/aranya-product-v2/WO002NK31R22INH3122/WO002NK31R22INH3122_1.png',	'https://res.cloudinary.com/diyc1dizi/image/upload/aranya-product-v2/WO002NK31R22INH3122/WO002NK31R22INH3122_2.png',	'https://res.cloudinary.com/diyc1dizi/image/upload/aranya-product-v2/WO002NK31R22INH3122/WO002NK31R22INH3122_3.png',	'',	'',	NULL,	NULL,	NULL,	NULL,	NULL,	NULL,	'WO002NK31R22INH3122',	NULL,	NULL,	NULL,	'The subtle tones in this orna would pair amazingly with a contrasting dark colored dress. The creap silk fabric provides comfort from the scorching heat.\nAll Aaranya products are handmade, using natural materials, within a fair trade framework.',	1,	0,	1,	'2023-03-22 03:14:47',	NULL,	'2023-03-22 03:14:47'),
(113,	'Spirea Cotton kota saree',	'spirea-cotton-kota-saree',	1,	7,	1,	NULL,	'https://res.cloudinary.com/diyc1dizi/image/upload/aranya-product-v2/WS018SF31R22INH3222/WS018SF31R22INH3222_1.png',	'https://res.cloudinary.com/diyc1dizi/image/upload/aranya-product-v2/WS018SF31R22INH3222/WS018SF31R22INH3222_1.png',	'https://res.cloudinary.com/diyc1dizi/image/upload/aranya-product-v2/WS018SF31R22INH3222/WS018SF31R22INH3222_2.png',	'https://res.cloudinary.com/diyc1dizi/image/upload/aranya-product-v2/WS018SF31R22INH3222/WS018SF31R22INH3222_3.png',	'https://res.cloudinary.com/diyc1dizi/image/upload/aranya-product-v2/WS018SF31R22INH3222/WS018SF31R22INH3222_4.png',	'',	NULL,	NULL,	NULL,	NULL,	NULL,	NULL,	'WS018SF31R22INH3222',	NULL,	NULL,	NULL,	'This cotton kota saree which is dyed in olive and blue. This saree can use as regular wear and make one more alluring. All Aranya products are handmade, using natural fibers and materials within a fair-trade framework.',	1,	0,	1,	'2023-03-22 03:14:47',	NULL,	'2023-03-22 03:14:47'),
(114,	'Alyssum endi cotton saree',	'alyssum-endi-cotton-saree',	1,	7,	1,	NULL,	'https://res.cloudinary.com/diyc1dizi/image/upload/aranya-product-v2/WS021BA33R22INH3322/WS021BA33R22INH3322_1.png',	'https://res.cloudinary.com/diyc1dizi/image/upload/aranya-product-v2/WS021BA33R22INH3322/WS021BA33R22INH3322_1.png',	'https://res.cloudinary.com/diyc1dizi/image/upload/aranya-product-v2/WS021BA33R22INH3322/WS021BA33R22INH3322_2.png',	'https://res.cloudinary.com/diyc1dizi/image/upload/aranya-product-v2/WS021BA33R22INH3322/WS021BA33R22INH3322_3.png',	'https://res.cloudinary.com/diyc1dizi/image/upload/aranya-product-v2/WS021BA33R22INH3322/WS021BA33R22INH3322_4.png',	'',	NULL,	NULL,	NULL,	NULL,	NULL,	NULL,	'WS021BA33R22INH3322',	NULL,	NULL,	NULL,	'A blend of modern workmanship, traditional block print and natural color madder as red and indigo as blue used in this eri cotton saree draw out the solace and style. All Aranya products are handmade, using natural fibers and materials within a fair-trade framework.',	1,	0,	1,	'2023-03-22 03:14:47',	NULL,	'2023-03-22 03:14:47'),
(115,	'Brunnera Cotton Than Saree',	'brunnera-cotton-than-saree',	1,	7,	1,	NULL,	'https://res.cloudinary.com/diyc1dizi/image/upload/aranya-product-v2/WS022BA33R22INH3322/WS022BA33R22INH3322_1.png',	'https://res.cloudinary.com/diyc1dizi/image/upload/aranya-product-v2/WS022BA33R22INH3322/WS022BA33R22INH3322_1.png',	'https://res.cloudinary.com/diyc1dizi/image/upload/aranya-product-v2/WS022BA33R22INH3322/WS022BA33R22INH3322_2.png',	'https://res.cloudinary.com/diyc1dizi/image/upload/aranya-product-v2/WS022BA33R22INH3322/WS022BA33R22INH3322_3.png',	'https://res.cloudinary.com/diyc1dizi/image/upload/aranya-product-v2/WS022BA33R22INH3322/WS022BA33R22INH3322_4.png',	'',	NULL,	NULL,	NULL,	NULL,	NULL,	NULL,	'WS022BA33R22INH3322',	NULL,	NULL,	NULL,	'By combining the natural dyes found in gray and blue paar for use in cotton saree. To give this composition a festive appearance, wax decoration print has been used. All Aranya products are handmade, using natural fibers and materials within a fair-trade framework.',	1,	0,	1,	'2023-03-22 03:14:47',	NULL,	'2023-03-22 03:14:47'),
(116,	'Sweet Pea Endi Half Silk Saree',	'sweet-pea-endi-half-silk-saree',	1,	7,	1,	NULL,	'https://res.cloudinary.com/diyc1dizi/image/upload/aranya-product-v2/WS023SF33R22INH3322/WS023SF33R22INH3322_1.png',	'https://res.cloudinary.com/diyc1dizi/image/upload/aranya-product-v2/WS023SF33R22INH3322/WS023SF33R22INH3322_1.png',	'https://res.cloudinary.com/diyc1dizi/image/upload/aranya-product-v2/WS023SF33R22INH3322/WS023SF33R22INH3322_2.png',	'https://res.cloudinary.com/diyc1dizi/image/upload/aranya-product-v2/WS023SF33R22INH3322/WS023SF33R22INH3322_3.png',	'https://res.cloudinary.com/diyc1dizi/image/upload/aranya-product-v2/WS023SF33R22INH3322/WS023SF33R22INH3322_4.png',	'',	NULL,	NULL,	NULL,	NULL,	NULL,	NULL,	'WS023SF33R22INH3322',	NULL,	NULL,	NULL,	'Blue and Gray have been used as dyeing materials on this eri half silk saree. Wax print and Kantha stitch was used to get the elegant design. All Aranya products are handmade, using natural fibers and materials, within a fair trade framework.',	1,	0,	1,	'2023-03-22 03:14:47',	NULL,	'2023-03-22 03:14:47'),
(117,	'Yarrow Cotton Saree',	'yarrow-cotton-saree',	1,	7,	1,	NULL,	'https://res.cloudinary.com/diyc1dizi/image/upload/aranya-product-v2/WS024BA33R22INH3322/WS024BA33R22INH3322_1.png',	'https://res.cloudinary.com/diyc1dizi/image/upload/aranya-product-v2/WS024BA33R22INH3322/WS024BA33R22INH3322_1.png',	'https://res.cloudinary.com/diyc1dizi/image/upload/aranya-product-v2/WS024BA33R22INH3322/WS024BA33R22INH3322_2.png',	'https://res.cloudinary.com/diyc1dizi/image/upload/aranya-product-v2/WS024BA33R22INH3322/WS024BA33R22INH3322_3.png',	'https://res.cloudinary.com/diyc1dizi/image/upload/aranya-product-v2/WS024BA33R22INH3322/WS024BA33R22INH3322_4.png',	'',	NULL,	NULL,	NULL,	NULL,	NULL,	NULL,	'WS024BA33R22INH3322',	NULL,	NULL,	NULL,	'With an inspiration of a olive shade, this wax ornamentation print has been applied to give this composition a festive look.All Aranya products are handmade, using natural fibers and materials within a fair-trade framework.',	1,	0,	1,	'2023-03-22 03:14:47',	NULL,	'2023-03-22 03:14:47'),
(118,	'Starling Endi Cotton Saree',	'starling-endi-cotton-saree',	1,	7,	1,	NULL,	'https://res.cloudinary.com/diyc1dizi/image/upload/aranya-product-v2/WS025MC33R22INH3422/WS025MC33R22INH3422_1.png',	'https://res.cloudinary.com/diyc1dizi/image/upload/aranya-product-v2/WS025MC33R22INH3422/WS025MC33R22INH3422_1.png',	'https://res.cloudinary.com/diyc1dizi/image/upload/aranya-product-v2/WS025MC33R22INH3422/WS025MC33R22INH3422_2.png',	'https://res.cloudinary.com/diyc1dizi/image/upload/aranya-product-v2/WS025MC33R22INH3422/WS025MC33R22INH3422_3.png',	'https://res.cloudinary.com/diyc1dizi/image/upload/aranya-product-v2/WS025MC33R22INH3422/WS025MC33R22INH3422_4.png',	'',	NULL,	NULL,	NULL,	NULL,	NULL,	NULL,	'WS025MC33R22INH3422',	NULL,	NULL,	NULL,	'The Flower tones of this eri cotton saree do the best work in making you truly feel beautiful, making it the perfect wear for all of your favorite occasions.\nAll Aranya products are handmade, using natural materials, within a fair trade framework.',	1,	0,	1,	'2023-03-22 03:14:47',	NULL,	'2023-03-22 03:14:47'),
(119,	'Dendrobium Eri Cotton Saree',	'dendrobium-eri-cotton-saree',	1,	7,	1,	NULL,	'https://res.cloudinary.com/diyc1dizi/image/upload/aranya-product-v2/WS026SF33R22INH3422/WS026SF33R22INH3422_1.png',	'https://res.cloudinary.com/diyc1dizi/image/upload/aranya-product-v2/WS026SF33R22INH3422/WS026SF33R22INH3422_1.png',	'https://res.cloudinary.com/diyc1dizi/image/upload/aranya-product-v2/WS026SF33R22INH3422/WS026SF33R22INH3422_2.png',	'https://res.cloudinary.com/diyc1dizi/image/upload/aranya-product-v2/WS026SF33R22INH3422/WS026SF33R22INH3422_3.png',	'https://res.cloudinary.com/diyc1dizi/image/upload/aranya-product-v2/WS026SF33R22INH3422/WS026SF33R22INH3422_4.png',	'',	NULL,	NULL,	NULL,	NULL,	NULL,	NULL,	'WS026SF33R22INH3422',	NULL,	NULL,	NULL,	'The pink color affects the mind and body by causing pleasant feelings. This eri cotton saree is decorated with wax. All Aranya products are handmade, using natural fibers and materials within a fair trade framework.',	1,	0,	1,	'2023-03-22 03:14:47',	NULL,	'2023-03-22 03:14:47'),
(120,	'Clematis Cotton kota Saree',	'clematis-cotton-kota-saree',	1,	7,	1,	NULL,	'https://res.cloudinary.com/diyc1dizi/image/upload/aranya-product-v2/WS027SF33R22INH3422/WS027SF33R22INH3422_1.png',	'https://res.cloudinary.com/diyc1dizi/image/upload/aranya-product-v2/WS027SF33R22INH3422/WS027SF33R22INH3422_1.png',	'https://res.cloudinary.com/diyc1dizi/image/upload/aranya-product-v2/WS027SF33R22INH3422/WS027SF33R22INH3422_2.png',	'https://res.cloudinary.com/diyc1dizi/image/upload/aranya-product-v2/WS027SF33R22INH3422/WS027SF33R22INH3422_3.png',	'https://res.cloudinary.com/diyc1dizi/image/upload/aranya-product-v2/WS027SF33R22INH3422/WS027SF33R22INH3422_4.png',	'',	NULL,	NULL,	NULL,	NULL,	NULL,	NULL,	'WS027SF33R22INH3422',	'White,Manjit,Teal,Gray,Brown,Green,Red',	NULL,	NULL,	'This exclusive wax printed natural dyed saree is contains two shades of Navy colour. All Aranya products are handmade, using natural materials, within a fair trade framework.',	1,	0,	1,	'2023-03-22 03:14:47',	NULL,	'2023-03-22 03:14:47'),
(121,	'Blosoom Cotton Kota saree',	'blosoom-cotton-kota-saree',	1,	7,	1,	NULL,	'https://res.cloudinary.com/diyc1dizi/image/upload/aranya-product-v2/WS028MC33R22INH3422/WS028MC33R22INH3422_1.png',	'https://res.cloudinary.com/diyc1dizi/image/upload/aranya-product-v2/WS028MC33R22INH3422/WS028MC33R22INH3422_1.png',	'https://res.cloudinary.com/diyc1dizi/image/upload/aranya-product-v2/WS028MC33R22INH3422/WS028MC33R22INH3422_2.png',	'https://res.cloudinary.com/diyc1dizi/image/upload/aranya-product-v2/WS028MC33R22INH3422/WS028MC33R22INH3422_3.png',	'https://res.cloudinary.com/diyc1dizi/image/upload/aranya-product-v2/WS028MC33R22INH3422/WS028MC33R22INH3422_4.png',	'',	NULL,	NULL,	NULL,	NULL,	NULL,	NULL,	'WS028MC33R22INH3422',	NULL,	NULL,	NULL,	'This exclusive wax printed cotton kota saree dyed in brown and olive. Making it the perfect wear for all of your favorite occasions. All Aranya products are handmade, using natural materials, within a fair trade framework',	1,	0,	1,	'2023-03-22 03:14:47',	NULL,	'2023-03-22 03:14:47'),
(122,	'Dazzling Cotton Kota Saree',	'dazzling-cotton-kota-saree',	1,	7,	1,	NULL,	'https://res.cloudinary.com/diyc1dizi/image/upload/aranya-product-v2/WS030BA34R22INH3522/WS030BA34R22INH3522_1.png',	'https://res.cloudinary.com/diyc1dizi/image/upload/aranya-product-v2/WS030BA34R22INH3522/WS030BA34R22INH3522_1.png',	'https://res.cloudinary.com/diyc1dizi/image/upload/aranya-product-v2/WS030BA34R22INH3522/WS030BA34R22INH3522_2.png',	'https://res.cloudinary.com/diyc1dizi/image/upload/aranya-product-v2/WS030BA34R22INH3522/WS030BA34R22INH3522_3.png',	'https://res.cloudinary.com/diyc1dizi/image/upload/aranya-product-v2/WS030BA34R22INH3522/WS030BA34R22INH3522_4.png',	'',	NULL,	NULL,	NULL,	NULL,	NULL,	NULL,	'WS030BA34R22INH3522',	NULL,	NULL,	NULL,	'Both hues show out brilliantly in this saree because to the contrasting tones. It is a comfortable fabric with dual designs and cotton kota fabric. All Aranya products are handmade, using natural materials, within a fair trade framework.',	1,	0,	1,	'2023-03-22 03:14:47',	NULL,	'2023-03-22 03:14:47'),
(123,	'Crimson Cotton Than Saree',	'crimson-cotton-than-saree',	1,	7,	1,	NULL,	'https://res.cloudinary.com/diyc1dizi/image/upload/aranya-product-v2/WS033SF35R22INH3622/WS033SF35R22INH3622_1.png',	'https://res.cloudinary.com/diyc1dizi/image/upload/aranya-product-v2/WS033SF35R22INH3622/WS033SF35R22INH3622_1.png',	'https://res.cloudinary.com/diyc1dizi/image/upload/aranya-product-v2/WS033SF35R22INH3622/WS033SF35R22INH3622_2.png',	'https://res.cloudinary.com/diyc1dizi/image/upload/aranya-product-v2/WS033SF35R22INH3622/WS033SF35R22INH3622_3.png',	'https://res.cloudinary.com/diyc1dizi/image/upload/aranya-product-v2/WS033SF35R22INH3622/WS033SF35R22INH3622_4.png',	'',	NULL,	NULL,	NULL,	NULL,	NULL,	NULL,	'WS033SF35R22INH3622',	NULL,	NULL,	NULL,	'Beautiful imprints were created on cotton using the wax. Natural elements are used to create the stunning teal, blue and red colors. All Aranya products are handmade, using natural materials, within a fair trade framework.',	1,	0,	1,	'2023-03-22 03:14:47',	NULL,	'2023-03-22 03:14:47'),
(124,	'Anemone Cotton Saree',	'anemone-cotton-saree',	1,	7,	1,	NULL,	'https://res.cloudinary.com/diyc1dizi/image/upload/aranya-product-v2/WS32TA35R22INH3622/WS32TA35R22INH3622_1.png',	'https://res.cloudinary.com/diyc1dizi/image/upload/aranya-product-v2/WS32TA35R22INH3622/WS32TA35R22INH3622_1.png',	'https://res.cloudinary.com/diyc1dizi/image/upload/aranya-product-v2/WS32TA35R22INH3622/WS32TA35R22INH3622_2.png',	'https://res.cloudinary.com/diyc1dizi/image/upload/aranya-product-v2/WS32TA35R22INH3622/WS32TA35R22INH3622_3.png',	'https://res.cloudinary.com/diyc1dizi/image/upload/aranya-product-v2/WS32TA35R22INH3622/WS32TA35R22INH3622_4.png',	'',	NULL,	NULL,	NULL,	NULL,	NULL,	NULL,	'WS32TA35R22INH3622',	NULL,	NULL,	NULL,	'By unifying the natural dye of Blue at paar and anchol, and teal body in the cotton than saree. Wax ornamentation print has been applied to give this composition a festive look. All Aranya products are handmade, using natural materials, within a fair trade framework. ',	1,	0,	1,	'2023-03-22 03:14:47',	NULL,	'2023-03-22 03:14:47'),
(125,	'Tribal Flare Choker',	'tribal-flare-choker',	6,	32,	1,	NULL,	'https://res.cloudinary.com/diyc1dizi/image/upload/aranya-product-v2/J0400004MA1116/web.png',	'https://res.cloudinary.com/diyc1dizi/image/upload/aranya-product-v2/J0400004MA1116/web.png',	'',	'',	'',	'',	NULL,	NULL,	NULL,	NULL,	NULL,	NULL,	'J0400004MA1116',	NULL,	NULL,	NULL,	'Sterling silver coins have been attached to this choker that has been woven delicately with Terracotta, Rudrakha and wooden beads. The colours are relfections of natural dyes of Indigo and Madder.',	1,	0,	1,	'2023-03-22 03:14:47',	NULL,	'2023-03-22 03:14:47'),
(126,	'Macbook Pro',	'macbook-pro',	6,	28,	2,	NULL,	'https://res.cloudinary.com/diyc1dizi/image/upload/v1683708568/aranya/338334282_1308641929686659_5561078571324706171_n.jpg',	'https://res.cloudinary.com/diyc1dizi/image/upload/v1683708568/aranya/338334282_1308641929686659_5561078571324706171_n.jpg',	NULL,	NULL,	NULL,	NULL,	'19',	'14',	'13',	'cm',	'Bangladeshi',	'500 gm',	'CS234354DW5',	'Off-White,White',	NULL,	NULL,	'<p><span style=\"color: rgb(5, 5, 5);\">My father told me that it was better to learn to control the ball barefoot in order to have sensitivity in my feet, and I promised him that I would control that ball like no other, but what really happened was that he didn\'t have the money to buy me a pair of shoes. When I won my first Ballon d\'Or, I didn\'t cry for joy, I cried because I didn\'t have my father alive.</span></p>',	1,	0,	0,	'2023-05-10 03:09:37',	'2023-05-22 12:31:23',	'2023-05-22 12:31:23'),
(127,	'Kurti',	'kurti',	1,	9,	2,	'Guinevere Gould',	'https://res.cloudinary.com/diyc1dizi/image/upload/v1685255777/aranya/ZS001434.jpg',	'https://res.cloudinary.com/diyc1dizi/image/upload/v1685255777/aranya/ZS001434.jpg',	NULL,	NULL,	NULL,	NULL,	'3',	'5',	'5',	'34',	NULL,	'5',	'Et vitae est similiq',	'Black,Off-White,Navy',	NULL,	NULL,	'<p>abc</p>',	1,	0,	1,	'2023-05-28 06:40:34',	'2023-06-07 09:28:08',	'2023-06-07 09:28:08'),
(128,	'Botev Eri Silk Panjabi',	'botev-eri-silk-panjabi',	2,	13,	1,	NULL,	'v1685421664/aranya/H2105_1.webp',	'v1685421664/aranya/H2105_1.webp',	'v1685420841/aranya/181.png',	'v1685420905/aranya/182.png',	'v1685420969/aranya/183.png',	NULL,	'30',	'2',	'27',	'pcs',	NULL,	'.200',	'M0010307MA08181019',	'Red,White,Black',	NULL,	NULL,	'<p><span style=\"color: rgb(0, 0, 0);\">Block printed design has been outlined on this Eri silk Panjabi, while naturally dyeing with Annato which flourished it\'s Red colours and kashmi for the black.</span></p><p><br></p><p><span style=\"color: rgb(0, 0, 0);\">All Aranya products are handmade, using natural materials, within a fair trade framework.</span></p>',	1,	0,	1,	'2023-05-30 03:58:01',	'2023-05-30 04:43:18',	'2023-05-30 04:43:18'),
(129,	'Spongebob baby kantha',	'spongebob-baby-kantha',	4,	19,	1,	NULL,	'https://res.cloudinary.com/diyc1dizi/image/upload/v1685422477/aranya/277.webp',	'https://res.cloudinary.com/diyc1dizi/image/upload/v1685422477/aranya/277.webp',	'https://res.cloudinary.com/diyc1dizi/image/upload/v1685422486/aranya/248.webp',	NULL,	NULL,	NULL,	'25',	'20',	'4',	'pcs',	NULL,	'.185',	'K03100015RG02190919',	'',	NULL,	NULL,	'<p>The opposing tones of this piece stunningly complient each other, making it very eye catching.</p><p>All Aranya products are handmade, using natural materials, within a fair trade framework.</p>',	0,	0,	0,	'2023-05-30 04:55:12',	'2023-08-10 03:14:24',	'2023-08-10 03:14:24'),
(130,	'test product',	'test-product',	6,	35,	1,	NULL,	'https://res.cloudinary.com/diyc1dizi/image/upload/aranya/4_2.png',	'https://res.cloudinary.com/diyc1dizi/image/upload/aranya/4_2.png',	'https://res.cloudinary.com/diyc1dizi/image/upload/aranya/11_1.png',	NULL,	NULL,	NULL,	'244',	'265',	'655',	'cm',	NULL,	'0.4 kg',	'DFEREFFDFF',	'White,Off-White',	'No',	NULL,	'<p><span style=\"color: rgb(63, 64, 65);\">The India international put on a batting masterclass blasting 11 sixes and 28 fours. Along the way he eclipsed his undefeated 227 for Mumbai against Puducherry at Jaipur in 2021. He also moved past Ben Duckett\'s 220 not out for England Lions against Sri Lanka A in 2016 to post the second-highest ever List A innings made in England. Only Alistair Brown with 268 for Surrey against Glamorgan at the Oval in 2002 has scored more.</span></p>',	1,	0,	1,	'2023-08-10 05:49:37',	'2023-08-13 05:29:12',	'2023-08-13 05:29:12'),
(131,	'Libby Sharp',	'libby-sharp',	37,	0,	1,	'Amena Douglas',	'https://res.cloudinary.com/diyc1dizi/image/upload/aranya/4_2.png',	'https://res.cloudinary.com/diyc1dizi/image/upload/aranya/4_2.png',	NULL,	NULL,	NULL,	NULL,	'47',	'79',	'5',	'Voluptatum ut reicie',	NULL,	'Dolor eius cumque au',	'Eos debitis volupta',	'',	'No',	NULL,	'<p>abc</p>',	1,	0,	0,	'2023-08-10 05:52:08',	NULL,	'2023-08-10 05:52:08'),
(145,	'Libby Sharp',	'libby-sharp',	37,	0,	1,	'Amena Douglas',	'https://res.cloudinary.com/diyc1dizi/image/upload/aranya/4_2.png',	'https://res.cloudinary.com/diyc1dizi/image/upload/aranya/4_2.png',	NULL,	NULL,	NULL,	NULL,	'47',	'79',	'5',	'Voluptatum ut reicie',	NULL,	'Dolor eius cumque au',	'Eos debitis volupta',	'',	'Yes',	NULL,	'<p>abc</p>',	1,	0,	0,	'2023-08-10 05:53:59',	NULL,	'2023-08-10 05:53:59'),
(161,	'Punjabi',	'punjabi',	2,	13,	1,	'123',	'https://res.cloudinary.com/diyc1dizi/image/upload/aranya/4_2.png',	'https://res.cloudinary.com/diyc1dizi/image/upload/aranya/4_2.png',	NULL,	NULL,	NULL,	NULL,	'45',	'23',	'36',	'23',	NULL,	'0.6',	'AD456',	'Black',	'Yes',	NULL,	'<p>Punjabi</p>',	1,	0,	0,	'2023-08-10 07:00:04',	NULL,	'2023-08-10 07:00:04'),
(165,	'Punjabi',	'punjabi',	2,	13,	1,	'123',	'https://res.cloudinary.com/diyc1dizi/image/upload/aranya/4_2.png',	'https://res.cloudinary.com/diyc1dizi/image/upload/aranya/4_2.png',	NULL,	NULL,	NULL,	NULL,	'45',	'23',	'36',	'23',	NULL,	'0.6',	'AD456',	'Black',	'Yes',	500,	'<p>Punjabi</p>',	1,	0,	0,	'2023-08-10 07:02:11',	NULL,	'2023-08-13 05:16:39'),
(174,	'tyutyuydfgh',	'tyutyuydfgh',	37,	31,	1,	NULL,	'https://res.cloudinary.com/diyc1dizi/image/upload/aranya/27_1.png',	'https://res.cloudinary.com/diyc1dizi/image/upload/aranya/27_1.png',	'https://res.cloudinary.com/diyc1dizi/image/upload/aranya/4_2.png',	NULL,	NULL,	NULL,	'45',	'54',	'43',	'64',	NULL,	'300gm',	'ADWERR1232',	'White,Off-White',	'Yes',	NULL,	'<p>test product</p>',	1,	0,	0,	'2023-08-10 07:10:42',	'2023-08-13 05:28:06',	'2023-08-13 05:28:06'),
(185,	'tyutyuydfgh',	'tyutyuydfgh',	37,	31,	1,	NULL,	'https://res.cloudinary.com/diyc1dizi/image/upload/aranya/27_1.png',	'https://res.cloudinary.com/diyc1dizi/image/upload/aranya/27_1.png',	'https://res.cloudinary.com/diyc1dizi/image/upload/aranya/4_2.png',	NULL,	NULL,	NULL,	'45',	'54',	'43',	'64',	NULL,	'300gm',	'ADWERR1232',	'White,Off-White',	'Yes',	NULL,	'<p>test product</p>',	1,	0,	0,	'2023-08-10 07:13:12',	'2023-08-13 05:28:02',	'2023-08-13 05:28:02'),
(186,	'tyutyuydfgh',	'tyutyuydfgh',	37,	31,	1,	NULL,	'https://res.cloudinary.com/diyc1dizi/image/upload/aranya/27_1.png',	'https://res.cloudinary.com/diyc1dizi/image/upload/aranya/27_1.png',	'https://res.cloudinary.com/diyc1dizi/image/upload/aranya/4_2.png',	NULL,	NULL,	NULL,	'45',	'54',	'43',	'64',	NULL,	'300gm',	'ADWERR1232',	'White,Off-White',	'Yes',	NULL,	'<p>test product</p>',	1,	0,	0,	'2023-08-10 07:14:07',	'2023-08-13 05:27:58',	'2023-08-13 05:27:58'),
(187,	'test product 43',	'test-product-43',	37,	31,	1,	NULL,	'https://res.cloudinary.com/diyc1dizi/image/upload/aranya/27_1.png',	'https://res.cloudinary.com/diyc1dizi/image/upload/aranya/27_1.png',	'https://res.cloudinary.com/diyc1dizi/image/upload/aranya/4_2.png',	NULL,	NULL,	NULL,	'45',	'54',	'43',	'64',	NULL,	'300gm',	'ADWERR1232',	'White,Off-White',	'Yes',	30,	'<p>test product</p>',	1,	0,	0,	'2023-08-10 07:15:46',	NULL,	'2023-08-13 05:09:53'),
(188,	'test product-tsty',	'test-product-tsty',	37,	31,	1,	NULL,	'https://res.cloudinary.com/diyc1dizi/image/upload/aranya/27_1.png',	'https://res.cloudinary.com/diyc1dizi/image/upload/aranya/27_1.png',	'https://res.cloudinary.com/diyc1dizi/image/upload/aranya/4_2.png',	NULL,	NULL,	NULL,	'45',	'54',	'43',	'64',	NULL,	'300gm',	'ADWERR1232',	'White,Off-White',	'Yes',	35,	'<p>test product tesy</p>',	1,	0,	0,	'2023-08-10 07:17:12',	'2023-08-13 05:27:52',	'2023-08-13 05:27:52'),
(189,	'new test-repair',	'new-test-repair',	1,	8,	2,	NULL,	'https://res.cloudinary.com/diyc1dizi/image/upload/aranya/11_1.png',	'https://res.cloudinary.com/diyc1dizi/image/upload/aranya/11_1.png',	'https://res.cloudinary.com/diyc1dizi/image/upload/Untitled_design_32.png',	NULL,	NULL,	NULL,	'543',	'534',	'523',	'43',	NULL,	'56h',	'GWETR12354',	'Off-White',	'Yes',	350,	'<p><span style=\"background-color: rgb(255, 255, 255); color: rgb(63, 64, 65);\">Shaw took on the spinners, using his feet to hit down the ground or sweeping high over long-off, one ball flying out of the ground. He also played fluently against the seamers, </span></p><p><span style=\"background-color: rgb(255, 255, 255); color: rgb(63, 64, 65);\">controlling the hook shot well, driving and cutting and twice depositing Somerset\'s most experienced bowler Jack Brooks over long-off for six.</span></p>',	1,	0,	0,	'2023-08-10 07:21:57',	NULL,	'2023-08-13 05:16:06'),
(190,	'Isabella Conley testy',	'isabella-conley-testy',	6,	35,	2,	NULL,	'https://res.cloudinary.com/diyc1dizi/image/upload/Untitled_design_32.png',	'https://res.cloudinary.com/diyc1dizi/image/upload/Untitled_design_32.png',	'https://res.cloudinary.com/diyc1dizi/image/upload/aranya/27_1.png',	NULL,	NULL,	NULL,	'54',	'56',	'76',	'inch',	NULL,	'0.2 kg',	'FEE45656664',	'Navy',	'Yes',	65,	'<ul><li>Create a model for&nbsp;<code style=\"background-color: initial;\">wp_woocommerce_order_itemmeta</code></li><li>set the relations between this new model and the model from which you get&nbsp;<code style=\"background-color: initial;\">$data</code></li><li>set the relations between&nbsp;<code style=\"background-color: initial;\">Wp_woocommerce_order_item</code>&nbsp;and the model from which you get&nbsp;<code style=\"background-color: initial;\">$data</code></li><li>use eager loading (&nbsp;<code style=\"background-color: initial;\">with</code>) in the query in which you load&nbsp;<code style=\"background-color: initial;\">$data</code></li></ul>',	1,	0,	0,	'2023-08-10 13:40:19',	'2023-08-16 06:19:57',	'2023-08-16 06:19:57'),
(191,	'Kurti',	'kurti',	1,	9,	2,	'123',	'https://res.cloudinary.com/diyc1dizi/image/upload/aranya/27_1.png',	'https://res.cloudinary.com/diyc1dizi/image/upload/aranya/27_1.png',	NULL,	NULL,	NULL,	NULL,	'23',	'25',	'23',	'23',	NULL,	'5',	'ABA123456',	'Black',	'No',	0,	'<p>dye</p>',	1,	0,	0,	'2023-08-13 05:11:34',	'2023-08-17 09:33:44',	'2023-08-17 09:33:44'),
(192,	'Salwar Kameez',	'salwar-kameez',	1,	8,	2,	'123',	'https://res.cloudinary.com/diyc1dizi/image/upload/aranya/11_1.png',	'https://res.cloudinary.com/diyc1dizi/image/upload/aranya/11_1.png',	NULL,	NULL,	NULL,	NULL,	'50',	'45',	'55',	'68',	NULL,	'0.8',	'DEF789',	'Sea Green',	'Yes',	34,	'<p>Punjabi</p>',	1,	0,	0,	'2023-08-13 08:43:43',	NULL,	'2023-08-13 08:43:43'),
(193,	'Kurti',	'kurti',	1,	9,	2,	NULL,	'https://res.cloudinary.com/diyc1dizi/image/upload/aranya/27_1.png',	'https://res.cloudinary.com/diyc1dizi/image/upload/aranya/27_1.png',	NULL,	NULL,	NULL,	NULL,	'50',	'30',	'20',	'70',	NULL,	'0.6',	'STU890',	'White',	'Yes',	40,	'<p>Simple Kurti</p>',	1,	0,	1,	'2023-08-14 05:26:38',	'2023-08-14 05:27:29',	'2023-08-14 05:27:29'),
(194,	'Kurti',	'kurti',	1,	9,	2,	'123',	'https://res.cloudinary.com/diyc1dizi/image/upload/v1692165926/29_1.png',	'https://res.cloudinary.com/diyc1dizi/image/upload/v1692165926/29_1.png',	NULL,	NULL,	NULL,	NULL,	'20',	'7',	'36',	'35',	NULL,	'0.7',	'CDEF7890',	'Off-White',	'Yes',	50,	'<p>Stylish kurti</p>',	1,	0,	0,	'2023-08-16 06:12:18',	'2023-08-17 09:33:29',	'2023-08-17 09:33:29'),
(220,	'Skirt',	'skirt',	1,	9,	2,	'123',	'https://res.cloudinary.com/diyc1dizi/image/upload/v1692681780/28_1.png',	'https://res.cloudinary.com/diyc1dizi/image/upload/v1692681780/28_1.png',	NULL,	NULL,	NULL,	NULL,	'30',	'25',	'45',	'50',	NULL,	'2',	'BNM456',	'Sea Green',	'No',	0,	'<p>Embrodery skirt</p>',	1,	0,	0,	'2023-08-22 05:27:43',	NULL,	'2023-08-22 05:27:43'),
(221,	'test-2',	'test-2',	2,	15,	1,	NULL,	'https://res.cloudinary.com/diyc1dizi/image/upload/10_1.png',	'https://res.cloudinary.com/diyc1dizi/image/upload/10_1.png',	'https://res.cloudinary.com/diyc1dizi/image/upload/10_2.png',	NULL,	NULL,	NULL,	'120',	'70',	'100',	'cm',	NULL,	'0.200',	'S23976557876',	'',	'No',	0,	'<p>test product added</p>',	1,	0,	1,	'2023-08-22 06:16:58',	NULL,	'2023-08-22 06:16:58'),
(222,	'test-3',	'test-3',	4,	24,	2,	NULL,	'https://res.cloudinary.com/diyc1dizi/image/upload/10_1.png',	'https://res.cloudinary.com/diyc1dizi/image/upload/10_1.png',	'https://res.cloudinary.com/diyc1dizi/image/upload/10_2.png',	NULL,	NULL,	NULL,	'130',	'100',	'80',	'cm',	NULL,	'0.300',	'SD375678854',	'White,Navy,Manjit',	'Yes',	30,	'<p>test 3 added</p>',	1,	0,	0,	'2023-08-22 06:21:59',	NULL,	'2023-08-22 06:21:59'),
(235,	'asdasd',	'asdasd',	1,	7,	1,	NULL,	'https://res.cloudinary.com/diyc1dizi/image/upload/Untitled_design_32.png',	'https://res.cloudinary.com/diyc1dizi/image/upload/Untitled_design_32.png',	'https://res.cloudinary.com/diyc1dizi/image/upload/7_1.png',	NULL,	NULL,	NULL,	'65',	'45',	'455',	'cm',	NULL,	'3454',	'DFE457676576',	'Black',	'No',	0,	'<p>asdad</p>',	1,	0,	0,	'2023-08-28 07:43:23',	NULL,	'2023-08-28 07:43:23'),
(236,	'testing-12',	'testing-12',	3,	39,	2,	NULL,	'https://res.cloudinary.com/diyc1dizi/image/upload/Untitled_design_32.png',	'https://res.cloudinary.com/diyc1dizi/image/upload/Untitled_design_32.png',	'https://res.cloudinary.com/diyc1dizi/image/upload/10_2.png',	NULL,	NULL,	NULL,	'544',	'345',	'433',	'cm',	NULL,	'234',	'ADWERR123243',	'',	'Yes',	34,	'<p>test</p>',	1,	0,	0,	'2023-08-28 07:47:26',	NULL,	'2023-08-28 07:47:26');

DROP TABLE IF EXISTS `product_artists`;
CREATE TABLE `product_artists` (
  `id` bigint(20) unsigned NOT NULL AUTO_INCREMENT,
  `product_id` bigint(20) unsigned NOT NULL,
  `artist_id` bigint(20) unsigned NOT NULL,
  `created_at` timestamp NULL DEFAULT NULL,
  `updated_at` timestamp NULL DEFAULT NULL,
  PRIMARY KEY (`id`)
) ENGINE=InnoDB DEFAULT CHARSET=utf8mb4 COLLATE=utf8mb4_unicode_ci;

INSERT INTO `product_artists` (`id`, `product_id`, `artist_id`, `created_at`, `updated_at`) VALUES
(2,	161,	1,	'2023-08-10 07:00:04',	'2023-08-10 07:00:04'),
(3,	165,	1,	'2023-08-10 07:02:11',	'2023-08-10 07:02:11'),
(7,	187,	1,	'2023-08-10 07:15:46',	'2023-08-10 07:15:46'),
(9,	189,	1,	'2023-08-10 07:21:57',	'2023-08-10 07:21:57'),
(12,	192,	1,	'2023-08-13 08:43:43',	'2023-08-13 08:43:43'),
(15,	220,	1,	'2023-08-22 05:27:43',	'2023-08-22 05:27:43'),
(16,	235,	1,	'2023-08-28 07:43:23',	'2023-08-28 07:43:23');

DROP TABLE IF EXISTS `product_brands`;
CREATE TABLE `product_brands` (
  `id` bigint(20) unsigned NOT NULL AUTO_INCREMENT,
  `product_id` bigint(20) unsigned NOT NULL,
  `brand_id` bigint(20) unsigned NOT NULL,
  `created_at` timestamp NULL DEFAULT NULL,
  `updated_at` timestamp NULL DEFAULT NULL,
  PRIMARY KEY (`id`)
) ENGINE=InnoDB DEFAULT CHARSET=utf8mb4 COLLATE=utf8mb4_unicode_ci;

INSERT INTO `product_brands` (`id`, `product_id`, `brand_id`, `created_at`, `updated_at`) VALUES
(1,	1,	1,	'2023-03-22 03:14:42',	'2023-03-22 03:14:42'),
(2,	2,	1,	'2023-03-22 03:14:42',	'2023-03-22 03:14:42'),
(3,	3,	1,	'2023-03-22 03:14:42',	'2023-03-22 03:14:42'),
(4,	4,	1,	'2023-03-22 03:14:42',	'2023-03-22 03:14:42'),
(5,	5,	1,	'2023-03-22 03:14:42',	'2023-03-22 03:14:42'),
(6,	6,	1,	'2023-03-22 03:14:42',	'2023-03-22 03:14:42'),
(7,	7,	1,	'2023-03-22 03:14:42',	'2023-03-22 03:14:42'),
(8,	8,	1,	'2023-03-22 03:14:42',	'2023-03-22 03:14:42'),
(9,	9,	1,	'2023-03-22 03:14:42',	'2023-03-22 03:14:42'),
(10,	10,	1,	'2023-03-22 03:14:42',	'2023-03-22 03:14:42'),
(11,	11,	1,	'2023-03-22 03:14:42',	'2023-03-22 03:14:42'),
(12,	12,	1,	'2023-03-22 03:14:42',	'2023-03-22 03:14:42'),
(13,	13,	1,	'2023-03-22 03:14:42',	'2023-03-22 03:14:42'),
(14,	14,	1,	'2023-03-22 03:14:43',	'2023-03-22 03:14:43'),
(15,	15,	1,	'2023-03-22 03:14:43',	'2023-03-22 03:14:43'),
(16,	16,	1,	'2023-03-22 03:14:43',	'2023-03-22 03:14:43'),
(17,	17,	1,	'2023-03-22 03:14:43',	'2023-03-22 03:14:43'),
(18,	18,	1,	'2023-03-22 03:14:43',	'2023-03-22 03:14:43'),
(19,	19,	1,	'2023-03-22 03:14:43',	'2023-03-22 03:14:43'),
(20,	20,	1,	'2023-03-22 03:14:43',	'2023-03-22 03:14:43'),
(21,	21,	1,	'2023-03-22 03:14:43',	'2023-03-22 03:14:43'),
(22,	22,	1,	'2023-03-22 03:14:43',	'2023-03-22 03:14:43'),
(23,	23,	1,	'2023-03-22 03:14:43',	'2023-03-22 03:14:43'),
(24,	24,	1,	'2023-03-22 03:14:43',	'2023-03-22 03:14:43'),
(25,	25,	1,	'2023-03-22 03:14:43',	'2023-03-22 03:14:43'),
(26,	26,	1,	'2023-03-22 03:14:43',	'2023-03-22 03:14:43'),
(27,	27,	1,	'2023-03-22 03:14:43',	'2023-03-22 03:14:43'),
(28,	28,	1,	'2023-03-22 03:14:43',	'2023-03-22 03:14:43'),
(29,	29,	1,	'2023-03-22 03:14:43',	'2023-03-22 03:14:43'),
(30,	30,	1,	'2023-03-22 03:14:43',	'2023-03-22 03:14:43'),
(31,	31,	1,	'2023-03-22 03:14:44',	'2023-03-22 03:14:44'),
(32,	32,	1,	'2023-03-22 03:14:44',	'2023-03-22 03:14:44'),
(33,	33,	1,	'2023-03-22 03:14:44',	'2023-03-22 03:14:44'),
(34,	34,	1,	'2023-03-22 03:14:44',	'2023-03-22 03:14:44'),
(35,	35,	1,	'2023-03-22 03:14:44',	'2023-03-22 03:14:44'),
(36,	36,	1,	'2023-03-22 03:14:44',	'2023-03-22 03:14:44'),
(37,	37,	1,	'2023-03-22 03:14:44',	'2023-03-22 03:14:44'),
(38,	38,	1,	'2023-03-22 03:14:44',	'2023-03-22 03:14:44'),
(39,	39,	1,	'2023-03-22 03:14:44',	'2023-03-22 03:14:44'),
(40,	40,	1,	'2023-03-22 03:14:44',	'2023-03-22 03:14:44'),
(41,	41,	1,	'2023-03-22 03:14:44',	'2023-03-22 03:14:44'),
(42,	42,	1,	'2023-03-22 03:14:44',	'2023-03-22 03:14:44'),
(43,	43,	1,	'2023-03-22 03:14:44',	'2023-03-22 03:14:44'),
(44,	44,	1,	'2023-03-22 03:14:44',	'2023-03-22 03:14:44'),
(45,	45,	1,	'2023-03-22 03:14:44',	'2023-03-22 03:14:44'),
(46,	46,	1,	'2023-03-22 03:14:44',	'2023-03-22 03:14:44'),
(47,	47,	1,	'2023-03-22 03:14:44',	'2023-03-22 03:14:44'),
(48,	48,	1,	'2023-03-22 03:14:44',	'2023-03-22 03:14:44'),
(49,	49,	1,	'2023-03-22 03:14:44',	'2023-03-22 03:14:44'),
(50,	50,	1,	'2023-03-22 03:14:44',	'2023-03-22 03:14:44'),
(51,	51,	1,	'2023-03-22 03:14:44',	'2023-03-22 03:14:44'),
(52,	52,	1,	'2023-03-22 03:14:45',	'2023-03-22 03:14:45'),
(53,	53,	1,	'2023-03-22 03:14:45',	'2023-03-22 03:14:45'),
(54,	54,	1,	'2023-03-22 03:14:45',	'2023-03-22 03:14:45'),
(55,	55,	1,	'2023-03-22 03:14:45',	'2023-03-22 03:14:45'),
(56,	56,	1,	'2023-03-22 03:14:45',	'2023-03-22 03:14:45'),
(57,	57,	1,	'2023-03-22 03:14:45',	'2023-03-22 03:14:45'),
(58,	58,	1,	'2023-03-22 03:14:45',	'2023-03-22 03:14:45'),
(59,	59,	1,	'2023-03-22 03:14:45',	'2023-03-22 03:14:45'),
(60,	60,	1,	'2023-03-22 03:14:45',	'2023-03-22 03:14:45'),
(61,	61,	1,	'2023-03-22 03:14:45',	'2023-03-22 03:14:45'),
(62,	62,	1,	'2023-03-22 03:14:45',	'2023-03-22 03:14:45'),
(63,	63,	1,	'2023-03-22 03:14:45',	'2023-03-22 03:14:45'),
(64,	64,	1,	'2023-03-22 03:14:45',	'2023-03-22 03:14:45'),
(65,	65,	1,	'2023-03-22 03:14:45',	'2023-03-22 03:14:45'),
(66,	66,	1,	'2023-03-22 03:14:46',	'2023-03-22 03:14:46'),
(67,	67,	1,	'2023-03-22 03:14:46',	'2023-03-22 03:14:46'),
(68,	68,	1,	'2023-03-22 03:14:46',	'2023-03-22 03:14:46'),
(69,	69,	1,	'2023-03-22 03:14:46',	'2023-03-22 03:14:46'),
(70,	70,	1,	'2023-03-22 03:14:46',	'2023-03-22 03:14:46'),
(71,	71,	1,	'2023-03-22 03:14:46',	'2023-03-22 03:14:46'),
(72,	72,	1,	'2023-03-22 03:14:46',	'2023-03-22 03:14:46'),
(73,	73,	1,	'2023-03-22 03:14:46',	'2023-03-22 03:14:46'),
(74,	74,	1,	'2023-03-22 03:14:46',	'2023-03-22 03:14:46'),
(75,	75,	1,	'2023-03-22 03:14:46',	'2023-03-22 03:14:46'),
(76,	76,	1,	'2023-03-22 03:14:46',	'2023-03-22 03:14:46'),
(77,	77,	1,	'2023-03-22 03:14:46',	'2023-03-22 03:14:46'),
(78,	78,	1,	'2023-03-22 03:14:46',	'2023-03-22 03:14:46'),
(79,	79,	1,	'2023-03-22 03:14:46',	'2023-03-22 03:14:46'),
(80,	80,	1,	'2023-03-22 03:14:46',	'2023-03-22 03:14:46'),
(81,	81,	1,	'2023-03-22 03:14:46',	'2023-03-22 03:14:46'),
(82,	82,	1,	'2023-03-22 03:14:46',	'2023-03-22 03:14:46'),
(83,	83,	1,	'2023-03-22 03:14:46',	'2023-03-22 03:14:46'),
(84,	84,	1,	'2023-03-22 03:14:46',	'2023-03-22 03:14:46'),
(85,	85,	1,	'2023-03-22 03:14:46',	'2023-03-22 03:14:46'),
(86,	86,	1,	'2023-03-22 03:14:46',	'2023-03-22 03:14:46'),
(87,	87,	1,	'2023-03-22 03:14:46',	'2023-03-22 03:14:46'),
(88,	88,	1,	'2023-03-22 03:14:46',	'2023-03-22 03:14:46'),
(89,	89,	1,	'2023-03-22 03:14:46',	'2023-03-22 03:14:46'),
(90,	90,	1,	'2023-03-22 03:14:46',	'2023-03-22 03:14:46'),
(91,	91,	1,	'2023-03-22 03:14:46',	'2023-03-22 03:14:46'),
(92,	92,	1,	'2023-03-22 03:14:46',	'2023-03-22 03:14:46'),
(93,	93,	1,	'2023-03-22 03:14:46',	'2023-03-22 03:14:46'),
(94,	94,	1,	'2023-03-22 03:14:46',	'2023-03-22 03:14:46'),
(95,	95,	1,	'2023-03-22 03:14:46',	'2023-03-22 03:14:46'),
(96,	96,	1,	'2023-03-22 03:14:46',	'2023-03-22 03:14:46'),
(97,	97,	1,	'2023-03-22 03:14:47',	'2023-03-22 03:14:47'),
(98,	98,	1,	'2023-03-22 03:14:47',	'2023-03-22 03:14:47'),
(99,	99,	1,	'2023-03-22 03:14:47',	'2023-03-22 03:14:47'),
(100,	100,	1,	'2023-03-22 03:14:47',	'2023-03-22 03:14:47'),
(101,	101,	1,	'2023-03-22 03:14:47',	'2023-03-22 03:14:47'),
(102,	102,	1,	'2023-03-22 03:14:47',	'2023-03-22 03:14:47'),
(103,	103,	1,	'2023-03-22 03:14:47',	'2023-03-22 03:14:47'),
(104,	104,	1,	'2023-03-22 03:14:47',	'2023-03-22 03:14:47'),
(105,	105,	1,	'2023-03-22 03:14:47',	'2023-03-22 03:14:47'),
(106,	106,	1,	'2023-03-22 03:14:47',	'2023-03-22 03:14:47'),
(107,	107,	1,	'2023-03-22 03:14:47',	'2023-03-22 03:14:47'),
(108,	108,	1,	'2023-03-22 03:14:47',	'2023-03-22 03:14:47'),
(109,	109,	1,	'2023-03-22 03:14:47',	'2023-03-22 03:14:47'),
(110,	110,	1,	'2023-03-22 03:14:47',	'2023-03-22 03:14:47'),
(111,	111,	1,	'2023-03-22 03:14:47',	'2023-03-22 03:14:47'),
(112,	112,	1,	'2023-03-22 03:14:47',	'2023-03-22 03:14:47'),
(113,	113,	1,	'2023-03-22 03:14:47',	'2023-03-22 03:14:47'),
(114,	114,	1,	'2023-03-22 03:14:47',	'2023-03-22 03:14:47'),
(115,	115,	1,	'2023-03-22 03:14:47',	'2023-03-22 03:14:47'),
(116,	116,	1,	'2023-03-22 03:14:47',	'2023-03-22 03:14:47'),
(117,	117,	1,	'2023-03-22 03:14:47',	'2023-03-22 03:14:47'),
(118,	118,	1,	'2023-03-22 03:14:47',	'2023-03-22 03:14:47'),
(119,	119,	1,	'2023-03-22 03:14:47',	'2023-03-22 03:14:47'),
(120,	120,	1,	'2023-03-22 03:14:47',	'2023-03-22 03:14:47'),
(121,	121,	1,	'2023-03-22 03:14:47',	'2023-03-22 03:14:47'),
(122,	122,	1,	'2023-03-22 03:14:47',	'2023-03-22 03:14:47'),
(123,	123,	1,	'2023-03-22 03:14:47',	'2023-03-22 03:14:47'),
(124,	124,	1,	'2023-03-22 03:14:47',	'2023-03-22 03:14:47'),
(125,	125,	1,	'2023-03-22 03:14:47',	'2023-03-22 03:14:47'),
(139,	161,	1,	'2023-08-10 07:00:04',	'2023-08-10 07:00:04'),
(140,	165,	1,	'2023-08-10 07:02:11',	'2023-08-10 07:02:11'),
(144,	187,	1,	'2023-08-10 07:15:46',	'2023-08-10 07:15:46'),
(146,	189,	1,	'2023-08-10 07:21:57',	'2023-08-10 07:21:57'),
(149,	192,	1,	'2023-08-13 08:43:43',	'2023-08-13 08:43:43'),
(152,	220,	1,	'2023-08-22 05:27:43',	'2023-08-22 05:27:43'),
(153,	221,	1,	'2023-08-22 06:16:58',	'2023-08-22 06:16:58'),
(154,	222,	1,	'2023-08-22 06:21:59',	'2023-08-22 06:21:59'),
(155,	235,	1,	'2023-08-28 07:43:23',	'2023-08-28 07:43:23'),
(156,	236,	1,	'2023-08-28 07:47:26',	'2023-08-28 07:47:26');

DROP TABLE IF EXISTS `product_cares`;
CREATE TABLE `product_cares` (
  `id` bigint(20) unsigned NOT NULL AUTO_INCREMENT,
  `product_id` bigint(20) unsigned NOT NULL,
  `care_id` bigint(20) unsigned NOT NULL,
  `created_at` timestamp NULL DEFAULT NULL,
  `updated_at` timestamp NULL DEFAULT NULL,
  PRIMARY KEY (`id`)
) ENGINE=InnoDB DEFAULT CHARSET=utf8mb4 COLLATE=utf8mb4_unicode_ci;

INSERT INTO `product_cares` (`id`, `product_id`, `care_id`, `created_at`, `updated_at`) VALUES
(13,	192,	6,	'2023-08-13 08:43:43',	'2023-08-13 08:43:43'),
(16,	220,	6,	'2023-08-22 05:27:43',	'2023-08-22 05:27:43'),
(17,	221,	6,	'2023-08-22 06:16:58',	'2023-08-22 06:16:58'),
(18,	235,	6,	'2023-08-28 07:43:23',	'2023-08-28 07:43:23');

DROP TABLE IF EXISTS `product_colours`;
CREATE TABLE `product_colours` (
  `id` bigint(20) unsigned NOT NULL AUTO_INCREMENT,
  `product_id` bigint(20) unsigned NOT NULL,
  `colour_id` bigint(20) unsigned NOT NULL,
  `created_at` timestamp NULL DEFAULT NULL,
  `updated_at` timestamp NULL DEFAULT NULL,
  PRIMARY KEY (`id`)
) ENGINE=InnoDB DEFAULT CHARSET=utf8mb4 COLLATE=utf8mb4_unicode_ci;

INSERT INTO `product_colours` (`id`, `product_id`, `colour_id`, `created_at`, `updated_at`) VALUES
(1,	1,	1,	'2023-03-22 03:14:41',	'2023-03-22 03:14:41'),
(2,	2,	20,	'2023-03-22 03:14:42',	'2023-03-22 03:14:42'),
(3,	3,	13,	'2023-03-22 03:14:42',	'2023-03-22 03:14:42'),
(4,	4,	5,	'2023-03-22 03:14:42',	'2023-03-22 03:14:42'),
(5,	5,	2,	'2023-03-22 03:14:42',	'2023-03-22 03:14:42'),
(6,	5,	20,	'2023-03-22 03:14:42',	'2023-03-22 03:14:42'),
(7,	6,	11,	'2023-03-22 03:14:42',	'2023-03-22 03:14:42'),
(8,	7,	1,	'2023-03-22 03:14:42',	'2023-03-22 03:14:42'),
(9,	7,	12,	'2023-03-22 03:14:42',	'2023-03-22 03:14:42'),
(10,	8,	1,	'2023-03-22 03:14:42',	'2023-03-22 03:14:42'),
(11,	9,	10,	'2023-03-22 03:14:42',	'2023-03-22 03:14:42'),
(12,	10,	9,	'2023-03-22 03:14:42',	'2023-03-22 03:14:42'),
(13,	11,	14,	'2023-03-22 03:14:42',	'2023-03-22 03:14:42'),
(14,	12,	11,	'2023-03-22 03:14:42',	'2023-03-22 03:14:42'),
(15,	13,	5,	'2023-03-22 03:14:42',	'2023-03-22 03:14:42'),
(16,	13,	10,	'2023-03-22 03:14:42',	'2023-03-22 03:14:42'),
(17,	14,	2,	'2023-03-22 03:14:43',	'2023-03-22 03:14:43'),
(18,	15,	5,	'2023-03-22 03:14:43',	'2023-03-22 03:14:43'),
(19,	16,	5,	'2023-03-22 03:14:43',	'2023-03-22 03:14:43'),
(20,	16,	14,	'2023-03-22 03:14:43',	'2023-03-22 03:14:43'),
(21,	17,	2,	'2023-03-22 03:14:43',	'2023-03-22 03:14:43'),
(22,	17,	12,	'2023-03-22 03:14:43',	'2023-03-22 03:14:43'),
(23,	18,	2,	'2023-03-22 03:14:43',	'2023-03-22 03:14:43'),
(24,	19,	10,	'2023-03-22 03:14:43',	'2023-03-22 03:14:43'),
(25,	20,	1,	'2023-03-22 03:14:43',	'2023-03-22 03:14:43'),
(26,	20,	20,	'2023-03-22 03:14:43',	'2023-03-22 03:14:43'),
(27,	21,	2,	'2023-03-22 03:14:43',	'2023-03-22 03:14:43'),
(28,	21,	20,	'2023-03-22 03:14:43',	'2023-03-22 03:14:43'),
(29,	22,	18,	'2023-03-22 03:14:43',	'2023-03-22 03:14:43'),
(30,	23,	10,	'2023-03-22 03:14:43',	'2023-03-22 03:14:43'),
(31,	24,	10,	'2023-03-22 03:14:43',	'2023-03-22 03:14:43'),
(32,	25,	2,	'2023-03-22 03:14:43',	'2023-03-22 03:14:43'),
(33,	26,	13,	'2023-03-22 03:14:43',	'2023-03-22 03:14:43'),
(34,	27,	2,	'2023-03-22 03:14:43',	'2023-03-22 03:14:43'),
(35,	28,	5,	'2023-03-22 03:14:43',	'2023-03-22 03:14:43'),
(36,	29,	2,	'2023-03-22 03:14:43',	'2023-03-22 03:14:43'),
(37,	30,	1,	'2023-03-22 03:14:43',	'2023-03-22 03:14:43'),
(38,	31,	9,	'2023-03-22 03:14:44',	'2023-03-22 03:14:44'),
(39,	32,	12,	'2023-03-22 03:14:44',	'2023-03-22 03:14:44'),
(40,	33,	2,	'2023-03-22 03:14:44',	'2023-03-22 03:14:44'),
(41,	34,	10,	'2023-03-22 03:14:44',	'2023-03-22 03:14:44'),
(42,	36,	14,	'2023-03-22 03:14:44',	'2023-03-22 03:14:44'),
(43,	36,	20,	'2023-03-22 03:14:44',	'2023-03-22 03:14:44'),
(44,	37,	1,	'2023-03-22 03:14:44',	'2023-03-22 03:14:44'),
(45,	38,	10,	'2023-03-22 03:14:44',	'2023-03-22 03:14:44'),
(46,	39,	11,	'2023-03-22 03:14:44',	'2023-03-22 03:14:44'),
(47,	39,	13,	'2023-03-22 03:14:44',	'2023-03-22 03:14:44'),
(48,	40,	2,	'2023-03-22 03:14:44',	'2023-03-22 03:14:44'),
(49,	41,	1,	'2023-03-22 03:14:44',	'2023-03-22 03:14:44'),
(50,	42,	1,	'2023-03-22 03:14:44',	'2023-03-22 03:14:44'),
(51,	42,	12,	'2023-03-22 03:14:44',	'2023-03-22 03:14:44'),
(52,	43,	9,	'2023-03-22 03:14:44',	'2023-03-22 03:14:44'),
(53,	43,	10,	'2023-03-22 03:14:44',	'2023-03-22 03:14:44'),
(54,	44,	2,	'2023-03-22 03:14:44',	'2023-03-22 03:14:44'),
(55,	44,	12,	'2023-03-22 03:14:44',	'2023-03-22 03:14:44'),
(56,	45,	1,	'2023-03-22 03:14:44',	'2023-03-22 03:14:44'),
(57,	46,	10,	'2023-03-22 03:14:44',	'2023-03-22 03:14:44'),
(58,	46,	20,	'2023-03-22 03:14:44',	'2023-03-22 03:14:44'),
(59,	47,	13,	'2023-03-22 03:14:44',	'2023-03-22 03:14:44'),
(60,	48,	9,	'2023-03-22 03:14:44',	'2023-03-22 03:14:44'),
(61,	48,	20,	'2023-03-22 03:14:44',	'2023-03-22 03:14:44'),
(62,	49,	10,	'2023-03-22 03:14:44',	'2023-03-22 03:14:44'),
(63,	50,	11,	'2023-03-22 03:14:44',	'2023-03-22 03:14:44'),
(64,	51,	2,	'2023-03-22 03:14:44',	'2023-03-22 03:14:44'),
(65,	51,	12,	'2023-03-22 03:14:44',	'2023-03-22 03:14:44'),
(66,	52,	10,	'2023-03-22 03:14:45',	'2023-03-22 03:14:45'),
(67,	53,	11,	'2023-03-22 03:14:45',	'2023-03-22 03:14:45'),
(68,	54,	10,	'2023-03-22 03:14:45',	'2023-03-22 03:14:45'),
(69,	55,	2,	'2023-03-22 03:14:45',	'2023-03-22 03:14:45'),
(70,	55,	11,	'2023-03-22 03:14:45',	'2023-03-22 03:14:45'),
(71,	56,	2,	'2023-03-22 03:14:45',	'2023-03-22 03:14:45'),
(72,	56,	12,	'2023-03-22 03:14:45',	'2023-03-22 03:14:45'),
(73,	57,	2,	'2023-03-22 03:14:45',	'2023-03-22 03:14:45'),
(74,	57,	12,	'2023-03-22 03:14:45',	'2023-03-22 03:14:45'),
(75,	58,	14,	'2023-03-22 03:14:45',	'2023-03-22 03:14:45'),
(76,	59,	10,	'2023-03-22 03:14:45',	'2023-03-22 03:14:45'),
(77,	60,	10,	'2023-03-22 03:14:45',	'2023-03-22 03:14:45'),
(78,	60,	16,	'2023-03-22 03:14:45',	'2023-03-22 03:14:45'),
(79,	61,	12,	'2023-03-22 03:14:45',	'2023-03-22 03:14:45'),
(80,	61,	16,	'2023-03-22 03:14:45',	'2023-03-22 03:14:45'),
(81,	62,	10,	'2023-03-22 03:14:45',	'2023-03-22 03:14:45'),
(82,	63,	11,	'2023-03-22 03:14:45',	'2023-03-22 03:14:45'),
(83,	64,	13,	'2023-03-22 03:14:45',	'2023-03-22 03:14:45'),
(84,	65,	20,	'2023-03-22 03:14:45',	'2023-03-22 03:14:45'),
(85,	66,	10,	'2023-03-22 03:14:46',	'2023-03-22 03:14:46'),
(86,	67,	2,	'2023-03-22 03:14:46',	'2023-03-22 03:14:46'),
(87,	68,	2,	'2023-03-22 03:14:46',	'2023-03-22 03:14:46'),
(88,	69,	2,	'2023-03-22 03:14:46',	'2023-03-22 03:14:46'),
(89,	69,	10,	'2023-03-22 03:14:46',	'2023-03-22 03:14:46'),
(90,	70,	11,	'2023-03-22 03:14:46',	'2023-03-22 03:14:46'),
(118,	85,	9,	'2023-03-22 03:14:46',	'2023-03-22 03:14:46'),
(119,	85,	10,	'2023-03-22 03:14:46',	'2023-03-22 03:14:46'),
(120,	86,	9,	'2023-03-22 03:14:46',	'2023-03-22 03:14:46'),
(121,	86,	10,	'2023-03-22 03:14:46',	'2023-03-22 03:14:46'),
(122,	87,	11,	'2023-03-22 03:14:46',	'2023-03-22 03:14:46'),
(123,	88,	1,	'2023-03-22 03:14:46',	'2023-03-22 03:14:46'),
(124,	89,	10,	'2023-03-22 03:14:46',	'2023-03-22 03:14:46'),
(125,	90,	5,	'2023-03-22 03:14:46',	'2023-03-22 03:14:46'),
(126,	91,	13,	'2023-03-22 03:14:46',	'2023-03-22 03:14:46'),
(127,	92,	2,	'2023-03-22 03:14:46',	'2023-03-22 03:14:46'),
(128,	93,	14,	'2023-03-22 03:14:46',	'2023-03-22 03:14:46'),
(129,	94,	10,	'2023-03-22 03:14:46',	'2023-03-22 03:14:46'),
(130,	95,	10,	'2023-03-22 03:14:46',	'2023-03-22 03:14:46'),
(131,	96,	1,	'2023-03-22 03:14:46',	'2023-03-22 03:14:46'),
(132,	96,	12,	'2023-03-22 03:14:46',	'2023-03-22 03:14:46'),
(133,	97,	1,	'2023-03-22 03:14:47',	'2023-03-22 03:14:47'),
(134,	98,	1,	'2023-03-22 03:14:47',	'2023-03-22 03:14:47'),
(135,	99,	5,	'2023-03-22 03:14:47',	'2023-03-22 03:14:47'),
(136,	100,	11,	'2023-03-22 03:14:47',	'2023-03-22 03:14:47'),
(137,	101,	13,	'2023-03-22 03:14:47',	'2023-03-22 03:14:47'),
(138,	102,	14,	'2023-03-22 03:14:47',	'2023-03-22 03:14:47'),
(139,	103,	2,	'2023-03-22 03:14:47',	'2023-03-22 03:14:47'),
(140,	104,	1,	'2023-03-22 03:14:47',	'2023-03-22 03:14:47'),
(141,	104,	2,	'2023-03-22 03:14:47',	'2023-03-22 03:14:47'),
(142,	106,	10,	'2023-03-22 03:14:47',	'2023-03-22 03:14:47'),
(143,	107,	10,	'2023-03-22 03:14:47',	'2023-03-22 03:14:47'),
(144,	108,	1,	'2023-03-22 03:14:47',	'2023-03-22 03:14:47'),
(145,	108,	10,	'2023-03-22 03:14:47',	'2023-03-22 03:14:47'),
(146,	109,	13,	'2023-03-22 03:14:47',	'2023-03-22 03:14:47'),
(147,	110,	10,	'2023-03-22 03:14:47',	'2023-03-22 03:14:47'),
(148,	111,	1,	'2023-03-22 03:14:47',	'2023-03-22 03:14:47'),
(149,	111,	12,	'2023-03-22 03:14:47',	'2023-03-22 03:14:47'),
(150,	112,	2,	'2023-03-22 03:14:47',	'2023-03-22 03:14:47'),
(161,	221,	20,	'2023-08-22 06:16:58',	'2023-08-22 06:16:58'),
(162,	221,	10,	'2023-08-22 06:16:58',	'2023-08-22 06:16:58');

DROP TABLE IF EXISTS `product_consignments`;
CREATE TABLE `product_consignments` (
  `id` bigint(20) unsigned NOT NULL AUTO_INCREMENT,
  `product_id` bigint(20) unsigned NOT NULL,
  `consignment_id` bigint(20) unsigned NOT NULL,
  `created_at` timestamp NULL DEFAULT NULL,
  `updated_at` timestamp NULL DEFAULT NULL,
  PRIMARY KEY (`id`)
) ENGINE=InnoDB DEFAULT CHARSET=utf8mb4 COLLATE=utf8mb4_unicode_ci;

INSERT INTO `product_consignments` (`id`, `product_id`, `consignment_id`, `created_at`, `updated_at`) VALUES
(3,	192,	2,	'2023-08-13 08:43:43',	'2023-08-13 08:43:43'),
(6,	220,	2,	'2023-08-22 05:27:43',	'2023-08-22 05:27:43'),
(7,	222,	2,	'2023-08-22 06:21:59',	'2023-08-22 06:21:59'),
(8,	235,	2,	'2023-08-28 07:43:23',	'2023-08-28 07:43:23'),
(9,	236,	2,	'2023-08-28 07:47:26',	'2023-08-28 07:47:26');

DROP TABLE IF EXISTS `product_designers`;
CREATE TABLE `product_designers` (
  `id` bigint(20) unsigned NOT NULL AUTO_INCREMENT,
  `product_id` bigint(20) unsigned NOT NULL,
  `designer_id` bigint(20) unsigned NOT NULL,
  `created_at` timestamp NULL DEFAULT NULL,
  `updated_at` timestamp NULL DEFAULT NULL,
  PRIMARY KEY (`id`)
) ENGINE=InnoDB DEFAULT CHARSET=utf8mb4 COLLATE=utf8mb4_unicode_ci;

INSERT INTO `product_designers` (`id`, `product_id`, `designer_id`, `created_at`, `updated_at`) VALUES
(1,	1,	5,	'2023-03-22 03:14:42',	'2023-03-22 03:14:42'),
(2,	2,	10,	'2023-03-22 03:14:42',	'2023-03-22 03:14:42'),
(3,	3,	10,	'2023-03-22 03:14:42',	'2023-03-22 03:14:42'),
(4,	4,	10,	'2023-03-22 03:14:42',	'2023-03-22 03:14:42'),
(5,	5,	9,	'2023-03-22 03:14:42',	'2023-03-22 03:14:42'),
(6,	6,	11,	'2023-03-22 03:14:42',	'2023-03-22 03:14:42'),
(7,	7,	11,	'2023-03-22 03:14:42',	'2023-03-22 03:14:42'),
(8,	8,	6,	'2023-03-22 03:14:42',	'2023-03-22 03:14:42'),
(9,	9,	6,	'2023-03-22 03:14:42',	'2023-03-22 03:14:42'),
(10,	10,	6,	'2023-03-22 03:14:42',	'2023-03-22 03:14:42'),
(11,	11,	6,	'2023-03-22 03:14:42',	'2023-03-22 03:14:42'),
(12,	12,	6,	'2023-03-22 03:14:42',	'2023-03-22 03:14:42'),
(13,	13,	12,	'2023-03-22 03:14:42',	'2023-03-22 03:14:42'),
(14,	14,	12,	'2023-03-22 03:14:43',	'2023-03-22 03:14:43'),
(15,	15,	6,	'2023-03-22 03:14:43',	'2023-03-22 03:14:43'),
(16,	16,	5,	'2023-03-22 03:14:43',	'2023-03-22 03:14:43'),
(17,	17,	5,	'2023-03-22 03:14:43',	'2023-03-22 03:14:43'),
(18,	18,	10,	'2023-03-22 03:14:43',	'2023-03-22 03:14:43'),
(19,	19,	6,	'2023-03-22 03:14:43',	'2023-03-22 03:14:43'),
(20,	20,	12,	'2023-03-22 03:14:43',	'2023-03-22 03:14:43'),
(21,	21,	12,	'2023-03-22 03:14:43',	'2023-03-22 03:14:43'),
(22,	22,	6,	'2023-03-22 03:14:43',	'2023-03-22 03:14:43'),
(23,	23,	5,	'2023-03-22 03:14:43',	'2023-03-22 03:14:43'),
(24,	24,	12,	'2023-03-22 03:14:43',	'2023-03-22 03:14:43'),
(25,	25,	12,	'2023-03-22 03:14:43',	'2023-03-22 03:14:43'),
(26,	26,	12,	'2023-03-22 03:14:43',	'2023-03-22 03:14:43'),
(27,	27,	5,	'2023-03-22 03:14:43',	'2023-03-22 03:14:43'),
(28,	28,	5,	'2023-03-22 03:14:43',	'2023-03-22 03:14:43'),
(29,	29,	6,	'2023-03-22 03:14:43',	'2023-03-22 03:14:43'),
(30,	30,	12,	'2023-03-22 03:14:43',	'2023-03-22 03:14:43'),
(31,	31,	10,	'2023-03-22 03:14:44',	'2023-03-22 03:14:44'),
(32,	32,	6,	'2023-03-22 03:14:44',	'2023-03-22 03:14:44'),
(33,	33,	12,	'2023-03-22 03:14:44',	'2023-03-22 03:14:44'),
(34,	34,	12,	'2023-03-22 03:14:44',	'2023-03-22 03:14:44'),
(35,	36,	3,	'2023-03-22 03:14:44',	'2023-03-22 03:14:44'),
(36,	37,	7,	'2023-03-22 03:14:44',	'2023-03-22 03:14:44'),
(37,	38,	11,	'2023-03-22 03:14:44',	'2023-03-22 03:14:44'),
(38,	39,	7,	'2023-03-22 03:14:44',	'2023-03-22 03:14:44'),
(39,	40,	11,	'2023-03-22 03:14:44',	'2023-03-22 03:14:44'),
(40,	41,	11,	'2023-03-22 03:14:44',	'2023-03-22 03:14:44'),
(41,	42,	6,	'2023-03-22 03:14:44',	'2023-03-22 03:14:44'),
(42,	43,	5,	'2023-03-22 03:14:44',	'2023-03-22 03:14:44'),
(43,	44,	6,	'2023-03-22 03:14:44',	'2023-03-22 03:14:44'),
(44,	45,	7,	'2023-03-22 03:14:44',	'2023-03-22 03:14:44'),
(45,	46,	7,	'2023-03-22 03:14:44',	'2023-03-22 03:14:44'),
(46,	47,	5,	'2023-03-22 03:14:44',	'2023-03-22 03:14:44'),
(47,	48,	12,	'2023-03-22 03:14:44',	'2023-03-22 03:14:44'),
(48,	49,	12,	'2023-03-22 03:14:44',	'2023-03-22 03:14:44'),
(49,	50,	11,	'2023-03-22 03:14:44',	'2023-03-22 03:14:44'),
(50,	51,	14,	'2023-03-22 03:14:45',	'2023-03-22 03:14:45'),
(51,	52,	6,	'2023-03-22 03:14:45',	'2023-03-22 03:14:45'),
(52,	53,	6,	'2023-03-22 03:14:45',	'2023-03-22 03:14:45'),
(53,	54,	11,	'2023-03-22 03:14:45',	'2023-03-22 03:14:45'),
(54,	55,	11,	'2023-03-22 03:14:45',	'2023-03-22 03:14:45'),
(55,	56,	11,	'2023-03-22 03:14:45',	'2023-03-22 03:14:45'),
(56,	57,	11,	'2023-03-22 03:14:45',	'2023-03-22 03:14:45'),
(57,	58,	8,	'2023-03-22 03:14:45',	'2023-03-22 03:14:45'),
(58,	59,	10,	'2023-03-22 03:14:45',	'2023-03-22 03:14:45'),
(59,	60,	10,	'2023-03-22 03:14:45',	'2023-03-22 03:14:45'),
(60,	61,	10,	'2023-03-22 03:14:45',	'2023-03-22 03:14:45'),
(61,	62,	7,	'2023-03-22 03:14:45',	'2023-03-22 03:14:45'),
(62,	63,	9,	'2023-03-22 03:14:45',	'2023-03-22 03:14:45'),
(63,	64,	14,	'2023-03-22 03:14:45',	'2023-03-22 03:14:45'),
(64,	65,	14,	'2023-03-22 03:14:45',	'2023-03-22 03:14:45'),
(65,	66,	10,	'2023-03-22 03:14:46',	'2023-03-22 03:14:46'),
(66,	67,	10,	'2023-03-22 03:14:46',	'2023-03-22 03:14:46'),
(67,	68,	10,	'2023-03-22 03:14:46',	'2023-03-22 03:14:46'),
(68,	69,	9,	'2023-03-22 03:14:46',	'2023-03-22 03:14:46'),
(69,	70,	9,	'2023-03-22 03:14:46',	'2023-03-22 03:14:46'),
(70,	71,	11,	'2023-03-22 03:14:46',	'2023-03-22 03:14:46'),
(71,	72,	11,	'2023-03-22 03:14:46',	'2023-03-22 03:14:46'),
(72,	73,	6,	'2023-03-22 03:14:46',	'2023-03-22 03:14:46'),
(73,	74,	2,	'2023-03-22 03:14:46',	'2023-03-22 03:14:46'),
(74,	75,	12,	'2023-03-22 03:14:46',	'2023-03-22 03:14:46'),
(75,	76,	2,	'2023-03-22 03:14:46',	'2023-03-22 03:14:46'),
(76,	77,	12,	'2023-03-22 03:14:46',	'2023-03-22 03:14:46'),
(77,	78,	2,	'2023-03-22 03:14:46',	'2023-03-22 03:14:46'),
(78,	79,	2,	'2023-03-22 03:14:46',	'2023-03-22 03:14:46'),
(79,	80,	8,	'2023-03-22 03:14:46',	'2023-03-22 03:14:46'),
(80,	81,	2,	'2023-03-22 03:14:46',	'2023-03-22 03:14:46'),
(81,	82,	12,	'2023-03-22 03:14:46',	'2023-03-22 03:14:46'),
(82,	83,	8,	'2023-03-22 03:14:46',	'2023-03-22 03:14:46'),
(83,	84,	12,	'2023-03-22 03:14:46',	'2023-03-22 03:14:46'),
(84,	85,	11,	'2023-03-22 03:14:46',	'2023-03-22 03:14:46'),
(85,	86,	5,	'2023-03-22 03:14:46',	'2023-03-22 03:14:46'),
(86,	87,	6,	'2023-03-22 03:14:46',	'2023-03-22 03:14:46'),
(87,	88,	11,	'2023-03-22 03:14:46',	'2023-03-22 03:14:46'),
(88,	89,	4,	'2023-03-22 03:14:46',	'2023-03-22 03:14:46'),
(89,	90,	14,	'2023-03-22 03:14:46',	'2023-03-22 03:14:46'),
(90,	91,	4,	'2023-03-22 03:14:46',	'2023-03-22 03:14:46'),
(91,	92,	13,	'2023-03-22 03:14:46',	'2023-03-22 03:14:46'),
(92,	93,	10,	'2023-03-22 03:14:46',	'2023-03-22 03:14:46'),
(93,	94,	11,	'2023-03-22 03:14:46',	'2023-03-22 03:14:46'),
(94,	95,	5,	'2023-03-22 03:14:46',	'2023-03-22 03:14:46'),
(95,	96,	14,	'2023-03-22 03:14:46',	'2023-03-22 03:14:46'),
(96,	97,	14,	'2023-03-22 03:14:47',	'2023-03-22 03:14:47'),
(97,	98,	5,	'2023-03-22 03:14:47',	'2023-03-22 03:14:47'),
(98,	99,	10,	'2023-03-22 03:14:47',	'2023-03-22 03:14:47'),
(99,	100,	10,	'2023-03-22 03:14:47',	'2023-03-22 03:14:47'),
(100,	101,	10,	'2023-03-22 03:14:47',	'2023-03-22 03:14:47'),
(101,	102,	10,	'2023-03-22 03:14:47',	'2023-03-22 03:14:47'),
(102,	103,	10,	'2023-03-22 03:14:47',	'2023-03-22 03:14:47'),
(103,	104,	7,	'2023-03-22 03:14:47',	'2023-03-22 03:14:47'),
(104,	106,	12,	'2023-03-22 03:14:47',	'2023-03-22 03:14:47'),
(105,	107,	9,	'2023-03-22 03:14:47',	'2023-03-22 03:14:47'),
(106,	108,	9,	'2023-03-22 03:14:47',	'2023-03-22 03:14:47'),
(107,	109,	9,	'2023-03-22 03:14:47',	'2023-03-22 03:14:47'),
(108,	110,	9,	'2023-03-22 03:14:47',	'2023-03-22 03:14:47'),
(109,	111,	9,	'2023-03-22 03:14:47',	'2023-03-22 03:14:47'),
(110,	112,	10,	'2023-03-22 03:14:47',	'2023-03-22 03:14:47'),
(111,	113,	12,	'2023-03-22 03:14:47',	'2023-03-22 03:14:47'),
(112,	114,	2,	'2023-03-22 03:14:47',	'2023-03-22 03:14:47'),
(113,	115,	2,	'2023-03-22 03:14:47',	'2023-03-22 03:14:47'),
(114,	116,	12,	'2023-03-22 03:14:47',	'2023-03-22 03:14:47'),
(115,	117,	2,	'2023-03-22 03:14:47',	'2023-03-22 03:14:47'),
(116,	118,	8,	'2023-03-22 03:14:47',	'2023-03-22 03:14:47'),
(117,	119,	12,	'2023-03-22 03:14:47',	'2023-03-22 03:14:47'),
(118,	120,	12,	'2023-03-22 03:14:47',	'2023-03-22 03:14:47'),
(119,	121,	8,	'2023-03-22 03:14:47',	'2023-03-22 03:14:47'),
(120,	122,	2,	'2023-03-22 03:14:47',	'2023-03-22 03:14:47'),
(121,	123,	12,	'2023-03-22 03:14:47',	'2023-03-22 03:14:47'),
(122,	124,	15,	'2023-03-22 03:14:47',	'2023-03-22 03:14:47'),
(123,	125,	7,	'2023-03-22 03:14:47',	'2023-03-22 03:14:47'),
(145,	161,	17,	'2023-08-10 07:00:04',	'2023-08-10 07:00:04'),
(146,	165,	17,	'2023-08-10 07:02:11',	'2023-08-10 07:02:11'),
(150,	187,	17,	'2023-08-10 07:15:46',	'2023-08-10 07:15:46'),
(152,	189,	17,	'2023-08-10 07:21:57',	'2023-08-10 07:21:57'),
(155,	192,	18,	'2023-08-13 08:43:43',	'2023-08-13 08:43:43'),
(158,	220,	38,	'2023-08-22 05:27:43',	'2023-08-22 05:27:43'),
(159,	221,	39,	'2023-08-22 06:16:58',	'2023-08-22 06:16:58'),
(160,	222,	36,	'2023-08-22 06:21:59',	'2023-08-22 06:21:59'),
(161,	235,	39,	'2023-08-28 07:43:23',	'2023-08-28 07:43:23'),
(162,	235,	38,	'2023-08-28 07:43:23',	'2023-08-28 07:43:23'),
(163,	236,	39,	'2023-08-28 07:47:26',	'2023-08-28 07:47:26');

DROP TABLE IF EXISTS `product_embellishments`;
CREATE TABLE `product_embellishments` (
  `id` bigint(20) unsigned NOT NULL AUTO_INCREMENT,
  `product_id` bigint(20) unsigned NOT NULL,
  `embellishment_id` bigint(20) unsigned NOT NULL,
  `created_at` timestamp NULL DEFAULT NULL,
  `updated_at` timestamp NULL DEFAULT NULL,
  PRIMARY KEY (`id`)
) ENGINE=InnoDB DEFAULT CHARSET=utf8mb4 COLLATE=utf8mb4_unicode_ci;

INSERT INTO `product_embellishments` (`id`, `product_id`, `embellishment_id`, `created_at`, `updated_at`) VALUES
(1,	1,	13,	'2023-03-22 03:14:42',	'2023-03-22 03:14:42'),
(2,	2,	2,	'2023-03-22 03:14:42',	'2023-03-22 03:14:42'),
(3,	3,	18,	'2023-03-22 03:14:42',	'2023-03-22 03:14:42'),
(4,	4,	18,	'2023-03-22 03:14:42',	'2023-03-22 03:14:42'),
(5,	5,	16,	'2023-03-22 03:14:42',	'2023-03-22 03:14:42'),
(6,	6,	18,	'2023-03-22 03:14:42',	'2023-03-22 03:14:42'),
(7,	7,	18,	'2023-03-22 03:14:42',	'2023-03-22 03:14:42'),
(8,	8,	13,	'2023-03-22 03:14:42',	'2023-03-22 03:14:42'),
(9,	9,	18,	'2023-03-22 03:14:42',	'2023-03-22 03:14:42'),
(10,	10,	18,	'2023-03-22 03:14:42',	'2023-03-22 03:14:42'),
(11,	11,	18,	'2023-03-22 03:14:42',	'2023-03-22 03:14:42'),
(12,	12,	18,	'2023-03-22 03:14:42',	'2023-03-22 03:14:42'),
(13,	13,	18,	'2023-03-22 03:14:42',	'2023-03-22 03:14:42'),
(14,	14,	18,	'2023-03-22 03:14:43',	'2023-03-22 03:14:43'),
(15,	15,	18,	'2023-03-22 03:14:43',	'2023-03-22 03:14:43'),
(16,	16,	18,	'2023-03-22 03:14:43',	'2023-03-22 03:14:43'),
(17,	17,	18,	'2023-03-22 03:14:43',	'2023-03-22 03:14:43'),
(18,	18,	18,	'2023-03-22 03:14:43',	'2023-03-22 03:14:43'),
(19,	19,	18,	'2023-03-22 03:14:43',	'2023-03-22 03:14:43'),
(20,	20,	2,	'2023-03-22 03:14:43',	'2023-03-22 03:14:43'),
(21,	21,	13,	'2023-03-22 03:14:43',	'2023-03-22 03:14:43'),
(22,	23,	8,	'2023-03-22 03:14:43',	'2023-03-22 03:14:43'),
(23,	24,	18,	'2023-03-22 03:14:43',	'2023-03-22 03:14:43'),
(24,	25,	18,	'2023-03-22 03:14:43',	'2023-03-22 03:14:43'),
(25,	26,	7,	'2023-03-22 03:14:43',	'2023-03-22 03:14:43'),
(26,	27,	18,	'2023-03-22 03:14:43',	'2023-03-22 03:14:43'),
(27,	28,	18,	'2023-03-22 03:14:43',	'2023-03-22 03:14:43'),
(28,	29,	18,	'2023-03-22 03:14:43',	'2023-03-22 03:14:43'),
(29,	30,	7,	'2023-03-22 03:14:43',	'2023-03-22 03:14:43'),
(30,	31,	18,	'2023-03-22 03:14:44',	'2023-03-22 03:14:44'),
(31,	32,	18,	'2023-03-22 03:14:44',	'2023-03-22 03:14:44'),
(32,	33,	7,	'2023-03-22 03:14:44',	'2023-03-22 03:14:44'),
(33,	33,	13,	'2023-03-22 03:14:44',	'2023-03-22 03:14:44'),
(34,	34,	18,	'2023-03-22 03:14:44',	'2023-03-22 03:14:44'),
(35,	36,	13,	'2023-03-22 03:14:44',	'2023-03-22 03:14:44'),
(36,	37,	2,	'2023-03-22 03:14:44',	'2023-03-22 03:14:44'),
(37,	38,	14,	'2023-03-22 03:14:44',	'2023-03-22 03:14:44'),
(38,	39,	8,	'2023-03-22 03:14:44',	'2023-03-22 03:14:44'),
(39,	40,	12,	'2023-03-22 03:14:44',	'2023-03-22 03:14:44'),
(40,	41,	13,	'2023-03-22 03:14:44',	'2023-03-22 03:14:44'),
(41,	42,	18,	'2023-03-22 03:14:44',	'2023-03-22 03:14:44'),
(42,	43,	3,	'2023-03-22 03:14:44',	'2023-03-22 03:14:44'),
(43,	44,	7,	'2023-03-22 03:14:44',	'2023-03-22 03:14:44'),
(44,	45,	8,	'2023-03-22 03:14:44',	'2023-03-22 03:14:44'),
(45,	46,	2,	'2023-03-22 03:14:44',	'2023-03-22 03:14:44'),
(46,	47,	18,	'2023-03-22 03:14:44',	'2023-03-22 03:14:44'),
(47,	48,	2,	'2023-03-22 03:14:44',	'2023-03-22 03:14:44'),
(48,	49,	16,	'2023-03-22 03:14:44',	'2023-03-22 03:14:44'),
(49,	50,	18,	'2023-03-22 03:14:44',	'2023-03-22 03:14:44'),
(50,	51,	8,	'2023-03-22 03:14:45',	'2023-03-22 03:14:45'),
(51,	52,	8,	'2023-03-22 03:14:45',	'2023-03-22 03:14:45'),
(52,	53,	8,	'2023-03-22 03:14:45',	'2023-03-22 03:14:45'),
(53,	54,	18,	'2023-03-22 03:14:45',	'2023-03-22 03:14:45'),
(54,	55,	18,	'2023-03-22 03:14:45',	'2023-03-22 03:14:45'),
(55,	56,	18,	'2023-03-22 03:14:45',	'2023-03-22 03:14:45'),
(56,	57,	18,	'2023-03-22 03:14:45',	'2023-03-22 03:14:45'),
(57,	58,	18,	'2023-03-22 03:14:45',	'2023-03-22 03:14:45'),
(58,	59,	18,	'2023-03-22 03:14:45',	'2023-03-22 03:14:45'),
(59,	60,	8,	'2023-03-22 03:14:45',	'2023-03-22 03:14:45'),
(60,	61,	18,	'2023-03-22 03:14:45',	'2023-03-22 03:14:45'),
(61,	62,	7,	'2023-03-22 03:14:45',	'2023-03-22 03:14:45'),
(62,	62,	8,	'2023-03-22 03:14:45',	'2023-03-22 03:14:45'),
(63,	63,	13,	'2023-03-22 03:14:45',	'2023-03-22 03:14:45'),
(64,	64,	18,	'2023-03-22 03:14:45',	'2023-03-22 03:14:45'),
(65,	65,	18,	'2023-03-22 03:14:45',	'2023-03-22 03:14:45'),
(66,	66,	8,	'2023-03-22 03:14:46',	'2023-03-22 03:14:46'),
(67,	67,	12,	'2023-03-22 03:14:46',	'2023-03-22 03:14:46'),
(68,	68,	8,	'2023-03-22 03:14:46',	'2023-03-22 03:14:46'),
(69,	69,	2,	'2023-03-22 03:14:46',	'2023-03-22 03:14:46'),
(70,	70,	18,	'2023-03-22 03:14:46',	'2023-03-22 03:14:46'),
(71,	71,	7,	'2023-03-22 03:14:46',	'2023-03-22 03:14:46'),
(72,	72,	18,	'2023-03-22 03:14:46',	'2023-03-22 03:14:46'),
(73,	73,	18,	'2023-03-22 03:14:46',	'2023-03-22 03:14:46'),
(74,	74,	10,	'2023-03-22 03:14:46',	'2023-03-22 03:14:46'),
(75,	75,	18,	'2023-03-22 03:14:46',	'2023-03-22 03:14:46'),
(76,	76,	10,	'2023-03-22 03:14:46',	'2023-03-22 03:14:46'),
(77,	77,	18,	'2023-03-22 03:14:46',	'2023-03-22 03:14:46'),
(78,	78,	18,	'2023-03-22 03:14:46',	'2023-03-22 03:14:46'),
(79,	79,	18,	'2023-03-22 03:14:46',	'2023-03-22 03:14:46'),
(80,	80,	8,	'2023-03-22 03:14:46',	'2023-03-22 03:14:46'),
(81,	80,	18,	'2023-03-22 03:14:46',	'2023-03-22 03:14:46'),
(82,	81,	18,	'2023-03-22 03:14:46',	'2023-03-22 03:14:46'),
(83,	82,	18,	'2023-03-22 03:14:46',	'2023-03-22 03:14:46'),
(84,	83,	18,	'2023-03-22 03:14:46',	'2023-03-22 03:14:46'),
(85,	84,	18,	'2023-03-22 03:14:46',	'2023-03-22 03:14:46'),
(86,	85,	18,	'2023-03-22 03:14:46',	'2023-03-22 03:14:46'),
(87,	86,	7,	'2023-03-22 03:14:46',	'2023-03-22 03:14:46'),
(88,	87,	18,	'2023-03-22 03:14:46',	'2023-03-22 03:14:46'),
(89,	88,	13,	'2023-03-22 03:14:46',	'2023-03-22 03:14:46'),
(90,	89,	18,	'2023-03-22 03:14:46',	'2023-03-22 03:14:46'),
(91,	90,	18,	'2023-03-22 03:14:46',	'2023-03-22 03:14:46'),
(92,	91,	18,	'2023-03-22 03:14:46',	'2023-03-22 03:14:46'),
(93,	92,	18,	'2023-03-22 03:14:46',	'2023-03-22 03:14:46'),
(94,	93,	7,	'2023-03-22 03:14:46',	'2023-03-22 03:14:46'),
(95,	94,	13,	'2023-03-22 03:14:46',	'2023-03-22 03:14:46'),
(96,	95,	18,	'2023-03-22 03:14:46',	'2023-03-22 03:14:46'),
(97,	96,	18,	'2023-03-22 03:14:46',	'2023-03-22 03:14:46'),
(98,	97,	16,	'2023-03-22 03:14:47',	'2023-03-22 03:14:47'),
(99,	98,	4,	'2023-03-22 03:14:47',	'2023-03-22 03:14:47'),
(100,	99,	18,	'2023-03-22 03:14:47',	'2023-03-22 03:14:47'),
(101,	100,	18,	'2023-03-22 03:14:47',	'2023-03-22 03:14:47'),
(102,	101,	18,	'2023-03-22 03:14:47',	'2023-03-22 03:14:47'),
(103,	102,	18,	'2023-03-22 03:14:47',	'2023-03-22 03:14:47'),
(104,	103,	18,	'2023-03-22 03:14:47',	'2023-03-22 03:14:47'),
(105,	104,	7,	'2023-03-22 03:14:47',	'2023-03-22 03:14:47'),
(106,	106,	8,	'2023-03-22 03:14:47',	'2023-03-22 03:14:47'),
(107,	107,	16,	'2023-03-22 03:14:47',	'2023-03-22 03:14:47'),
(108,	108,	2,	'2023-03-22 03:14:47',	'2023-03-22 03:14:47'),
(109,	109,	18,	'2023-03-22 03:14:47',	'2023-03-22 03:14:47'),
(110,	110,	8,	'2023-03-22 03:14:47',	'2023-03-22 03:14:47'),
(111,	111,	18,	'2023-03-22 03:14:47',	'2023-03-22 03:14:47'),
(112,	112,	16,	'2023-03-22 03:14:47',	'2023-03-22 03:14:47'),
(113,	113,	18,	'2023-03-22 03:14:47',	'2023-03-22 03:14:47'),
(114,	114,	18,	'2023-03-22 03:14:47',	'2023-03-22 03:14:47'),
(115,	115,	18,	'2023-03-22 03:14:47',	'2023-03-22 03:14:47'),
(116,	116,	18,	'2023-03-22 03:14:47',	'2023-03-22 03:14:47'),
(117,	117,	18,	'2023-03-22 03:14:47',	'2023-03-22 03:14:47'),
(118,	118,	18,	'2023-03-22 03:14:47',	'2023-03-22 03:14:47'),
(119,	119,	18,	'2023-03-22 03:14:47',	'2023-03-22 03:14:47'),
(120,	120,	18,	'2023-03-22 03:14:47',	'2023-03-22 03:14:47'),
(121,	121,	18,	'2023-03-22 03:14:47',	'2023-03-22 03:14:47'),
(122,	122,	18,	'2023-03-22 03:14:47',	'2023-03-22 03:14:47'),
(123,	123,	18,	'2023-03-22 03:14:47',	'2023-03-22 03:14:47'),
(124,	124,	18,	'2023-03-22 03:14:47',	'2023-03-22 03:14:47'),
(125,	125,	15,	'2023-03-22 03:14:47',	'2023-03-22 03:14:47'),
(137,	161,	19,	'2023-08-10 07:00:04',	'2023-08-10 07:00:04'),
(138,	165,	19,	'2023-08-10 07:02:11',	'2023-08-10 07:02:11'),
(142,	187,	18,	'2023-08-10 07:15:46',	'2023-08-10 07:15:46'),
(144,	189,	9,	'2023-08-10 07:21:57',	'2023-08-10 07:21:57'),
(147,	192,	19,	'2023-08-13 08:43:43',	'2023-08-13 08:43:43'),
(150,	220,	19,	'2023-08-22 05:27:43',	'2023-08-22 05:27:43'),
(151,	221,	18,	'2023-08-22 06:16:58',	'2023-08-22 06:16:58'),
(152,	222,	16,	'2023-08-22 06:21:59',	'2023-08-22 06:21:59'),
(153,	236,	19,	'2023-08-28 07:47:26',	'2023-08-28 07:47:26');

DROP TABLE IF EXISTS `product_fabrics`;
CREATE TABLE `product_fabrics` (
  `id` bigint(20) unsigned NOT NULL AUTO_INCREMENT,
  `product_id` bigint(20) unsigned NOT NULL,
  `fabric_id` bigint(20) unsigned NOT NULL,
  `created_at` timestamp NULL DEFAULT NULL,
  `updated_at` timestamp NULL DEFAULT NULL,
  PRIMARY KEY (`id`)
) ENGINE=InnoDB DEFAULT CHARSET=utf8mb4 COLLATE=utf8mb4_unicode_ci;

INSERT INTO `product_fabrics` (`id`, `product_id`, `fabric_id`, `created_at`, `updated_at`) VALUES
(1,	1,	10,	'2023-03-22 03:14:42',	'2023-03-22 03:14:42'),
(2,	2,	4,	'2023-03-22 03:14:42',	'2023-03-22 03:14:42'),
(3,	3,	4,	'2023-03-22 03:14:42',	'2023-03-22 03:14:42'),
(4,	4,	4,	'2023-03-22 03:14:42',	'2023-03-22 03:14:42'),
(5,	5,	4,	'2023-03-22 03:14:42',	'2023-03-22 03:14:42'),
(6,	6,	4,	'2023-03-22 03:14:42',	'2023-03-22 03:14:42'),
(7,	7,	4,	'2023-03-22 03:14:42',	'2023-03-22 03:14:42'),
(8,	8,	10,	'2023-03-22 03:14:42',	'2023-03-22 03:14:42'),
(9,	9,	4,	'2023-03-22 03:14:42',	'2023-03-22 03:14:42'),
(10,	10,	4,	'2023-03-22 03:14:42',	'2023-03-22 03:14:42'),
(11,	11,	4,	'2023-03-22 03:14:42',	'2023-03-22 03:14:42'),
(12,	12,	4,	'2023-03-22 03:14:42',	'2023-03-22 03:14:42'),
(13,	13,	10,	'2023-03-22 03:14:42',	'2023-03-22 03:14:42'),
(14,	14,	23,	'2023-03-22 03:14:43',	'2023-03-22 03:14:43'),
(15,	15,	10,	'2023-03-22 03:14:43',	'2023-03-22 03:14:43'),
(16,	16,	4,	'2023-03-22 03:14:43',	'2023-03-22 03:14:43'),
(17,	17,	23,	'2023-03-22 03:14:43',	'2023-03-22 03:14:43'),
(18,	18,	21,	'2023-03-22 03:14:43',	'2023-03-22 03:14:43'),
(19,	19,	4,	'2023-03-22 03:14:43',	'2023-03-22 03:14:43'),
(20,	20,	4,	'2023-03-22 03:14:43',	'2023-03-22 03:14:43'),
(21,	21,	4,	'2023-03-22 03:14:43',	'2023-03-22 03:14:43'),
(22,	22,	4,	'2023-03-22 03:14:43',	'2023-03-22 03:14:43'),
(23,	23,	10,	'2023-03-22 03:14:43',	'2023-03-22 03:14:43'),
(24,	24,	4,	'2023-03-22 03:14:43',	'2023-03-22 03:14:43'),
(25,	25,	10,	'2023-03-22 03:14:43',	'2023-03-22 03:14:43'),
(26,	26,	5,	'2023-03-22 03:14:43',	'2023-03-22 03:14:43'),
(27,	27,	4,	'2023-03-22 03:14:43',	'2023-03-22 03:14:43'),
(28,	28,	4,	'2023-03-22 03:14:43',	'2023-03-22 03:14:43'),
(29,	29,	4,	'2023-03-22 03:14:43',	'2023-03-22 03:14:43'),
(30,	30,	26,	'2023-03-22 03:14:43',	'2023-03-22 03:14:43'),
(31,	31,	10,	'2023-03-22 03:14:44',	'2023-03-22 03:14:44'),
(32,	32,	4,	'2023-03-22 03:14:44',	'2023-03-22 03:14:44'),
(33,	33,	4,	'2023-03-22 03:14:44',	'2023-03-22 03:14:44'),
(34,	34,	4,	'2023-03-22 03:14:44',	'2023-03-22 03:14:44'),
(35,	36,	3,	'2023-03-22 03:14:44',	'2023-03-22 03:14:44'),
(36,	37,	10,	'2023-03-22 03:14:44',	'2023-03-22 03:14:44'),
(37,	38,	4,	'2023-03-22 03:14:44',	'2023-03-22 03:14:44'),
(38,	39,	4,	'2023-03-22 03:14:44',	'2023-03-22 03:14:44'),
(39,	40,	4,	'2023-03-22 03:14:44',	'2023-03-22 03:14:44'),
(40,	41,	10,	'2023-03-22 03:14:44',	'2023-03-22 03:14:44'),
(41,	42,	14,	'2023-03-22 03:14:44',	'2023-03-22 03:14:44'),
(42,	43,	18,	'2023-03-22 03:14:44',	'2023-03-22 03:14:44'),
(43,	44,	18,	'2023-03-22 03:14:44',	'2023-03-22 03:14:44'),
(44,	45,	14,	'2023-03-22 03:14:44',	'2023-03-22 03:14:44'),
(45,	46,	4,	'2023-03-22 03:14:44',	'2023-03-22 03:14:44'),
(46,	47,	14,	'2023-03-22 03:14:44',	'2023-03-22 03:14:44'),
(47,	48,	18,	'2023-03-22 03:14:44',	'2023-03-22 03:14:44'),
(48,	49,	14,	'2023-03-22 03:14:44',	'2023-03-22 03:14:44'),
(49,	50,	23,	'2023-03-22 03:14:44',	'2023-03-22 03:14:44'),
(50,	51,	14,	'2023-03-22 03:14:44',	'2023-03-22 03:14:44'),
(51,	52,	14,	'2023-03-22 03:14:45',	'2023-03-22 03:14:45'),
(52,	53,	14,	'2023-03-22 03:14:45',	'2023-03-22 03:14:45'),
(53,	54,	4,	'2023-03-22 03:14:45',	'2023-03-22 03:14:45'),
(54,	55,	25,	'2023-03-22 03:14:45',	'2023-03-22 03:14:45'),
(55,	56,	4,	'2023-03-22 03:14:45',	'2023-03-22 03:14:45'),
(56,	57,	28,	'2023-03-22 03:14:45',	'2023-03-22 03:14:45'),
(57,	58,	10,	'2023-03-22 03:14:45',	'2023-03-22 03:14:45'),
(58,	59,	23,	'2023-03-22 03:14:45',	'2023-03-22 03:14:45'),
(59,	60,	10,	'2023-03-22 03:14:45',	'2023-03-22 03:14:45'),
(60,	61,	4,	'2023-03-22 03:14:45',	'2023-03-22 03:14:45'),
(61,	62,	1,	'2023-03-22 03:14:45',	'2023-03-22 03:14:45'),
(62,	63,	18,	'2023-03-22 03:14:45',	'2023-03-22 03:14:45'),
(63,	64,	12,	'2023-03-22 03:14:45',	'2023-03-22 03:14:45'),
(64,	65,	4,	'2023-03-22 03:14:45',	'2023-03-22 03:14:45'),
(65,	66,	4,	'2023-03-22 03:14:46',	'2023-03-22 03:14:46'),
(66,	67,	4,	'2023-03-22 03:14:46',	'2023-03-22 03:14:46'),
(67,	68,	4,	'2023-03-22 03:14:46',	'2023-03-22 03:14:46'),
(68,	69,	22,	'2023-03-22 03:14:46',	'2023-03-22 03:14:46'),
(69,	70,	22,	'2023-03-22 03:14:46',	'2023-03-22 03:14:46'),
(70,	71,	17,	'2023-03-22 03:14:46',	'2023-03-22 03:14:46'),
(71,	72,	14,	'2023-03-22 03:14:46',	'2023-03-22 03:14:46'),
(72,	73,	14,	'2023-03-22 03:14:46',	'2023-03-22 03:14:46'),
(73,	74,	4,	'2023-03-22 03:14:46',	'2023-03-22 03:14:46'),
(74,	75,	14,	'2023-03-22 03:14:46',	'2023-03-22 03:14:46'),
(75,	76,	4,	'2023-03-22 03:14:46',	'2023-03-22 03:14:46'),
(76,	77,	14,	'2023-03-22 03:14:46',	'2023-03-22 03:14:46'),
(77,	78,	9,	'2023-03-22 03:14:46',	'2023-03-22 03:14:46'),
(78,	79,	9,	'2023-03-22 03:14:46',	'2023-03-22 03:14:46'),
(79,	80,	14,	'2023-03-22 03:14:46',	'2023-03-22 03:14:46'),
(80,	81,	9,	'2023-03-22 03:14:46',	'2023-03-22 03:14:46'),
(81,	82,	6,	'2023-03-22 03:14:46',	'2023-03-22 03:14:46'),
(82,	83,	9,	'2023-03-22 03:14:46',	'2023-03-22 03:14:46'),
(83,	84,	6,	'2023-03-22 03:14:46',	'2023-03-22 03:14:46'),
(84,	85,	1,	'2023-03-22 03:14:46',	'2023-03-22 03:14:46'),
(85,	86,	18,	'2023-03-22 03:14:46',	'2023-03-22 03:14:46'),
(86,	87,	18,	'2023-03-22 03:14:46',	'2023-03-22 03:14:46'),
(87,	88,	10,	'2023-03-22 03:14:46',	'2023-03-22 03:14:46'),
(88,	89,	14,	'2023-03-22 03:14:46',	'2023-03-22 03:14:46'),
(89,	90,	23,	'2023-03-22 03:14:46',	'2023-03-22 03:14:46'),
(90,	91,	14,	'2023-03-22 03:14:46',	'2023-03-22 03:14:46'),
(91,	92,	4,	'2023-03-22 03:14:46',	'2023-03-22 03:14:46'),
(92,	93,	14,	'2023-03-22 03:14:46',	'2023-03-22 03:14:46'),
(93,	94,	3,	'2023-03-22 03:14:46',	'2023-03-22 03:14:46'),
(94,	95,	4,	'2023-03-22 03:14:46',	'2023-03-22 03:14:46'),
(95,	96,	4,	'2023-03-22 03:14:46',	'2023-03-22 03:14:46'),
(96,	97,	1,	'2023-03-22 03:14:47',	'2023-03-22 03:14:47'),
(97,	98,	21,	'2023-03-22 03:14:47',	'2023-03-22 03:14:47'),
(98,	99,	4,	'2023-03-22 03:14:47',	'2023-03-22 03:14:47'),
(99,	100,	20,	'2023-03-22 03:14:47',	'2023-03-22 03:14:47'),
(100,	101,	20,	'2023-03-22 03:14:47',	'2023-03-22 03:14:47'),
(101,	102,	1,	'2023-03-22 03:14:47',	'2023-03-22 03:14:47'),
(102,	103,	23,	'2023-03-22 03:14:47',	'2023-03-22 03:14:47'),
(103,	104,	10,	'2023-03-22 03:14:47',	'2023-03-22 03:14:47'),
(104,	106,	25,	'2023-03-22 03:14:47',	'2023-03-22 03:14:47'),
(105,	107,	22,	'2023-03-22 03:14:47',	'2023-03-22 03:14:47'),
(106,	108,	22,	'2023-03-22 03:14:47',	'2023-03-22 03:14:47'),
(107,	109,	22,	'2023-03-22 03:14:47',	'2023-03-22 03:14:47'),
(108,	110,	22,	'2023-03-22 03:14:47',	'2023-03-22 03:14:47'),
(109,	111,	22,	'2023-03-22 03:14:47',	'2023-03-22 03:14:47'),
(110,	112,	11,	'2023-03-22 03:14:47',	'2023-03-22 03:14:47'),
(111,	113,	6,	'2023-03-22 03:14:47',	'2023-03-22 03:14:47'),
(112,	114,	14,	'2023-03-22 03:14:47',	'2023-03-22 03:14:47'),
(113,	115,	9,	'2023-03-22 03:14:47',	'2023-03-22 03:14:47'),
(114,	116,	16,	'2023-03-22 03:14:47',	'2023-03-22 03:14:47'),
(115,	117,	4,	'2023-03-22 03:14:47',	'2023-03-22 03:14:47'),
(116,	118,	14,	'2023-03-22 03:14:47',	'2023-03-22 03:14:47'),
(117,	119,	20,	'2023-03-22 03:14:47',	'2023-03-22 03:14:47'),
(118,	120,	6,	'2023-03-22 03:14:47',	'2023-03-22 03:14:47'),
(119,	121,	6,	'2023-03-22 03:14:47',	'2023-03-22 03:14:47'),
(120,	122,	6,	'2023-03-22 03:14:47',	'2023-03-22 03:14:47'),
(121,	123,	9,	'2023-03-22 03:14:47',	'2023-03-22 03:14:47'),
(122,	124,	9,	'2023-03-22 03:14:47',	'2023-03-22 03:14:47'),
(123,	125,	2,	'2023-03-22 03:14:47',	'2023-03-22 03:14:47'),
(175,	161,	31,	'2023-08-10 07:00:04',	'2023-08-10 07:00:04'),
(176,	165,	31,	'2023-08-10 07:02:11',	'2023-08-10 07:02:11'),
(180,	187,	31,	'2023-08-10 07:15:46',	'2023-08-10 07:15:46'),
(182,	189,	31,	'2023-08-10 07:21:57',	'2023-08-10 07:21:57'),
(185,	192,	32,	'2023-08-13 08:43:43',	'2023-08-13 08:43:43'),
(188,	220,	32,	'2023-08-22 05:27:43',	'2023-08-22 05:27:43'),
(189,	221,	29,	'2023-08-22 06:16:58',	'2023-08-22 06:16:58'),
(190,	235,	31,	'2023-08-28 07:43:23',	'2023-08-28 07:43:23'),
(191,	236,	32,	'2023-08-28 07:47:26',	'2023-08-28 07:47:26');

DROP TABLE IF EXISTS `product_fits`;
CREATE TABLE `product_fits` (
  `id` bigint(20) unsigned NOT NULL AUTO_INCREMENT,
  `product_id` bigint(20) unsigned NOT NULL,
  `fit_id` bigint(20) unsigned NOT NULL,
  `created_at` timestamp NULL DEFAULT NULL,
  `updated_at` timestamp NULL DEFAULT NULL,
  PRIMARY KEY (`id`)
) ENGINE=InnoDB DEFAULT CHARSET=utf8mb4 COLLATE=utf8mb4_unicode_ci;

INSERT INTO `product_fits` (`id`, `product_id`, `fit_id`, `created_at`, `updated_at`) VALUES
(1,	41,	1,	'2023-03-22 03:14:44',	'2023-03-22 03:14:44'),
(2,	43,	1,	'2023-03-22 03:14:44',	'2023-03-22 03:14:44'),
(3,	46,	1,	'2023-03-22 03:14:44',	'2023-03-22 03:14:44'),
(15,	161,	1,	'2023-08-10 07:00:04',	'2023-08-10 07:00:04'),
(16,	165,	1,	'2023-08-10 07:02:11',	'2023-08-10 07:02:11'),
(20,	187,	1,	'2023-08-10 07:15:46',	'2023-08-10 07:15:46'),
(22,	189,	1,	'2023-08-10 07:21:57',	'2023-08-10 07:21:57'),
(25,	192,	1,	'2023-08-13 08:43:43',	'2023-08-13 08:43:43'),
(28,	220,	1,	'2023-08-22 05:27:43',	'2023-08-22 05:27:43'),
(29,	221,	1,	'2023-08-22 06:16:58',	'2023-08-22 06:16:58'),
(30,	235,	1,	'2023-08-28 07:43:23',	'2023-08-28 07:43:23');

DROP TABLE IF EXISTS `product_ingredients`;
CREATE TABLE `product_ingredients` (
  `id` bigint(20) unsigned NOT NULL AUTO_INCREMENT,
  `product_id` bigint(20) unsigned NOT NULL,
  `ingredients_id` bigint(20) unsigned NOT NULL,
  `created_at` timestamp NULL DEFAULT NULL,
  `updated_at` timestamp NULL DEFAULT NULL,
  PRIMARY KEY (`id`)
) ENGINE=InnoDB DEFAULT CHARSET=utf8mb4 COLLATE=utf8mb4_unicode_ci;

INSERT INTO `product_ingredients` (`id`, `product_id`, `ingredients_id`, `created_at`, `updated_at`) VALUES
(1,	1,	6,	'2023-03-22 03:14:42',	'2023-03-22 03:14:42'),
(2,	2,	4,	'2023-03-22 03:14:42',	'2023-03-22 03:14:42'),
(3,	3,	7,	'2023-03-22 03:14:42',	'2023-03-22 03:14:42'),
(4,	3,	10,	'2023-03-22 03:14:42',	'2023-03-22 03:14:42'),
(5,	4,	1,	'2023-03-22 03:14:42',	'2023-03-22 03:14:42'),
(6,	5,	3,	'2023-03-22 03:14:42',	'2023-03-22 03:14:42'),
(7,	5,	12,	'2023-03-22 03:14:42',	'2023-03-22 03:14:42'),
(8,	6,	7,	'2023-03-22 03:14:42',	'2023-03-22 03:14:42'),
(9,	7,	6,	'2023-03-22 03:14:42',	'2023-03-22 03:14:42'),
(10,	7,	7,	'2023-03-22 03:14:42',	'2023-03-22 03:14:42'),
(11,	8,	6,	'2023-03-22 03:14:42',	'2023-03-22 03:14:42'),
(12,	9,	2,	'2023-03-22 03:14:42',	'2023-03-22 03:14:42'),
(13,	10,	8,	'2023-03-22 03:14:42',	'2023-03-22 03:14:42'),
(14,	11,	3,	'2023-03-22 03:14:42',	'2023-03-22 03:14:42'),
(15,	11,	7,	'2023-03-22 03:14:42',	'2023-03-22 03:14:42'),
(16,	12,	7,	'2023-03-22 03:14:42',	'2023-03-22 03:14:42'),
(17,	13,	1,	'2023-03-22 03:14:42',	'2023-03-22 03:14:42'),
(18,	13,	2,	'2023-03-22 03:14:42',	'2023-03-22 03:14:42'),
(19,	14,	3,	'2023-03-22 03:14:43',	'2023-03-22 03:14:43'),
(20,	15,	1,	'2023-03-22 03:14:43',	'2023-03-22 03:14:43'),
(21,	16,	1,	'2023-03-22 03:14:43',	'2023-03-22 03:14:43'),
(22,	16,	3,	'2023-03-22 03:14:43',	'2023-03-22 03:14:43'),
(23,	16,	7,	'2023-03-22 03:14:43',	'2023-03-22 03:14:43'),
(24,	17,	3,	'2023-03-22 03:14:43',	'2023-03-22 03:14:43'),
(25,	17,	7,	'2023-03-22 03:14:43',	'2023-03-22 03:14:43'),
(26,	18,	3,	'2023-03-22 03:14:43',	'2023-03-22 03:14:43'),
(27,	19,	2,	'2023-03-22 03:14:43',	'2023-03-22 03:14:43'),
(28,	20,	6,	'2023-03-22 03:14:43',	'2023-03-22 03:14:43'),
(29,	20,	12,	'2023-03-22 03:14:43',	'2023-03-22 03:14:43'),
(30,	21,	3,	'2023-03-22 03:14:43',	'2023-03-22 03:14:43'),
(31,	21,	12,	'2023-03-22 03:14:43',	'2023-03-22 03:14:43'),
(32,	23,	2,	'2023-03-22 03:14:43',	'2023-03-22 03:14:43'),
(33,	24,	2,	'2023-03-22 03:14:43',	'2023-03-22 03:14:43'),
(34,	25,	3,	'2023-03-22 03:14:43',	'2023-03-22 03:14:43'),
(35,	26,	7,	'2023-03-22 03:14:43',	'2023-03-22 03:14:43'),
(36,	26,	10,	'2023-03-22 03:14:43',	'2023-03-22 03:14:43'),
(37,	27,	3,	'2023-03-22 03:14:43',	'2023-03-22 03:14:43'),
(38,	28,	1,	'2023-03-22 03:14:43',	'2023-03-22 03:14:43'),
(39,	29,	3,	'2023-03-22 03:14:43',	'2023-03-22 03:14:43'),
(40,	30,	6,	'2023-03-22 03:14:43',	'2023-03-22 03:14:43'),
(41,	31,	8,	'2023-03-22 03:14:44',	'2023-03-22 03:14:44'),
(42,	32,	7,	'2023-03-22 03:14:44',	'2023-03-22 03:14:44'),
(43,	32,	10,	'2023-03-22 03:14:44',	'2023-03-22 03:14:44'),
(44,	33,	3,	'2023-03-22 03:14:44',	'2023-03-22 03:14:44'),
(45,	34,	2,	'2023-03-22 03:14:44',	'2023-03-22 03:14:44'),
(46,	36,	3,	'2023-03-22 03:14:44',	'2023-03-22 03:14:44'),
(47,	36,	4,	'2023-03-22 03:14:44',	'2023-03-22 03:14:44'),
(48,	36,	7,	'2023-03-22 03:14:44',	'2023-03-22 03:14:44'),
(49,	37,	5,	'2023-03-22 03:14:44',	'2023-03-22 03:14:44'),
(50,	38,	2,	'2023-03-22 03:14:44',	'2023-03-22 03:14:44'),
(51,	39,	7,	'2023-03-22 03:14:44',	'2023-03-22 03:14:44'),
(52,	39,	10,	'2023-03-22 03:14:44',	'2023-03-22 03:14:44'),
(53,	40,	3,	'2023-03-22 03:14:44',	'2023-03-22 03:14:44'),
(54,	41,	6,	'2023-03-22 03:14:44',	'2023-03-22 03:14:44'),
(55,	42,	6,	'2023-03-22 03:14:44',	'2023-03-22 03:14:44'),
(56,	42,	7,	'2023-03-22 03:14:44',	'2023-03-22 03:14:44'),
(57,	43,	2,	'2023-03-22 03:14:44',	'2023-03-22 03:14:44'),
(58,	43,	8,	'2023-03-22 03:14:44',	'2023-03-22 03:14:44'),
(59,	44,	3,	'2023-03-22 03:14:44',	'2023-03-22 03:14:44'),
(60,	44,	7,	'2023-03-22 03:14:44',	'2023-03-22 03:14:44'),
(61,	45,	6,	'2023-03-22 03:14:44',	'2023-03-22 03:14:44'),
(62,	46,	1,	'2023-03-22 03:14:44',	'2023-03-22 03:14:44'),
(63,	46,	4,	'2023-03-22 03:14:44',	'2023-03-22 03:14:44'),
(64,	47,	7,	'2023-03-22 03:14:44',	'2023-03-22 03:14:44'),
(65,	47,	10,	'2023-03-22 03:14:44',	'2023-03-22 03:14:44'),
(66,	48,	8,	'2023-03-22 03:14:44',	'2023-03-22 03:14:44'),
(67,	48,	13,	'2023-03-22 03:14:44',	'2023-03-22 03:14:44'),
(68,	49,	2,	'2023-03-22 03:14:44',	'2023-03-22 03:14:44'),
(69,	50,	7,	'2023-03-22 03:14:44',	'2023-03-22 03:14:44'),
(70,	51,	3,	'2023-03-22 03:14:45',	'2023-03-22 03:14:45'),
(71,	51,	7,	'2023-03-22 03:14:45',	'2023-03-22 03:14:45'),
(72,	52,	2,	'2023-03-22 03:14:45',	'2023-03-22 03:14:45'),
(73,	53,	7,	'2023-03-22 03:14:45',	'2023-03-22 03:14:45'),
(74,	54,	2,	'2023-03-22 03:14:45',	'2023-03-22 03:14:45'),
(75,	55,	3,	'2023-03-22 03:14:45',	'2023-03-22 03:14:45'),
(76,	55,	7,	'2023-03-22 03:14:45',	'2023-03-22 03:14:45'),
(77,	56,	3,	'2023-03-22 03:14:45',	'2023-03-22 03:14:45'),
(78,	56,	7,	'2023-03-22 03:14:45',	'2023-03-22 03:14:45'),
(79,	57,	3,	'2023-03-22 03:14:45',	'2023-03-22 03:14:45'),
(80,	57,	7,	'2023-03-22 03:14:45',	'2023-03-22 03:14:45'),
(81,	58,	3,	'2023-03-22 03:14:45',	'2023-03-22 03:14:45'),
(82,	58,	7,	'2023-03-22 03:14:45',	'2023-03-22 03:14:45'),
(83,	59,	2,	'2023-03-22 03:14:45',	'2023-03-22 03:14:45'),
(84,	60,	2,	'2023-03-22 03:14:45',	'2023-03-22 03:14:45'),
(85,	60,	11,	'2023-03-22 03:14:45',	'2023-03-22 03:14:45'),
(86,	61,	7,	'2023-03-22 03:14:45',	'2023-03-22 03:14:45'),
(87,	61,	11,	'2023-03-22 03:14:45',	'2023-03-22 03:14:45'),
(88,	62,	2,	'2023-03-22 03:14:45',	'2023-03-22 03:14:45'),
(89,	63,	7,	'2023-03-22 03:14:45',	'2023-03-22 03:14:45'),
(90,	64,	7,	'2023-03-22 03:14:45',	'2023-03-22 03:14:45'),
(91,	64,	10,	'2023-03-22 03:14:45',	'2023-03-22 03:14:45'),
(92,	66,	2,	'2023-03-22 03:14:46',	'2023-03-22 03:14:46'),
(93,	67,	3,	'2023-03-22 03:14:46',	'2023-03-22 03:14:46'),
(94,	68,	3,	'2023-03-22 03:14:46',	'2023-03-22 03:14:46'),
(95,	69,	2,	'2023-03-22 03:14:46',	'2023-03-22 03:14:46'),
(96,	69,	3,	'2023-03-22 03:14:46',	'2023-03-22 03:14:46'),
(97,	70,	7,	'2023-03-22 03:14:46',	'2023-03-22 03:14:46'),
(98,	71,	2,	'2023-03-22 03:14:46',	'2023-03-22 03:14:46'),
(99,	71,	6,	'2023-03-22 03:14:46',	'2023-03-22 03:14:46'),
(100,	72,	7,	'2023-03-22 03:14:46',	'2023-03-22 03:14:46'),
(101,	72,	10,	'2023-03-22 03:14:46',	'2023-03-22 03:14:46'),
(102,	73,	3,	'2023-03-22 03:14:46',	'2023-03-22 03:14:46'),
(103,	73,	7,	'2023-03-22 03:14:46',	'2023-03-22 03:14:46'),
(104,	73,	8,	'2023-03-22 03:14:46',	'2023-03-22 03:14:46'),
(105,	74,	6,	'2023-03-22 03:14:46',	'2023-03-22 03:14:46'),
(106,	74,	7,	'2023-03-22 03:14:46',	'2023-03-22 03:14:46'),
(107,	75,	1,	'2023-03-22 03:14:46',	'2023-03-22 03:14:46'),
(108,	75,	9,	'2023-03-22 03:14:46',	'2023-03-22 03:14:46'),
(109,	76,	7,	'2023-03-22 03:14:46',	'2023-03-22 03:14:46'),
(110,	76,	9,	'2023-03-22 03:14:46',	'2023-03-22 03:14:46'),
(111,	76,	10,	'2023-03-22 03:14:46',	'2023-03-22 03:14:46'),
(112,	77,	3,	'2023-03-22 03:14:46',	'2023-03-22 03:14:46'),
(113,	77,	7,	'2023-03-22 03:14:46',	'2023-03-22 03:14:46'),
(114,	78,	1,	'2023-03-22 03:14:46',	'2023-03-22 03:14:46'),
(115,	79,	3,	'2023-03-22 03:14:46',	'2023-03-22 03:14:46'),
(116,	80,	3,	'2023-03-22 03:14:46',	'2023-03-22 03:14:46'),
(117,	80,	9,	'2023-03-22 03:14:46',	'2023-03-22 03:14:46'),
(118,	80,	11,	'2023-03-22 03:14:46',	'2023-03-22 03:14:46'),
(119,	81,	3,	'2023-03-22 03:14:46',	'2023-03-22 03:14:46'),
(120,	81,	9,	'2023-03-22 03:14:46',	'2023-03-22 03:14:46'),
(121,	81,	11,	'2023-03-22 03:14:46',	'2023-03-22 03:14:46'),
(122,	82,	3,	'2023-03-22 03:14:46',	'2023-03-22 03:14:46'),
(123,	82,	7,	'2023-03-22 03:14:46',	'2023-03-22 03:14:46'),
(124,	82,	9,	'2023-03-22 03:14:46',	'2023-03-22 03:14:46'),
(125,	83,	3,	'2023-03-22 03:14:46',	'2023-03-22 03:14:46'),
(126,	83,	7,	'2023-03-22 03:14:46',	'2023-03-22 03:14:46'),
(127,	83,	10,	'2023-03-22 03:14:46',	'2023-03-22 03:14:46'),
(128,	84,	3,	'2023-03-22 03:14:46',	'2023-03-22 03:14:46'),
(129,	84,	7,	'2023-03-22 03:14:46',	'2023-03-22 03:14:46'),
(130,	84,	10,	'2023-03-22 03:14:46',	'2023-03-22 03:14:46'),
(131,	85,	2,	'2023-03-22 03:14:46',	'2023-03-22 03:14:46'),
(132,	85,	8,	'2023-03-22 03:14:46',	'2023-03-22 03:14:46'),
(133,	86,	2,	'2023-03-22 03:14:46',	'2023-03-22 03:14:46'),
(134,	86,	8,	'2023-03-22 03:14:46',	'2023-03-22 03:14:46'),
(135,	87,	7,	'2023-03-22 03:14:46',	'2023-03-22 03:14:46'),
(136,	88,	6,	'2023-03-22 03:14:46',	'2023-03-22 03:14:46'),
(137,	89,	2,	'2023-03-22 03:14:46',	'2023-03-22 03:14:46'),
(138,	90,	1,	'2023-03-22 03:14:46',	'2023-03-22 03:14:46'),
(139,	91,	7,	'2023-03-22 03:14:46',	'2023-03-22 03:14:46'),
(140,	91,	10,	'2023-03-22 03:14:46',	'2023-03-22 03:14:46'),
(141,	92,	3,	'2023-03-22 03:14:46',	'2023-03-22 03:14:46'),
(142,	93,	3,	'2023-03-22 03:14:46',	'2023-03-22 03:14:46'),
(143,	93,	7,	'2023-03-22 03:14:46',	'2023-03-22 03:14:46'),
(144,	94,	2,	'2023-03-22 03:14:46',	'2023-03-22 03:14:46'),
(145,	95,	2,	'2023-03-22 03:14:46',	'2023-03-22 03:14:46'),
(146,	96,	6,	'2023-03-22 03:14:46',	'2023-03-22 03:14:46'),
(147,	96,	7,	'2023-03-22 03:14:46',	'2023-03-22 03:14:46'),
(148,	97,	6,	'2023-03-22 03:14:47',	'2023-03-22 03:14:47'),
(149,	98,	6,	'2023-03-22 03:14:47',	'2023-03-22 03:14:47'),
(150,	99,	1,	'2023-03-22 03:14:47',	'2023-03-22 03:14:47'),
(151,	100,	7,	'2023-03-22 03:14:47',	'2023-03-22 03:14:47'),
(152,	101,	7,	'2023-03-22 03:14:47',	'2023-03-22 03:14:47'),
(153,	101,	10,	'2023-03-22 03:14:47',	'2023-03-22 03:14:47'),
(154,	102,	3,	'2023-03-22 03:14:47',	'2023-03-22 03:14:47'),
(155,	102,	7,	'2023-03-22 03:14:47',	'2023-03-22 03:14:47'),
(156,	103,	3,	'2023-03-22 03:14:47',	'2023-03-22 03:14:47'),
(157,	104,	3,	'2023-03-22 03:14:47',	'2023-03-22 03:14:47'),
(158,	104,	6,	'2023-03-22 03:14:47',	'2023-03-22 03:14:47'),
(159,	106,	2,	'2023-03-22 03:14:47',	'2023-03-22 03:14:47'),
(160,	107,	2,	'2023-03-22 03:14:47',	'2023-03-22 03:14:47'),
(161,	108,	2,	'2023-03-22 03:14:47',	'2023-03-22 03:14:47'),
(162,	108,	6,	'2023-03-22 03:14:47',	'2023-03-22 03:14:47'),
(163,	109,	7,	'2023-03-22 03:14:47',	'2023-03-22 03:14:47'),
(164,	109,	10,	'2023-03-22 03:14:47',	'2023-03-22 03:14:47'),
(165,	110,	2,	'2023-03-22 03:14:47',	'2023-03-22 03:14:47'),
(166,	111,	6,	'2023-03-22 03:14:47',	'2023-03-22 03:14:47'),
(167,	111,	7,	'2023-03-22 03:14:47',	'2023-03-22 03:14:47'),
(168,	112,	3,	'2023-03-22 03:14:47',	'2023-03-22 03:14:47'),
(169,	113,	3,	'2023-03-22 03:14:47',	'2023-03-22 03:14:47'),
(170,	113,	7,	'2023-03-22 03:14:47',	'2023-03-22 03:14:47'),
(171,	113,	10,	'2023-03-22 03:14:47',	'2023-03-22 03:14:47'),
(172,	114,	3,	'2023-03-22 03:14:47',	'2023-03-22 03:14:47'),
(173,	114,	6,	'2023-03-22 03:14:47',	'2023-03-22 03:14:47'),
(174,	115,	3,	'2023-03-22 03:14:47',	'2023-03-22 03:14:47'),
(175,	115,	7,	'2023-03-22 03:14:47',	'2023-03-22 03:14:47'),
(176,	116,	3,	'2023-03-22 03:14:47',	'2023-03-22 03:14:47'),
(177,	116,	7,	'2023-03-22 03:14:47',	'2023-03-22 03:14:47'),
(178,	117,	7,	'2023-03-22 03:14:47',	'2023-03-22 03:14:47'),
(179,	117,	10,	'2023-03-22 03:14:47',	'2023-03-22 03:14:47'),
(180,	118,	2,	'2023-03-22 03:14:47',	'2023-03-22 03:14:47'),
(181,	119,	1,	'2023-03-22 03:14:47',	'2023-03-22 03:14:47'),
(182,	119,	3,	'2023-03-22 03:14:47',	'2023-03-22 03:14:47'),
(183,	120,	3,	'2023-03-22 03:14:47',	'2023-03-22 03:14:47'),
(184,	120,	7,	'2023-03-22 03:14:47',	'2023-03-22 03:14:47'),
(185,	121,	2,	'2023-03-22 03:14:47',	'2023-03-22 03:14:47'),
(186,	121,	7,	'2023-03-22 03:14:47',	'2023-03-22 03:14:47'),
(187,	121,	10,	'2023-03-22 03:14:47',	'2023-03-22 03:14:47'),
(188,	122,	1,	'2023-03-22 03:14:47',	'2023-03-22 03:14:47'),
(189,	122,	2,	'2023-03-22 03:14:47',	'2023-03-22 03:14:47'),
(190,	123,	3,	'2023-03-22 03:14:47',	'2023-03-22 03:14:47'),
(191,	123,	7,	'2023-03-22 03:14:47',	'2023-03-22 03:14:47'),
(192,	123,	11,	'2023-03-22 03:14:47',	'2023-03-22 03:14:47'),
(193,	124,	3,	'2023-03-22 03:14:47',	'2023-03-22 03:14:47'),
(194,	124,	7,	'2023-03-22 03:14:47',	'2023-03-22 03:14:47'),
(213,	161,	12,	'2023-08-10 07:00:04',	'2023-08-10 07:00:04'),
(214,	165,	12,	'2023-08-10 07:02:11',	'2023-08-10 07:02:11'),
(221,	187,	13,	'2023-08-10 07:15:46',	'2023-08-10 07:15:46'),
(222,	187,	4,	'2023-08-10 07:15:46',	'2023-08-10 07:15:46'),
(225,	189,	6,	'2023-08-10 07:21:57',	'2023-08-10 07:21:57'),
(227,	192,	12,	'2023-08-13 08:43:43',	'2023-08-13 08:43:43'),
(230,	220,	13,	'2023-08-22 05:27:43',	'2023-08-22 05:27:43'),
(231,	221,	12,	'2023-08-22 06:16:58',	'2023-08-22 06:16:58'),
(232,	221,	10,	'2023-08-22 06:16:58',	'2023-08-22 06:16:58'),
(233,	221,	9,	'2023-08-22 06:16:58',	'2023-08-22 06:16:58'),
(234,	235,	13,	'2023-08-28 07:43:23',	'2023-08-28 07:43:23'),
(235,	235,	10,	'2023-08-28 07:43:23',	'2023-08-28 07:43:23'),
(236,	236,	12,	'2023-08-28 07:47:26',	'2023-08-28 07:47:26');

DROP TABLE IF EXISTS `product_makings`;
CREATE TABLE `product_makings` (
  `id` bigint(20) unsigned NOT NULL AUTO_INCREMENT,
  `product_id` bigint(20) unsigned NOT NULL,
  `making_id` bigint(20) unsigned NOT NULL,
  `created_at` timestamp NULL DEFAULT NULL,
  `updated_at` timestamp NULL DEFAULT NULL,
  PRIMARY KEY (`id`)
) ENGINE=InnoDB DEFAULT CHARSET=utf8mb4 COLLATE=utf8mb4_unicode_ci;

INSERT INTO `product_makings` (`id`, `product_id`, `making_id`, `created_at`, `updated_at`) VALUES
(1,	13,	1,	'2023-03-22 03:14:42',	'2023-03-22 03:14:42'),
(2,	14,	1,	'2023-03-22 03:14:43',	'2023-03-22 03:14:43'),
(3,	85,	1,	'2023-03-22 03:14:46',	'2023-03-22 03:14:46'),
(4,	86,	1,	'2023-03-22 03:14:46',	'2023-03-22 03:14:46'),
(5,	87,	1,	'2023-03-22 03:14:46',	'2023-03-22 03:14:46'),
(25,	161,	1,	'2023-08-10 07:00:04',	'2023-08-10 07:00:04'),
(26,	165,	1,	'2023-08-10 07:02:11',	'2023-08-10 07:02:11'),
(30,	187,	2,	'2023-08-10 07:15:46',	'2023-08-10 07:15:46'),
(32,	189,	2,	'2023-08-10 07:21:57',	'2023-08-10 07:21:57'),
(35,	192,	2,	'2023-08-13 08:43:43',	'2023-08-13 08:43:43'),
(38,	220,	1,	'2023-08-22 05:27:43',	'2023-08-22 05:27:43'),
(39,	221,	1,	'2023-08-22 06:16:58',	'2023-08-22 06:16:58'),
(40,	235,	2,	'2023-08-28 07:43:23',	'2023-08-28 07:43:23');

DROP TABLE IF EXISTS `product_seasons`;
CREATE TABLE `product_seasons` (
  `id` bigint(20) unsigned NOT NULL AUTO_INCREMENT,
  `product_id` bigint(20) unsigned NOT NULL,
  `season_id` bigint(20) unsigned NOT NULL,
  `created_at` timestamp NULL DEFAULT NULL,
  `updated_at` timestamp NULL DEFAULT NULL,
  PRIMARY KEY (`id`)
) ENGINE=InnoDB DEFAULT CHARSET=utf8mb4 COLLATE=utf8mb4_unicode_ci;

INSERT INTO `product_seasons` (`id`, `product_id`, `season_id`, `created_at`, `updated_at`) VALUES
(1,	1,	8,	'2023-03-22 03:14:42',	'2023-03-22 03:14:42'),
(2,	2,	8,	'2023-03-22 03:14:42',	'2023-03-22 03:14:42'),
(3,	3,	8,	'2023-03-22 03:14:42',	'2023-03-22 03:14:42'),
(4,	4,	8,	'2023-03-22 03:14:42',	'2023-03-22 03:14:42'),
(5,	5,	13,	'2023-03-22 03:14:42',	'2023-03-22 03:14:42'),
(6,	6,	8,	'2023-03-22 03:14:42',	'2023-03-22 03:14:42'),
(7,	7,	8,	'2023-03-22 03:14:42',	'2023-03-22 03:14:42'),
(8,	8,	8,	'2023-03-22 03:14:42',	'2023-03-22 03:14:42'),
(9,	9,	8,	'2023-03-22 03:14:42',	'2023-03-22 03:14:42'),
(10,	10,	8,	'2023-03-22 03:14:42',	'2023-03-22 03:14:42'),
(11,	11,	8,	'2023-03-22 03:14:42',	'2023-03-22 03:14:42'),
(12,	12,	8,	'2023-03-22 03:14:42',	'2023-03-22 03:14:42'),
(13,	13,	8,	'2023-03-22 03:14:42',	'2023-03-22 03:14:42'),
(14,	14,	4,	'2023-03-22 03:14:43',	'2023-03-22 03:14:43'),
(15,	18,	8,	'2023-03-22 03:14:43',	'2023-03-22 03:14:43'),
(16,	19,	8,	'2023-03-22 03:14:43',	'2023-03-22 03:14:43'),
(17,	20,	8,	'2023-03-22 03:14:43',	'2023-03-22 03:14:43'),
(18,	21,	8,	'2023-03-22 03:14:43',	'2023-03-22 03:14:43'),
(19,	22,	8,	'2023-03-22 03:14:43',	'2023-03-22 03:14:43'),
(20,	23,	8,	'2023-03-22 03:14:43',	'2023-03-22 03:14:43'),
(21,	24,	8,	'2023-03-22 03:14:43',	'2023-03-22 03:14:43'),
(22,	25,	8,	'2023-03-22 03:14:43',	'2023-03-22 03:14:43'),
(23,	26,	8,	'2023-03-22 03:14:43',	'2023-03-22 03:14:43'),
(24,	27,	8,	'2023-03-22 03:14:43',	'2023-03-22 03:14:43'),
(25,	28,	8,	'2023-03-22 03:14:43',	'2023-03-22 03:14:43'),
(26,	29,	8,	'2023-03-22 03:14:43',	'2023-03-22 03:14:43'),
(27,	30,	8,	'2023-03-22 03:14:43',	'2023-03-22 03:14:43'),
(28,	31,	3,	'2023-03-22 03:14:44',	'2023-03-22 03:14:44'),
(29,	36,	1,	'2023-03-22 03:14:44',	'2023-03-22 03:14:44'),
(30,	38,	6,	'2023-03-22 03:14:44',	'2023-03-22 03:14:44'),
(31,	39,	8,	'2023-03-22 03:14:44',	'2023-03-22 03:14:44'),
(32,	40,	8,	'2023-03-22 03:14:44',	'2023-03-22 03:14:44'),
(33,	41,	12,	'2023-03-22 03:14:44',	'2023-03-22 03:14:44'),
(34,	42,	8,	'2023-03-22 03:14:44',	'2023-03-22 03:14:44'),
(35,	44,	8,	'2023-03-22 03:14:44',	'2023-03-22 03:14:44'),
(36,	45,	8,	'2023-03-22 03:14:44',	'2023-03-22 03:14:44'),
(37,	46,	8,	'2023-03-22 03:14:44',	'2023-03-22 03:14:44'),
(38,	47,	8,	'2023-03-22 03:14:44',	'2023-03-22 03:14:44'),
(39,	48,	8,	'2023-03-22 03:14:44',	'2023-03-22 03:14:44'),
(40,	49,	8,	'2023-03-22 03:14:44',	'2023-03-22 03:14:44'),
(41,	50,	13,	'2023-03-22 03:14:44',	'2023-03-22 03:14:44'),
(42,	51,	13,	'2023-03-22 03:14:45',	'2023-03-22 03:14:45'),
(43,	52,	13,	'2023-03-22 03:14:45',	'2023-03-22 03:14:45'),
(44,	53,	4,	'2023-03-22 03:14:45',	'2023-03-22 03:14:45'),
(45,	62,	9,	'2023-03-22 03:14:45',	'2023-03-22 03:14:45'),
(46,	63,	8,	'2023-03-22 03:14:45',	'2023-03-22 03:14:45'),
(47,	64,	8,	'2023-03-22 03:14:45',	'2023-03-22 03:14:45'),
(48,	65,	8,	'2023-03-22 03:14:45',	'2023-03-22 03:14:45'),
(49,	66,	3,	'2023-03-22 03:14:46',	'2023-03-22 03:14:46'),
(50,	67,	3,	'2023-03-22 03:14:46',	'2023-03-22 03:14:46'),
(51,	68,	3,	'2023-03-22 03:14:46',	'2023-03-22 03:14:46'),
(52,	69,	8,	'2023-03-22 03:14:46',	'2023-03-22 03:14:46'),
(53,	70,	8,	'2023-03-22 03:14:46',	'2023-03-22 03:14:46'),
(54,	72,	8,	'2023-03-22 03:14:46',	'2023-03-22 03:14:46'),
(55,	85,	8,	'2023-03-22 03:14:46',	'2023-03-22 03:14:46'),
(56,	86,	8,	'2023-03-22 03:14:46',	'2023-03-22 03:14:46'),
(57,	87,	8,	'2023-03-22 03:14:46',	'2023-03-22 03:14:46'),
(58,	88,	8,	'2023-03-22 03:14:46',	'2023-03-22 03:14:46'),
(59,	89,	8,	'2023-03-22 03:14:46',	'2023-03-22 03:14:46'),
(60,	91,	8,	'2023-03-22 03:14:46',	'2023-03-22 03:14:46'),
(61,	92,	3,	'2023-03-22 03:14:46',	'2023-03-22 03:14:46'),
(62,	94,	2,	'2023-03-22 03:14:46',	'2023-03-22 03:14:46'),
(63,	95,	8,	'2023-03-22 03:14:46',	'2023-03-22 03:14:46'),
(64,	96,	8,	'2023-03-22 03:14:46',	'2023-03-22 03:14:46'),
(65,	97,	8,	'2023-03-22 03:14:47',	'2023-03-22 03:14:47'),
(66,	98,	7,	'2023-03-22 03:14:47',	'2023-03-22 03:14:47'),
(67,	107,	8,	'2023-03-22 03:14:47',	'2023-03-22 03:14:47'),
(68,	108,	8,	'2023-03-22 03:14:47',	'2023-03-22 03:14:47'),
(69,	109,	8,	'2023-03-22 03:14:47',	'2023-03-22 03:14:47'),
(70,	110,	8,	'2023-03-22 03:14:47',	'2023-03-22 03:14:47'),
(71,	111,	8,	'2023-03-22 03:14:47',	'2023-03-22 03:14:47'),
(100,	161,	2,	'2023-08-10 07:00:04',	'2023-08-10 07:00:04'),
(101,	165,	2,	'2023-08-10 07:02:11',	'2023-08-10 07:02:11'),
(105,	187,	13,	'2023-08-10 07:15:46',	'2023-08-10 07:15:46'),
(107,	189,	12,	'2023-08-10 07:21:57',	'2023-08-10 07:21:57'),
(110,	192,	13,	'2023-08-13 08:43:43',	'2023-08-13 08:43:43'),
(113,	220,	3,	'2023-08-22 05:27:43',	'2023-08-22 05:27:43'),
(114,	221,	11,	'2023-08-22 06:16:58',	'2023-08-22 06:16:58'),
(115,	222,	12,	'2023-08-22 06:21:59',	'2023-08-22 06:21:59'),
(116,	235,	12,	'2023-08-28 07:43:23',	'2023-08-28 07:43:23'),
(117,	235,	9,	'2023-08-28 07:43:23',	'2023-08-28 07:43:23');

DROP TABLE IF EXISTS `product_sizes`;
CREATE TABLE `product_sizes` (
  `id` bigint(20) unsigned NOT NULL AUTO_INCREMENT,
  `product_id` bigint(20) unsigned NOT NULL,
  `size_id` bigint(20) unsigned NOT NULL,
  `created_at` timestamp NULL DEFAULT NULL,
  `updated_at` timestamp NULL DEFAULT NULL,
  PRIMARY KEY (`id`)
) ENGINE=InnoDB DEFAULT CHARSET=utf8mb4 COLLATE=utf8mb4_unicode_ci;

INSERT INTO `product_sizes` (`id`, `product_id`, `size_id`, `created_at`, `updated_at`) VALUES
(1,	1,	9,	'2023-03-22 03:14:41',	'2023-03-22 03:14:41'),
(2,	1,	10,	'2023-03-22 03:14:42',	'2023-03-22 03:14:42'),
(3,	1,	11,	'2023-03-22 03:14:42',	'2023-03-22 03:14:42'),
(4,	1,	16,	'2023-03-22 03:14:42',	'2023-03-22 03:14:42'),
(5,	1,	7,	'2023-03-22 03:14:42',	'2023-03-22 03:14:42'),
(6,	1,	17,	'2023-03-22 03:14:42',	'2023-03-22 03:14:42'),
(7,	1,	18,	'2023-03-22 03:14:42',	'2023-03-22 03:14:42'),
(8,	2,	11,	'2023-03-22 03:14:42',	'2023-03-22 03:14:42'),
(9,	2,	16,	'2023-03-22 03:14:42',	'2023-03-22 03:14:42'),
(10,	2,	17,	'2023-03-22 03:14:42',	'2023-03-22 03:14:42'),
(11,	2,	18,	'2023-03-22 03:14:42',	'2023-03-22 03:14:42'),
(12,	2,	7,	'2023-03-22 03:14:42',	'2023-03-22 03:14:42'),
(13,	2,	9,	'2023-03-22 03:14:42',	'2023-03-22 03:14:42'),
(14,	2,	10,	'2023-03-22 03:14:42',	'2023-03-22 03:14:42'),
(15,	3,	11,	'2023-03-22 03:14:42',	'2023-03-22 03:14:42'),
(16,	3,	16,	'2023-03-22 03:14:42',	'2023-03-22 03:14:42'),
(17,	3,	17,	'2023-03-22 03:14:42',	'2023-03-22 03:14:42'),
(18,	3,	18,	'2023-03-22 03:14:42',	'2023-03-22 03:14:42'),
(19,	3,	7,	'2023-03-22 03:14:42',	'2023-03-22 03:14:42'),
(20,	3,	9,	'2023-03-22 03:14:42',	'2023-03-22 03:14:42'),
(21,	3,	10,	'2023-03-22 03:14:42',	'2023-03-22 03:14:42'),
(22,	4,	11,	'2023-03-22 03:14:42',	'2023-03-22 03:14:42'),
(23,	4,	16,	'2023-03-22 03:14:42',	'2023-03-22 03:14:42'),
(24,	4,	17,	'2023-03-22 03:14:42',	'2023-03-22 03:14:42'),
(25,	4,	18,	'2023-03-22 03:14:42',	'2023-03-22 03:14:42'),
(26,	4,	7,	'2023-03-22 03:14:42',	'2023-03-22 03:14:42'),
(27,	4,	9,	'2023-03-22 03:14:42',	'2023-03-22 03:14:42'),
(28,	4,	10,	'2023-03-22 03:14:42',	'2023-03-22 03:14:42'),
(29,	5,	11,	'2023-03-22 03:14:42',	'2023-03-22 03:14:42'),
(30,	5,	16,	'2023-03-22 03:14:42',	'2023-03-22 03:14:42'),
(31,	5,	17,	'2023-03-22 03:14:42',	'2023-03-22 03:14:42'),
(32,	5,	18,	'2023-03-22 03:14:42',	'2023-03-22 03:14:42'),
(33,	5,	7,	'2023-03-22 03:14:42',	'2023-03-22 03:14:42'),
(34,	5,	9,	'2023-03-22 03:14:42',	'2023-03-22 03:14:42'),
(35,	5,	10,	'2023-03-22 03:14:42',	'2023-03-22 03:14:42'),
(36,	6,	6,	'2023-03-22 03:14:42',	'2023-03-22 03:14:42'),
(37,	6,	13,	'2023-03-22 03:14:42',	'2023-03-22 03:14:42'),
(38,	6,	14,	'2023-03-22 03:14:42',	'2023-03-22 03:14:42'),
(39,	6,	15,	'2023-03-22 03:14:42',	'2023-03-22 03:14:42'),
(40,	7,	8,	'2023-03-22 03:14:42',	'2023-03-22 03:14:42'),
(41,	7,	11,	'2023-03-22 03:14:42',	'2023-03-22 03:14:42'),
(42,	7,	12,	'2023-03-22 03:14:42',	'2023-03-22 03:14:42'),
(43,	8,	10,	'2023-03-22 03:14:42',	'2023-03-22 03:14:42'),
(44,	8,	18,	'2023-03-22 03:14:42',	'2023-03-22 03:14:42'),
(45,	9,	11,	'2023-03-22 03:14:42',	'2023-03-22 03:14:42'),
(46,	9,	16,	'2023-03-22 03:14:42',	'2023-03-22 03:14:42'),
(47,	9,	17,	'2023-03-22 03:14:42',	'2023-03-22 03:14:42'),
(48,	9,	7,	'2023-03-22 03:14:42',	'2023-03-22 03:14:42'),
(49,	9,	9,	'2023-03-22 03:14:42',	'2023-03-22 03:14:42'),
(50,	9,	10,	'2023-03-22 03:14:42',	'2023-03-22 03:14:42'),
(51,	9,	18,	'2023-03-22 03:14:42',	'2023-03-22 03:14:42'),
(52,	10,	11,	'2023-03-22 03:14:42',	'2023-03-22 03:14:42'),
(53,	10,	16,	'2023-03-22 03:14:42',	'2023-03-22 03:14:42'),
(54,	10,	17,	'2023-03-22 03:14:42',	'2023-03-22 03:14:42'),
(55,	10,	7,	'2023-03-22 03:14:42',	'2023-03-22 03:14:42'),
(56,	10,	9,	'2023-03-22 03:14:42',	'2023-03-22 03:14:42'),
(57,	10,	10,	'2023-03-22 03:14:42',	'2023-03-22 03:14:42'),
(58,	10,	18,	'2023-03-22 03:14:42',	'2023-03-22 03:14:42'),
(59,	11,	11,	'2023-03-22 03:14:42',	'2023-03-22 03:14:42'),
(60,	11,	16,	'2023-03-22 03:14:42',	'2023-03-22 03:14:42'),
(61,	11,	17,	'2023-03-22 03:14:42',	'2023-03-22 03:14:42'),
(62,	11,	18,	'2023-03-22 03:14:42',	'2023-03-22 03:14:42'),
(63,	11,	7,	'2023-03-22 03:14:42',	'2023-03-22 03:14:42'),
(64,	11,	9,	'2023-03-22 03:14:42',	'2023-03-22 03:14:42'),
(65,	11,	10,	'2023-03-22 03:14:42',	'2023-03-22 03:14:42'),
(66,	12,	11,	'2023-03-22 03:14:42',	'2023-03-22 03:14:42'),
(67,	12,	16,	'2023-03-22 03:14:42',	'2023-03-22 03:14:42'),
(68,	12,	17,	'2023-03-22 03:14:42',	'2023-03-22 03:14:42'),
(69,	12,	18,	'2023-03-22 03:14:42',	'2023-03-22 03:14:42'),
(70,	12,	7,	'2023-03-22 03:14:42',	'2023-03-22 03:14:42'),
(71,	12,	9,	'2023-03-22 03:14:42',	'2023-03-22 03:14:42'),
(72,	12,	10,	'2023-03-22 03:14:42',	'2023-03-22 03:14:42'),
(73,	13,	11,	'2023-03-22 03:14:42',	'2023-03-22 03:14:42'),
(74,	13,	16,	'2023-03-22 03:14:43',	'2023-03-22 03:14:43'),
(75,	13,	17,	'2023-03-22 03:14:43',	'2023-03-22 03:14:43'),
(76,	13,	18,	'2023-03-22 03:14:43',	'2023-03-22 03:14:43'),
(77,	13,	7,	'2023-03-22 03:14:43',	'2023-03-22 03:14:43'),
(78,	13,	9,	'2023-03-22 03:14:43',	'2023-03-22 03:14:43'),
(79,	14,	11,	'2023-03-22 03:14:43',	'2023-03-22 03:14:43'),
(80,	14,	16,	'2023-03-22 03:14:43',	'2023-03-22 03:14:43'),
(81,	14,	17,	'2023-03-22 03:14:43',	'2023-03-22 03:14:43'),
(82,	14,	18,	'2023-03-22 03:14:43',	'2023-03-22 03:14:43'),
(83,	14,	7,	'2023-03-22 03:14:43',	'2023-03-22 03:14:43'),
(84,	14,	9,	'2023-03-22 03:14:43',	'2023-03-22 03:14:43'),
(85,	15,	8,	'2023-03-22 03:14:43',	'2023-03-22 03:14:43'),
(86,	15,	11,	'2023-03-22 03:14:43',	'2023-03-22 03:14:43'),
(87,	15,	12,	'2023-03-22 03:14:43',	'2023-03-22 03:14:43'),
(88,	15,	16,	'2023-03-22 03:14:43',	'2023-03-22 03:14:43'),
(89,	16,	8,	'2023-03-22 03:14:43',	'2023-03-22 03:14:43'),
(90,	16,	11,	'2023-03-22 03:14:43',	'2023-03-22 03:14:43'),
(91,	16,	16,	'2023-03-22 03:14:43',	'2023-03-22 03:14:43'),
(92,	16,	17,	'2023-03-22 03:14:43',	'2023-03-22 03:14:43'),
(93,	16,	18,	'2023-03-22 03:14:43',	'2023-03-22 03:14:43'),
(94,	16,	7,	'2023-03-22 03:14:43',	'2023-03-22 03:14:43'),
(95,	16,	9,	'2023-03-22 03:14:43',	'2023-03-22 03:14:43'),
(96,	17,	8,	'2023-03-22 03:14:43',	'2023-03-22 03:14:43'),
(97,	17,	11,	'2023-03-22 03:14:43',	'2023-03-22 03:14:43'),
(98,	17,	12,	'2023-03-22 03:14:43',	'2023-03-22 03:14:43'),
(99,	17,	16,	'2023-03-22 03:14:43',	'2023-03-22 03:14:43'),
(100,	17,	17,	'2023-03-22 03:14:43',	'2023-03-22 03:14:43'),
(101,	17,	18,	'2023-03-22 03:14:43',	'2023-03-22 03:14:43'),
(102,	17,	7,	'2023-03-22 03:14:43',	'2023-03-22 03:14:43'),
(103,	17,	9,	'2023-03-22 03:14:43',	'2023-03-22 03:14:43'),
(104,	18,	6,	'2023-03-22 03:14:43',	'2023-03-22 03:14:43'),
(105,	18,	13,	'2023-03-22 03:14:43',	'2023-03-22 03:14:43'),
(106,	18,	14,	'2023-03-22 03:14:43',	'2023-03-22 03:14:43'),
(107,	18,	15,	'2023-03-22 03:14:43',	'2023-03-22 03:14:43'),
(108,	19,	6,	'2023-03-22 03:14:43',	'2023-03-22 03:14:43'),
(109,	19,	13,	'2023-03-22 03:14:43',	'2023-03-22 03:14:43'),
(110,	19,	14,	'2023-03-22 03:14:43',	'2023-03-22 03:14:43'),
(111,	19,	15,	'2023-03-22 03:14:43',	'2023-03-22 03:14:43'),
(112,	19,	11,	'2023-03-22 03:14:43',	'2023-03-22 03:14:43'),
(113,	19,	16,	'2023-03-22 03:14:43',	'2023-03-22 03:14:43'),
(114,	20,	6,	'2023-03-22 03:14:43',	'2023-03-22 03:14:43'),
(115,	20,	13,	'2023-03-22 03:14:43',	'2023-03-22 03:14:43'),
(116,	20,	11,	'2023-03-22 03:14:43',	'2023-03-22 03:14:43'),
(117,	20,	12,	'2023-03-22 03:14:43',	'2023-03-22 03:14:43'),
(118,	20,	14,	'2023-03-22 03:14:43',	'2023-03-22 03:14:43'),
(119,	20,	15,	'2023-03-22 03:14:43',	'2023-03-22 03:14:43'),
(120,	20,	16,	'2023-03-22 03:14:43',	'2023-03-22 03:14:43'),
(121,	21,	6,	'2023-03-22 03:14:43',	'2023-03-22 03:14:43'),
(122,	21,	13,	'2023-03-22 03:14:43',	'2023-03-22 03:14:43'),
(123,	21,	14,	'2023-03-22 03:14:43',	'2023-03-22 03:14:43'),
(124,	21,	15,	'2023-03-22 03:14:43',	'2023-03-22 03:14:43'),
(125,	22,	6,	'2023-03-22 03:14:43',	'2023-03-22 03:14:43'),
(126,	22,	13,	'2023-03-22 03:14:43',	'2023-03-22 03:14:43'),
(127,	22,	14,	'2023-03-22 03:14:43',	'2023-03-22 03:14:43'),
(128,	23,	11,	'2023-03-22 03:14:43',	'2023-03-22 03:14:43'),
(129,	23,	16,	'2023-03-22 03:14:43',	'2023-03-22 03:14:43'),
(130,	23,	17,	'2023-03-22 03:14:43',	'2023-03-22 03:14:43'),
(131,	23,	18,	'2023-03-22 03:14:43',	'2023-03-22 03:14:43'),
(132,	24,	11,	'2023-03-22 03:14:43',	'2023-03-22 03:14:43'),
(133,	24,	16,	'2023-03-22 03:14:43',	'2023-03-22 03:14:43'),
(134,	24,	17,	'2023-03-22 03:14:43',	'2023-03-22 03:14:43'),
(135,	24,	18,	'2023-03-22 03:14:43',	'2023-03-22 03:14:43'),
(136,	25,	8,	'2023-03-22 03:14:43',	'2023-03-22 03:14:43'),
(137,	25,	11,	'2023-03-22 03:14:43',	'2023-03-22 03:14:43'),
(138,	25,	16,	'2023-03-22 03:14:43',	'2023-03-22 03:14:43'),
(139,	25,	17,	'2023-03-22 03:14:43',	'2023-03-22 03:14:43'),
(140,	25,	18,	'2023-03-22 03:14:43',	'2023-03-22 03:14:43'),
(141,	26,	11,	'2023-03-22 03:14:43',	'2023-03-22 03:14:43'),
(142,	26,	12,	'2023-03-22 03:14:43',	'2023-03-22 03:14:43'),
(143,	26,	16,	'2023-03-22 03:14:43',	'2023-03-22 03:14:43'),
(144,	26,	17,	'2023-03-22 03:14:43',	'2023-03-22 03:14:43'),
(145,	26,	18,	'2023-03-22 03:14:43',	'2023-03-22 03:14:43'),
(146,	27,	11,	'2023-03-22 03:14:43',	'2023-03-22 03:14:43'),
(147,	27,	16,	'2023-03-22 03:14:43',	'2023-03-22 03:14:43'),
(148,	28,	11,	'2023-03-22 03:14:43',	'2023-03-22 03:14:43'),
(149,	28,	16,	'2023-03-22 03:14:43',	'2023-03-22 03:14:43'),
(150,	29,	16,	'2023-03-22 03:14:43',	'2023-03-22 03:14:43'),
(151,	29,	17,	'2023-03-22 03:14:43',	'2023-03-22 03:14:43'),
(152,	29,	18,	'2023-03-22 03:14:43',	'2023-03-22 03:14:43'),
(153,	30,	8,	'2023-03-22 03:14:43',	'2023-03-22 03:14:43'),
(154,	30,	11,	'2023-03-22 03:14:43',	'2023-03-22 03:14:43'),
(155,	30,	12,	'2023-03-22 03:14:43',	'2023-03-22 03:14:43'),
(156,	30,	16,	'2023-03-22 03:14:44',	'2023-03-22 03:14:44'),
(157,	30,	17,	'2023-03-22 03:14:44',	'2023-03-22 03:14:44'),
(158,	30,	18,	'2023-03-22 03:14:44',	'2023-03-22 03:14:44'),
(159,	31,	11,	'2023-03-22 03:14:44',	'2023-03-22 03:14:44'),
(160,	31,	16,	'2023-03-22 03:14:44',	'2023-03-22 03:14:44'),
(161,	31,	17,	'2023-03-22 03:14:44',	'2023-03-22 03:14:44'),
(162,	31,	18,	'2023-03-22 03:14:44',	'2023-03-22 03:14:44'),
(163,	31,	7,	'2023-03-22 03:14:44',	'2023-03-22 03:14:44'),
(164,	31,	9,	'2023-03-22 03:14:44',	'2023-03-22 03:14:44'),
(165,	32,	6,	'2023-03-22 03:14:44',	'2023-03-22 03:14:44'),
(166,	32,	13,	'2023-03-22 03:14:44',	'2023-03-22 03:14:44'),
(167,	32,	14,	'2023-03-22 03:14:44',	'2023-03-22 03:14:44'),
(168,	32,	15,	'2023-03-22 03:14:44',	'2023-03-22 03:14:44'),
(169,	33,	6,	'2023-03-22 03:14:44',	'2023-03-22 03:14:44'),
(170,	33,	13,	'2023-03-22 03:14:44',	'2023-03-22 03:14:44'),
(171,	34,	6,	'2023-03-22 03:14:44',	'2023-03-22 03:14:44'),
(172,	34,	13,	'2023-03-22 03:14:44',	'2023-03-22 03:14:44'),
(173,	35,	13,	'2023-03-22 03:14:44',	'2023-03-22 03:14:44'),
(174,	35,	6,	'2023-03-22 03:14:44',	'2023-03-22 03:14:44'),
(175,	36,	19,	'2023-03-22 03:14:44',	'2023-03-22 03:14:44'),
(176,	36,	20,	'2023-03-22 03:14:44',	'2023-03-22 03:14:44'),
(177,	36,	21,	'2023-03-22 03:14:44',	'2023-03-22 03:14:44'),
(178,	36,	22,	'2023-03-22 03:14:44',	'2023-03-22 03:14:44'),
(179,	36,	23,	'2023-03-22 03:14:44',	'2023-03-22 03:14:44'),
(180,	37,	19,	'2023-03-22 03:14:44',	'2023-03-22 03:14:44'),
(181,	37,	20,	'2023-03-22 03:14:44',	'2023-03-22 03:14:44'),
(182,	37,	21,	'2023-03-22 03:14:44',	'2023-03-22 03:14:44'),
(183,	37,	22,	'2023-03-22 03:14:44',	'2023-03-22 03:14:44'),
(184,	37,	23,	'2023-03-22 03:14:44',	'2023-03-22 03:14:44'),
(185,	38,	19,	'2023-03-22 03:14:44',	'2023-03-22 03:14:44'),
(186,	38,	20,	'2023-03-22 03:14:44',	'2023-03-22 03:14:44'),
(187,	38,	21,	'2023-03-22 03:14:44',	'2023-03-22 03:14:44'),
(188,	38,	22,	'2023-03-22 03:14:44',	'2023-03-22 03:14:44'),
(189,	38,	23,	'2023-03-22 03:14:44',	'2023-03-22 03:14:44'),
(190,	39,	19,	'2023-03-22 03:14:44',	'2023-03-22 03:14:44'),
(191,	39,	20,	'2023-03-22 03:14:44',	'2023-03-22 03:14:44'),
(192,	39,	21,	'2023-03-22 03:14:44',	'2023-03-22 03:14:44'),
(193,	39,	22,	'2023-03-22 03:14:44',	'2023-03-22 03:14:44'),
(194,	39,	23,	'2023-03-22 03:14:44',	'2023-03-22 03:14:44'),
(195,	40,	22,	'2023-03-22 03:14:44',	'2023-03-22 03:14:44'),
(196,	40,	19,	'2023-03-22 03:14:44',	'2023-03-22 03:14:44'),
(197,	40,	20,	'2023-03-22 03:14:44',	'2023-03-22 03:14:44'),
(198,	40,	21,	'2023-03-22 03:14:44',	'2023-03-22 03:14:44'),
(199,	40,	23,	'2023-03-22 03:14:44',	'2023-03-22 03:14:44'),
(200,	41,	19,	'2023-03-22 03:14:44',	'2023-03-22 03:14:44'),
(201,	41,	20,	'2023-03-22 03:14:44',	'2023-03-22 03:14:44'),
(202,	41,	21,	'2023-03-22 03:14:44',	'2023-03-22 03:14:44'),
(203,	41,	22,	'2023-03-22 03:14:44',	'2023-03-22 03:14:44'),
(204,	41,	23,	'2023-03-22 03:14:44',	'2023-03-22 03:14:44'),
(205,	42,	19,	'2023-03-22 03:14:44',	'2023-03-22 03:14:44'),
(206,	42,	20,	'2023-03-22 03:14:44',	'2023-03-22 03:14:44'),
(207,	42,	21,	'2023-03-22 03:14:44',	'2023-03-22 03:14:44'),
(208,	42,	22,	'2023-03-22 03:14:44',	'2023-03-22 03:14:44'),
(209,	42,	23,	'2023-03-22 03:14:44',	'2023-03-22 03:14:44'),
(210,	43,	19,	'2023-03-22 03:14:44',	'2023-03-22 03:14:44'),
(211,	43,	20,	'2023-03-22 03:14:44',	'2023-03-22 03:14:44'),
(212,	43,	21,	'2023-03-22 03:14:44',	'2023-03-22 03:14:44'),
(213,	43,	22,	'2023-03-22 03:14:44',	'2023-03-22 03:14:44'),
(214,	43,	23,	'2023-03-22 03:14:44',	'2023-03-22 03:14:44'),
(215,	44,	19,	'2023-03-22 03:14:44',	'2023-03-22 03:14:44'),
(216,	44,	20,	'2023-03-22 03:14:44',	'2023-03-22 03:14:44'),
(217,	44,	21,	'2023-03-22 03:14:44',	'2023-03-22 03:14:44'),
(218,	44,	22,	'2023-03-22 03:14:44',	'2023-03-22 03:14:44'),
(219,	44,	23,	'2023-03-22 03:14:44',	'2023-03-22 03:14:44'),
(220,	45,	19,	'2023-03-22 03:14:44',	'2023-03-22 03:14:44'),
(221,	45,	20,	'2023-03-22 03:14:44',	'2023-03-22 03:14:44'),
(222,	45,	21,	'2023-03-22 03:14:44',	'2023-03-22 03:14:44'),
(223,	45,	22,	'2023-03-22 03:14:44',	'2023-03-22 03:14:44'),
(224,	45,	23,	'2023-03-22 03:14:44',	'2023-03-22 03:14:44'),
(225,	46,	19,	'2023-03-22 03:14:44',	'2023-03-22 03:14:44'),
(226,	46,	20,	'2023-03-22 03:14:44',	'2023-03-22 03:14:44'),
(227,	46,	21,	'2023-03-22 03:14:44',	'2023-03-22 03:14:44'),
(228,	46,	22,	'2023-03-22 03:14:44',	'2023-03-22 03:14:44'),
(229,	46,	23,	'2023-03-22 03:14:44',	'2023-03-22 03:14:44'),
(230,	47,	19,	'2023-03-22 03:14:44',	'2023-03-22 03:14:44'),
(231,	47,	20,	'2023-03-22 03:14:44',	'2023-03-22 03:14:44'),
(232,	47,	21,	'2023-03-22 03:14:44',	'2023-03-22 03:14:44'),
(233,	47,	22,	'2023-03-22 03:14:44',	'2023-03-22 03:14:44'),
(234,	47,	23,	'2023-03-22 03:14:44',	'2023-03-22 03:14:44'),
(235,	48,	19,	'2023-03-22 03:14:44',	'2023-03-22 03:14:44'),
(236,	48,	20,	'2023-03-22 03:14:44',	'2023-03-22 03:14:44'),
(237,	48,	21,	'2023-03-22 03:14:44',	'2023-03-22 03:14:44'),
(238,	48,	22,	'2023-03-22 03:14:44',	'2023-03-22 03:14:44'),
(239,	48,	23,	'2023-03-22 03:14:44',	'2023-03-22 03:14:44'),
(240,	49,	19,	'2023-03-22 03:14:44',	'2023-03-22 03:14:44'),
(241,	49,	20,	'2023-03-22 03:14:44',	'2023-03-22 03:14:44'),
(242,	49,	21,	'2023-03-22 03:14:44',	'2023-03-22 03:14:44'),
(243,	49,	22,	'2023-03-22 03:14:44',	'2023-03-22 03:14:44'),
(244,	49,	23,	'2023-03-22 03:14:44',	'2023-03-22 03:14:44'),
(245,	50,	19,	'2023-03-22 03:14:44',	'2023-03-22 03:14:44'),
(246,	50,	20,	'2023-03-22 03:14:44',	'2023-03-22 03:14:44'),
(247,	50,	21,	'2023-03-22 03:14:44',	'2023-03-22 03:14:44'),
(248,	50,	22,	'2023-03-22 03:14:44',	'2023-03-22 03:14:44'),
(249,	50,	23,	'2023-03-22 03:14:44',	'2023-03-22 03:14:44'),
(250,	51,	19,	'2023-03-22 03:14:44',	'2023-03-22 03:14:44'),
(251,	51,	20,	'2023-03-22 03:14:45',	'2023-03-22 03:14:45'),
(252,	51,	21,	'2023-03-22 03:14:45',	'2023-03-22 03:14:45'),
(253,	51,	22,	'2023-03-22 03:14:45',	'2023-03-22 03:14:45'),
(254,	51,	23,	'2023-03-22 03:14:45',	'2023-03-22 03:14:45'),
(255,	52,	19,	'2023-03-22 03:14:45',	'2023-03-22 03:14:45'),
(256,	52,	20,	'2023-03-22 03:14:45',	'2023-03-22 03:14:45'),
(257,	52,	21,	'2023-03-22 03:14:45',	'2023-03-22 03:14:45'),
(258,	52,	22,	'2023-03-22 03:14:45',	'2023-03-22 03:14:45'),
(259,	52,	23,	'2023-03-22 03:14:45',	'2023-03-22 03:14:45'),
(260,	53,	19,	'2023-03-22 03:14:45',	'2023-03-22 03:14:45'),
(261,	53,	20,	'2023-03-22 03:14:45',	'2023-03-22 03:14:45'),
(262,	53,	21,	'2023-03-22 03:14:45',	'2023-03-22 03:14:45'),
(263,	53,	22,	'2023-03-22 03:14:45',	'2023-03-22 03:14:45'),
(264,	53,	23,	'2023-03-22 03:14:45',	'2023-03-22 03:14:45'),
(265,	54,	19,	'2023-03-22 03:14:45',	'2023-03-22 03:14:45'),
(266,	54,	20,	'2023-03-22 03:14:45',	'2023-03-22 03:14:45'),
(267,	54,	21,	'2023-03-22 03:14:45',	'2023-03-22 03:14:45'),
(268,	54,	22,	'2023-03-22 03:14:45',	'2023-03-22 03:14:45'),
(269,	54,	23,	'2023-03-22 03:14:45',	'2023-03-22 03:14:45'),
(270,	55,	21,	'2023-03-22 03:14:45',	'2023-03-22 03:14:45'),
(271,	55,	22,	'2023-03-22 03:14:45',	'2023-03-22 03:14:45'),
(272,	55,	19,	'2023-03-22 03:14:45',	'2023-03-22 03:14:45'),
(273,	55,	20,	'2023-03-22 03:14:45',	'2023-03-22 03:14:45'),
(274,	55,	23,	'2023-03-22 03:14:45',	'2023-03-22 03:14:45'),
(275,	56,	19,	'2023-03-22 03:14:45',	'2023-03-22 03:14:45'),
(276,	56,	20,	'2023-03-22 03:14:45',	'2023-03-22 03:14:45'),
(277,	56,	21,	'2023-03-22 03:14:45',	'2023-03-22 03:14:45'),
(278,	56,	22,	'2023-03-22 03:14:45',	'2023-03-22 03:14:45'),
(279,	56,	23,	'2023-03-22 03:14:45',	'2023-03-22 03:14:45'),
(280,	57,	19,	'2023-03-22 03:14:45',	'2023-03-22 03:14:45'),
(281,	57,	20,	'2023-03-22 03:14:45',	'2023-03-22 03:14:45'),
(282,	57,	21,	'2023-03-22 03:14:45',	'2023-03-22 03:14:45'),
(283,	57,	22,	'2023-03-22 03:14:45',	'2023-03-22 03:14:45'),
(284,	57,	23,	'2023-03-22 03:14:45',	'2023-03-22 03:14:45'),
(285,	58,	19,	'2023-03-22 03:14:45',	'2023-03-22 03:14:45'),
(286,	58,	20,	'2023-03-22 03:14:45',	'2023-03-22 03:14:45'),
(287,	58,	21,	'2023-03-22 03:14:45',	'2023-03-22 03:14:45'),
(288,	58,	22,	'2023-03-22 03:14:45',	'2023-03-22 03:14:45'),
(289,	58,	23,	'2023-03-22 03:14:45',	'2023-03-22 03:14:45'),
(290,	59,	19,	'2023-03-22 03:14:45',	'2023-03-22 03:14:45'),
(291,	59,	20,	'2023-03-22 03:14:45',	'2023-03-22 03:14:45'),
(292,	59,	21,	'2023-03-22 03:14:45',	'2023-03-22 03:14:45'),
(293,	59,	22,	'2023-03-22 03:14:45',	'2023-03-22 03:14:45'),
(294,	59,	23,	'2023-03-22 03:14:45',	'2023-03-22 03:14:45'),
(295,	60,	19,	'2023-03-22 03:14:45',	'2023-03-22 03:14:45'),
(296,	60,	20,	'2023-03-22 03:14:45',	'2023-03-22 03:14:45'),
(297,	60,	21,	'2023-03-22 03:14:45',	'2023-03-22 03:14:45'),
(298,	60,	22,	'2023-03-22 03:14:45',	'2023-03-22 03:14:45'),
(299,	60,	23,	'2023-03-22 03:14:45',	'2023-03-22 03:14:45'),
(300,	61,	19,	'2023-03-22 03:14:45',	'2023-03-22 03:14:45'),
(301,	61,	20,	'2023-03-22 03:14:45',	'2023-03-22 03:14:45'),
(302,	61,	21,	'2023-03-22 03:14:45',	'2023-03-22 03:14:45'),
(303,	61,	22,	'2023-03-22 03:14:45',	'2023-03-22 03:14:45'),
(304,	61,	23,	'2023-03-22 03:14:45',	'2023-03-22 03:14:45'),
(305,	62,	19,	'2023-03-22 03:14:45',	'2023-03-22 03:14:45'),
(306,	62,	20,	'2023-03-22 03:14:45',	'2023-03-22 03:14:45'),
(307,	62,	21,	'2023-03-22 03:14:45',	'2023-03-22 03:14:45'),
(308,	62,	22,	'2023-03-22 03:14:45',	'2023-03-22 03:14:45'),
(309,	62,	23,	'2023-03-22 03:14:45',	'2023-03-22 03:14:45'),
(310,	63,	19,	'2023-03-22 03:14:45',	'2023-03-22 03:14:45'),
(311,	63,	20,	'2023-03-22 03:14:45',	'2023-03-22 03:14:45'),
(312,	63,	21,	'2023-03-22 03:14:45',	'2023-03-22 03:14:45'),
(313,	63,	22,	'2023-03-22 03:14:45',	'2023-03-22 03:14:45'),
(314,	63,	23,	'2023-03-22 03:14:45',	'2023-03-22 03:14:45'),
(315,	64,	23,	'2023-03-22 03:14:45',	'2023-03-22 03:14:45'),
(316,	64,	19,	'2023-03-22 03:14:45',	'2023-03-22 03:14:45'),
(317,	64,	20,	'2023-03-22 03:14:45',	'2023-03-22 03:14:45'),
(318,	64,	21,	'2023-03-22 03:14:45',	'2023-03-22 03:14:45'),
(319,	64,	22,	'2023-03-22 03:14:45',	'2023-03-22 03:14:45'),
(320,	65,	19,	'2023-03-22 03:14:45',	'2023-03-22 03:14:45'),
(321,	65,	20,	'2023-03-22 03:14:45',	'2023-03-22 03:14:45'),
(322,	65,	21,	'2023-03-22 03:14:45',	'2023-03-22 03:14:45'),
(323,	65,	22,	'2023-03-22 03:14:45',	'2023-03-22 03:14:45'),
(324,	65,	23,	'2023-03-22 03:14:45',	'2023-03-22 03:14:45'),
(325,	66,	2,	'2023-03-22 03:14:46',	'2023-03-22 03:14:46'),
(326,	66,	3,	'2023-03-22 03:14:46',	'2023-03-22 03:14:46'),
(327,	66,	1,	'2023-03-22 03:14:46',	'2023-03-22 03:14:46'),
(328,	66,	4,	'2023-03-22 03:14:46',	'2023-03-22 03:14:46'),
(329,	67,	2,	'2023-03-22 03:14:46',	'2023-03-22 03:14:46'),
(330,	67,	3,	'2023-03-22 03:14:46',	'2023-03-22 03:14:46'),
(331,	67,	1,	'2023-03-22 03:14:46',	'2023-03-22 03:14:46'),
(332,	67,	4,	'2023-03-22 03:14:46',	'2023-03-22 03:14:46'),
(333,	68,	2,	'2023-03-22 03:14:46',	'2023-03-22 03:14:46'),
(334,	68,	3,	'2023-03-22 03:14:46',	'2023-03-22 03:14:46'),
(335,	68,	1,	'2023-03-22 03:14:46',	'2023-03-22 03:14:46'),
(336,	68,	4,	'2023-03-22 03:14:46',	'2023-03-22 03:14:46'),
(337,	69,	2,	'2023-03-22 03:14:46',	'2023-03-22 03:14:46'),
(338,	69,	3,	'2023-03-22 03:14:46',	'2023-03-22 03:14:46'),
(339,	69,	1,	'2023-03-22 03:14:46',	'2023-03-22 03:14:46'),
(340,	69,	4,	'2023-03-22 03:14:46',	'2023-03-22 03:14:46'),
(341,	70,	2,	'2023-03-22 03:14:46',	'2023-03-22 03:14:46'),
(342,	70,	3,	'2023-03-22 03:14:46',	'2023-03-22 03:14:46'),
(343,	70,	1,	'2023-03-22 03:14:46',	'2023-03-22 03:14:46'),
(344,	70,	4,	'2023-03-22 03:14:46',	'2023-03-22 03:14:46'),
(345,	85,	2,	'2023-03-22 03:14:46',	'2023-03-22 03:14:46'),
(346,	85,	3,	'2023-03-22 03:14:46',	'2023-03-22 03:14:46'),
(347,	85,	1,	'2023-03-22 03:14:46',	'2023-03-22 03:14:46'),
(348,	85,	4,	'2023-03-22 03:14:46',	'2023-03-22 03:14:46'),
(349,	85,	5,	'2023-03-22 03:14:46',	'2023-03-22 03:14:46'),
(350,	86,	2,	'2023-03-22 03:14:46',	'2023-03-22 03:14:46'),
(351,	86,	3,	'2023-03-22 03:14:46',	'2023-03-22 03:14:46'),
(352,	86,	1,	'2023-03-22 03:14:46',	'2023-03-22 03:14:46'),
(353,	86,	4,	'2023-03-22 03:14:46',	'2023-03-22 03:14:46'),
(354,	86,	5,	'2023-03-22 03:14:46',	'2023-03-22 03:14:46'),
(355,	87,	2,	'2023-03-22 03:14:46',	'2023-03-22 03:14:46'),
(356,	87,	3,	'2023-03-22 03:14:46',	'2023-03-22 03:14:46'),
(357,	87,	1,	'2023-03-22 03:14:46',	'2023-03-22 03:14:46'),
(358,	87,	4,	'2023-03-22 03:14:46',	'2023-03-22 03:14:46'),
(359,	87,	5,	'2023-03-22 03:14:46',	'2023-03-22 03:14:46'),
(360,	88,	2,	'2023-03-22 03:14:46',	'2023-03-22 03:14:46'),
(361,	88,	3,	'2023-03-22 03:14:46',	'2023-03-22 03:14:46'),
(362,	88,	1,	'2023-03-22 03:14:46',	'2023-03-22 03:14:46'),
(363,	88,	4,	'2023-03-22 03:14:46',	'2023-03-22 03:14:46'),
(364,	88,	5,	'2023-03-22 03:14:46',	'2023-03-22 03:14:46'),
(365,	89,	2,	'2023-03-22 03:14:46',	'2023-03-22 03:14:46'),
(366,	89,	3,	'2023-03-22 03:14:46',	'2023-03-22 03:14:46'),
(367,	89,	1,	'2023-03-22 03:14:46',	'2023-03-22 03:14:46'),
(368,	89,	4,	'2023-03-22 03:14:46',	'2023-03-22 03:14:46'),
(369,	89,	5,	'2023-03-22 03:14:46',	'2023-03-22 03:14:46'),
(370,	90,	2,	'2023-03-22 03:14:46',	'2023-03-22 03:14:46'),
(371,	90,	3,	'2023-03-22 03:14:46',	'2023-03-22 03:14:46'),
(372,	90,	1,	'2023-03-22 03:14:46',	'2023-03-22 03:14:46'),
(373,	90,	4,	'2023-03-22 03:14:46',	'2023-03-22 03:14:46'),
(374,	90,	5,	'2023-03-22 03:14:46',	'2023-03-22 03:14:46'),
(375,	91,	2,	'2023-03-22 03:14:46',	'2023-03-22 03:14:46'),
(376,	91,	3,	'2023-03-22 03:14:46',	'2023-03-22 03:14:46'),
(377,	91,	1,	'2023-03-22 03:14:46',	'2023-03-22 03:14:46'),
(378,	91,	4,	'2023-03-22 03:14:46',	'2023-03-22 03:14:46'),
(379,	91,	5,	'2023-03-22 03:14:46',	'2023-03-22 03:14:46'),
(380,	94,	2,	'2023-03-22 03:14:46',	'2023-03-22 03:14:46'),
(381,	94,	3,	'2023-03-22 03:14:46',	'2023-03-22 03:14:46'),
(382,	95,	2,	'2023-03-22 03:14:46',	'2023-03-22 03:14:46'),
(383,	95,	3,	'2023-03-22 03:14:46',	'2023-03-22 03:14:46'),
(384,	95,	1,	'2023-03-22 03:14:46',	'2023-03-22 03:14:46'),
(385,	96,	2,	'2023-03-22 03:14:46',	'2023-03-22 03:14:46'),
(386,	96,	3,	'2023-03-22 03:14:46',	'2023-03-22 03:14:46'),
(387,	96,	1,	'2023-03-22 03:14:46',	'2023-03-22 03:14:46'),
(388,	96,	4,	'2023-03-22 03:14:46',	'2023-03-22 03:14:46'),
(389,	97,	2,	'2023-03-22 03:14:47',	'2023-03-22 03:14:47'),
(390,	97,	3,	'2023-03-22 03:14:47',	'2023-03-22 03:14:47'),
(391,	97,	1,	'2023-03-22 03:14:47',	'2023-03-22 03:14:47'),
(392,	97,	4,	'2023-03-22 03:14:47',	'2023-03-22 03:14:47'),
(393,	98,	2,	'2023-03-22 03:14:47',	'2023-03-22 03:14:47'),
(394,	98,	3,	'2023-03-22 03:14:47',	'2023-03-22 03:14:47'),
(395,	98,	1,	'2023-03-22 03:14:47',	'2023-03-22 03:14:47'),
(396,	98,	4,	'2023-03-22 03:14:47',	'2023-03-22 03:14:47'),
(397,	99,	3,	'2023-03-22 03:14:47',	'2023-03-22 03:14:47'),
(398,	99,	2,	'2023-03-22 03:14:47',	'2023-03-22 03:14:47'),
(399,	100,	3,	'2023-03-22 03:14:47',	'2023-03-22 03:14:47'),
(400,	100,	2,	'2023-03-22 03:14:47',	'2023-03-22 03:14:47'),
(401,	101,	3,	'2023-03-22 03:14:47',	'2023-03-22 03:14:47'),
(402,	101,	2,	'2023-03-22 03:14:47',	'2023-03-22 03:14:47'),
(403,	102,	3,	'2023-03-22 03:14:47',	'2023-03-22 03:14:47'),
(404,	102,	2,	'2023-03-22 03:14:47',	'2023-03-22 03:14:47'),
(405,	103,	1,	'2023-03-22 03:14:47',	'2023-03-22 03:14:47'),
(406,	103,	2,	'2023-03-22 03:14:47',	'2023-03-22 03:14:47'),
(407,	104,	2,	'2023-03-22 03:14:47',	'2023-03-22 03:14:47'),
(408,	104,	3,	'2023-03-22 03:14:47',	'2023-03-22 03:14:47'),
(409,	104,	1,	'2023-03-22 03:14:47',	'2023-03-22 03:14:47'),
(410,	104,	4,	'2023-03-22 03:14:47',	'2023-03-22 03:14:47'),
(411,	104,	5,	'2023-03-22 03:14:47',	'2023-03-22 03:14:47'),
(412,	106,	1,	'2023-03-22 03:14:47',	'2023-03-22 03:14:47'),
(413,	106,	3,	'2023-03-22 03:14:47',	'2023-03-22 03:14:47'),
(414,	106,	2,	'2023-03-22 03:14:47',	'2023-03-22 03:14:47'),
(415,	107,	2,	'2023-03-22 03:14:47',	'2023-03-22 03:14:47'),
(416,	107,	3,	'2023-03-22 03:14:47',	'2023-03-22 03:14:47'),
(417,	107,	1,	'2023-03-22 03:14:47',	'2023-03-22 03:14:47'),
(418,	107,	5,	'2023-03-22 03:14:47',	'2023-03-22 03:14:47'),
(419,	108,	5,	'2023-03-22 03:14:47',	'2023-03-22 03:14:47'),
(420,	108,	2,	'2023-03-22 03:14:47',	'2023-03-22 03:14:47'),
(421,	108,	3,	'2023-03-22 03:14:47',	'2023-03-22 03:14:47'),
(422,	108,	1,	'2023-03-22 03:14:47',	'2023-03-22 03:14:47'),
(423,	108,	4,	'2023-03-22 03:14:47',	'2023-03-22 03:14:47'),
(424,	109,	2,	'2023-03-22 03:14:47',	'2023-03-22 03:14:47'),
(425,	109,	3,	'2023-03-22 03:14:47',	'2023-03-22 03:14:47'),
(426,	109,	1,	'2023-03-22 03:14:47',	'2023-03-22 03:14:47'),
(427,	109,	4,	'2023-03-22 03:14:47',	'2023-03-22 03:14:47'),
(428,	110,	2,	'2023-03-22 03:14:47',	'2023-03-22 03:14:47'),
(429,	110,	3,	'2023-03-22 03:14:47',	'2023-03-22 03:14:47'),
(430,	110,	1,	'2023-03-22 03:14:47',	'2023-03-22 03:14:47'),
(431,	110,	4,	'2023-03-22 03:14:47',	'2023-03-22 03:14:47'),
(432,	111,	3,	'2023-03-22 03:14:47',	'2023-03-22 03:14:47'),
(433,	111,	1,	'2023-03-22 03:14:47',	'2023-03-22 03:14:47'),
(434,	111,	2,	'2023-03-22 03:14:47',	'2023-03-22 03:14:47'),
(449,	221,	23,	'2023-08-22 06:16:58',	'2023-08-22 06:16:58'),
(450,	221,	21,	'2023-08-22 06:16:58',	'2023-08-22 06:16:58');

DROP TABLE IF EXISTS `product_tags`;
CREATE TABLE `product_tags` (
  `id` bigint(20) unsigned NOT NULL AUTO_INCREMENT,
  `product_id` bigint(20) unsigned NOT NULL,
  `keyword_name` longtext COLLATE utf8mb4_unicode_ci NOT NULL,
  `code` varchar(255) COLLATE utf8mb4_unicode_ci DEFAULT NULL,
  `status` tinyint(4) NOT NULL DEFAULT 1,
  `created_at` timestamp NULL DEFAULT NULL,
  `updated_at` timestamp NULL DEFAULT NULL,
  PRIMARY KEY (`id`)
) ENGINE=InnoDB DEFAULT CHARSET=utf8mb4 COLLATE=utf8mb4_unicode_ci;

INSERT INTO `product_tags` (`id`, `product_id`, `keyword_name`, `code`, `status`, `created_at`, `updated_at`) VALUES
(6,	187,	'ytrtr,teuu',	NULL,	1,	'2023-08-10 07:15:46',	'2023-08-10 07:15:46'),
(9,	221,	'new2023',	NULL,	1,	'2023-08-22 06:16:58',	'2023-08-22 06:16:58'),
(10,	235,	'rtyt,fghgfh',	NULL,	1,	'2023-08-28 07:43:23',	'2023-08-28 07:43:23'),
(11,	236,	'test23',	NULL,	1,	'2023-08-28 07:47:26',	'2023-08-28 07:47:26');

DROP TABLE IF EXISTS `product_varieties`;
CREATE TABLE `product_varieties` (
  `id` bigint(20) unsigned NOT NULL AUTO_INCREMENT,
  `product_id` bigint(20) unsigned NOT NULL,
  `variety_id` bigint(20) unsigned NOT NULL,
  `created_at` timestamp NULL DEFAULT NULL,
  `updated_at` timestamp NULL DEFAULT NULL,
  PRIMARY KEY (`id`)
) ENGINE=InnoDB DEFAULT CHARSET=utf8mb4 COLLATE=utf8mb4_unicode_ci;

INSERT INTO `product_varieties` (`id`, `product_id`, `variety_id`, `created_at`, `updated_at`) VALUES
(1,	13,	1,	'2023-03-22 03:14:42',	'2023-03-22 03:14:42'),
(2,	14,	1,	'2023-03-22 03:14:43',	'2023-03-22 03:14:43'),
(3,	85,	1,	'2023-03-22 03:14:46',	'2023-03-22 03:14:46'),
(4,	86,	1,	'2023-03-22 03:14:46',	'2023-03-22 03:14:46'),
(5,	87,	1,	'2023-03-22 03:14:46',	'2023-03-22 03:14:46'),
(17,	161,	1,	'2023-08-10 07:00:04',	'2023-08-10 07:00:04'),
(18,	165,	1,	'2023-08-10 07:02:11',	'2023-08-10 07:02:11'),
(22,	187,	1,	'2023-08-10 07:15:46',	'2023-08-10 07:15:46'),
(24,	189,	1,	'2023-08-10 07:21:57',	'2023-08-10 07:21:57'),
(27,	192,	3,	'2023-08-13 08:43:43',	'2023-08-13 08:43:43'),
(30,	220,	2,	'2023-08-22 05:27:43',	'2023-08-22 05:27:43'),
(31,	236,	3,	'2023-08-28 07:47:26',	'2023-08-28 07:47:26');

DROP TABLE IF EXISTS `product_vendors`;
CREATE TABLE `product_vendors` (
  `id` bigint(20) unsigned NOT NULL AUTO_INCREMENT,
  `product_id` bigint(20) unsigned NOT NULL,
  `vendor_id` bigint(20) unsigned NOT NULL,
  `created_at` timestamp NULL DEFAULT NULL,
  `updated_at` timestamp NULL DEFAULT NULL,
  PRIMARY KEY (`id`)
) ENGINE=InnoDB DEFAULT CHARSET=utf8mb4 COLLATE=utf8mb4_unicode_ci;

INSERT INTO `product_vendors` (`id`, `product_id`, `vendor_id`, `created_at`, `updated_at`) VALUES
(1,	1,	1,	'2023-03-22 03:14:42',	'2023-03-22 03:14:42'),
(2,	2,	1,	'2023-03-22 03:14:42',	'2023-03-22 03:14:42'),
(3,	3,	1,	'2023-03-22 03:14:42',	'2023-03-22 03:14:42'),
(4,	4,	1,	'2023-03-22 03:14:42',	'2023-03-22 03:14:42'),
(5,	5,	1,	'2023-03-22 03:14:42',	'2023-03-22 03:14:42'),
(6,	6,	1,	'2023-03-22 03:14:42',	'2023-03-22 03:14:42'),
(7,	7,	1,	'2023-03-22 03:14:42',	'2023-03-22 03:14:42'),
(8,	8,	1,	'2023-03-22 03:14:42',	'2023-03-22 03:14:42'),
(9,	9,	1,	'2023-03-22 03:14:42',	'2023-03-22 03:14:42'),
(10,	10,	1,	'2023-03-22 03:14:42',	'2023-03-22 03:14:42'),
(11,	11,	1,	'2023-03-22 03:14:42',	'2023-03-22 03:14:42'),
(12,	12,	1,	'2023-03-22 03:14:42',	'2023-03-22 03:14:42'),
(13,	13,	1,	'2023-03-22 03:14:42',	'2023-03-22 03:14:42'),
(14,	14,	1,	'2023-03-22 03:14:43',	'2023-03-22 03:14:43'),
(15,	15,	1,	'2023-03-22 03:14:43',	'2023-03-22 03:14:43'),
(16,	16,	1,	'2023-03-22 03:14:43',	'2023-03-22 03:14:43'),
(17,	17,	1,	'2023-03-22 03:14:43',	'2023-03-22 03:14:43'),
(18,	18,	1,	'2023-03-22 03:14:43',	'2023-03-22 03:14:43'),
(19,	19,	1,	'2023-03-22 03:14:43',	'2023-03-22 03:14:43'),
(20,	20,	1,	'2023-03-22 03:14:43',	'2023-03-22 03:14:43'),
(21,	21,	1,	'2023-03-22 03:14:43',	'2023-03-22 03:14:43'),
(22,	22,	1,	'2023-03-22 03:14:43',	'2023-03-22 03:14:43'),
(23,	23,	1,	'2023-03-22 03:14:43',	'2023-03-22 03:14:43'),
(24,	24,	1,	'2023-03-22 03:14:43',	'2023-03-22 03:14:43'),
(25,	25,	1,	'2023-03-22 03:14:43',	'2023-03-22 03:14:43'),
(26,	26,	1,	'2023-03-22 03:14:43',	'2023-03-22 03:14:43'),
(27,	27,	1,	'2023-03-22 03:14:43',	'2023-03-22 03:14:43'),
(28,	28,	1,	'2023-03-22 03:14:43',	'2023-03-22 03:14:43'),
(29,	29,	1,	'2023-03-22 03:14:43',	'2023-03-22 03:14:43'),
(30,	30,	1,	'2023-03-22 03:14:43',	'2023-03-22 03:14:43'),
(31,	31,	1,	'2023-03-22 03:14:44',	'2023-03-22 03:14:44'),
(32,	32,	1,	'2023-03-22 03:14:44',	'2023-03-22 03:14:44'),
(33,	33,	1,	'2023-03-22 03:14:44',	'2023-03-22 03:14:44'),
(34,	34,	1,	'2023-03-22 03:14:44',	'2023-03-22 03:14:44'),
(35,	35,	1,	'2023-03-22 03:14:44',	'2023-03-22 03:14:44'),
(36,	36,	1,	'2023-03-22 03:14:44',	'2023-03-22 03:14:44'),
(37,	37,	1,	'2023-03-22 03:14:44',	'2023-03-22 03:14:44'),
(38,	38,	1,	'2023-03-22 03:14:44',	'2023-03-22 03:14:44'),
(39,	39,	1,	'2023-03-22 03:14:44',	'2023-03-22 03:14:44'),
(40,	40,	1,	'2023-03-22 03:14:44',	'2023-03-22 03:14:44'),
(41,	41,	1,	'2023-03-22 03:14:44',	'2023-03-22 03:14:44'),
(42,	42,	1,	'2023-03-22 03:14:44',	'2023-03-22 03:14:44'),
(43,	43,	1,	'2023-03-22 03:14:44',	'2023-03-22 03:14:44'),
(44,	44,	1,	'2023-03-22 03:14:44',	'2023-03-22 03:14:44'),
(45,	45,	1,	'2023-03-22 03:14:44',	'2023-03-22 03:14:44'),
(46,	46,	1,	'2023-03-22 03:14:44',	'2023-03-22 03:14:44'),
(47,	47,	1,	'2023-03-22 03:14:44',	'2023-03-22 03:14:44'),
(48,	48,	1,	'2023-03-22 03:14:44',	'2023-03-22 03:14:44'),
(49,	49,	1,	'2023-03-22 03:14:44',	'2023-03-22 03:14:44'),
(50,	50,	1,	'2023-03-22 03:14:44',	'2023-03-22 03:14:44'),
(51,	51,	1,	'2023-03-22 03:14:44',	'2023-03-22 03:14:44'),
(52,	52,	1,	'2023-03-22 03:14:45',	'2023-03-22 03:14:45'),
(53,	53,	1,	'2023-03-22 03:14:45',	'2023-03-22 03:14:45'),
(54,	54,	1,	'2023-03-22 03:14:45',	'2023-03-22 03:14:45'),
(55,	55,	1,	'2023-03-22 03:14:45',	'2023-03-22 03:14:45'),
(56,	56,	1,	'2023-03-22 03:14:45',	'2023-03-22 03:14:45'),
(57,	57,	1,	'2023-03-22 03:14:45',	'2023-03-22 03:14:45'),
(58,	58,	1,	'2023-03-22 03:14:45',	'2023-03-22 03:14:45'),
(59,	59,	1,	'2023-03-22 03:14:45',	'2023-03-22 03:14:45'),
(60,	60,	1,	'2023-03-22 03:14:45',	'2023-03-22 03:14:45'),
(61,	61,	1,	'2023-03-22 03:14:45',	'2023-03-22 03:14:45'),
(62,	62,	1,	'2023-03-22 03:14:45',	'2023-03-22 03:14:45'),
(63,	63,	1,	'2023-03-22 03:14:45',	'2023-03-22 03:14:45'),
(64,	64,	1,	'2023-03-22 03:14:45',	'2023-03-22 03:14:45'),
(65,	65,	1,	'2023-03-22 03:14:45',	'2023-03-22 03:14:45'),
(66,	66,	1,	'2023-03-22 03:14:46',	'2023-03-22 03:14:46'),
(67,	67,	1,	'2023-03-22 03:14:46',	'2023-03-22 03:14:46'),
(68,	68,	1,	'2023-03-22 03:14:46',	'2023-03-22 03:14:46'),
(69,	69,	1,	'2023-03-22 03:14:46',	'2023-03-22 03:14:46'),
(70,	70,	1,	'2023-03-22 03:14:46',	'2023-03-22 03:14:46'),
(71,	71,	1,	'2023-03-22 03:14:46',	'2023-03-22 03:14:46'),
(72,	72,	1,	'2023-03-22 03:14:46',	'2023-03-22 03:14:46'),
(73,	73,	1,	'2023-03-22 03:14:46',	'2023-03-22 03:14:46'),
(74,	74,	1,	'2023-03-22 03:14:46',	'2023-03-22 03:14:46'),
(75,	75,	1,	'2023-03-22 03:14:46',	'2023-03-22 03:14:46'),
(76,	76,	1,	'2023-03-22 03:14:46',	'2023-03-22 03:14:46'),
(77,	77,	1,	'2023-03-22 03:14:46',	'2023-03-22 03:14:46'),
(78,	78,	1,	'2023-03-22 03:14:46',	'2023-03-22 03:14:46'),
(79,	79,	1,	'2023-03-22 03:14:46',	'2023-03-22 03:14:46'),
(80,	80,	1,	'2023-03-22 03:14:46',	'2023-03-22 03:14:46'),
(81,	81,	1,	'2023-03-22 03:14:46',	'2023-03-22 03:14:46'),
(82,	82,	1,	'2023-03-22 03:14:46',	'2023-03-22 03:14:46'),
(83,	83,	1,	'2023-03-22 03:14:46',	'2023-03-22 03:14:46'),
(84,	84,	1,	'2023-03-22 03:14:46',	'2023-03-22 03:14:46'),
(85,	85,	1,	'2023-03-22 03:14:46',	'2023-03-22 03:14:46'),
(86,	86,	1,	'2023-03-22 03:14:46',	'2023-03-22 03:14:46'),
(87,	87,	1,	'2023-03-22 03:14:46',	'2023-03-22 03:14:46'),
(88,	88,	1,	'2023-03-22 03:14:46',	'2023-03-22 03:14:46'),
(89,	89,	1,	'2023-03-22 03:14:46',	'2023-03-22 03:14:46'),
(90,	90,	1,	'2023-03-22 03:14:46',	'2023-03-22 03:14:46'),
(91,	91,	1,	'2023-03-22 03:14:46',	'2023-03-22 03:14:46'),
(92,	92,	1,	'2023-03-22 03:14:46',	'2023-03-22 03:14:46'),
(93,	93,	1,	'2023-03-22 03:14:46',	'2023-03-22 03:14:46'),
(94,	94,	1,	'2023-03-22 03:14:46',	'2023-03-22 03:14:46'),
(95,	95,	1,	'2023-03-22 03:14:46',	'2023-03-22 03:14:46'),
(96,	96,	1,	'2023-03-22 03:14:46',	'2023-03-22 03:14:46'),
(97,	97,	1,	'2023-03-22 03:14:47',	'2023-03-22 03:14:47'),
(98,	98,	1,	'2023-03-22 03:14:47',	'2023-03-22 03:14:47'),
(99,	99,	1,	'2023-03-22 03:14:47',	'2023-03-22 03:14:47'),
(100,	100,	1,	'2023-03-22 03:14:47',	'2023-03-22 03:14:47'),
(101,	101,	1,	'2023-03-22 03:14:47',	'2023-03-22 03:14:47'),
(102,	102,	1,	'2023-03-22 03:14:47',	'2023-03-22 03:14:47'),
(103,	103,	1,	'2023-03-22 03:14:47',	'2023-03-22 03:14:47'),
(104,	104,	1,	'2023-03-22 03:14:47',	'2023-03-22 03:14:47'),
(105,	105,	1,	'2023-03-22 03:14:47',	'2023-03-22 03:14:47'),
(106,	106,	1,	'2023-03-22 03:14:47',	'2023-03-22 03:14:47'),
(107,	107,	1,	'2023-03-22 03:14:47',	'2023-03-22 03:14:47'),
(108,	108,	1,	'2023-03-22 03:14:47',	'2023-03-22 03:14:47'),
(109,	109,	1,	'2023-03-22 03:14:47',	'2023-03-22 03:14:47'),
(110,	110,	1,	'2023-03-22 03:14:47',	'2023-03-22 03:14:47'),
(111,	111,	1,	'2023-03-22 03:14:47',	'2023-03-22 03:14:47'),
(112,	112,	1,	'2023-03-22 03:14:47',	'2023-03-22 03:14:47'),
(113,	113,	1,	'2023-03-22 03:14:47',	'2023-03-22 03:14:47'),
(114,	114,	1,	'2023-03-22 03:14:47',	'2023-03-22 03:14:47'),
(115,	115,	1,	'2023-03-22 03:14:47',	'2023-03-22 03:14:47'),
(116,	116,	1,	'2023-03-22 03:14:47',	'2023-03-22 03:14:47'),
(117,	117,	1,	'2023-03-22 03:14:47',	'2023-03-22 03:14:47'),
(118,	118,	1,	'2023-03-22 03:14:47',	'2023-03-22 03:14:47'),
(119,	119,	1,	'2023-03-22 03:14:47',	'2023-03-22 03:14:47'),
(120,	120,	1,	'2023-03-22 03:14:47',	'2023-03-22 03:14:47'),
(121,	121,	1,	'2023-03-22 03:14:47',	'2023-03-22 03:14:47'),
(122,	122,	1,	'2023-03-22 03:14:47',	'2023-03-22 03:14:47'),
(123,	123,	1,	'2023-03-22 03:14:47',	'2023-03-22 03:14:47'),
(124,	124,	1,	'2023-03-22 03:14:47',	'2023-03-22 03:14:47'),
(125,	125,	2,	'2023-03-22 03:14:47',	'2023-03-22 03:14:47'),
(147,	161,	1,	'2023-08-10 07:00:04',	'2023-08-10 07:00:04'),
(148,	165,	1,	'2023-08-10 07:02:11',	'2023-08-10 07:02:11'),
(152,	187,	2,	'2023-08-10 07:15:46',	'2023-08-10 07:15:46'),
(154,	189,	2,	'2023-08-10 07:21:57',	'2023-08-10 07:21:57'),
(157,	192,	3,	'2023-08-13 08:43:43',	'2023-08-13 08:43:43'),
(160,	220,	1,	'2023-08-22 05:27:43',	'2023-08-22 05:27:43'),
(161,	221,	1,	'2023-08-22 06:16:58',	'2023-08-22 06:16:58'),
(162,	222,	1,	'2023-08-22 06:21:59',	'2023-08-22 06:21:59'),
(163,	235,	1,	'2023-08-28 07:43:23',	'2023-08-28 07:43:23'),
(164,	236,	2,	'2023-08-28 07:47:26',	'2023-08-28 07:47:26');

DROP TABLE IF EXISTS `refund_configure`;
CREATE TABLE `refund_configure` (
  `id` bigint(20) unsigned NOT NULL AUTO_INCREMENT,
  `refund_within_days` int(11) NOT NULL,
  `status` tinyint(4) NOT NULL DEFAULT 1,
  `created_at` timestamp NULL DEFAULT NULL,
  `updated_at` timestamp NULL DEFAULT NULL,
  PRIMARY KEY (`id`)
) ENGINE=InnoDB DEFAULT CHARSET=utf8mb4 COLLATE=utf8mb4_unicode_ci;

INSERT INTO `refund_configure` (`id`, `refund_within_days`, `status`, `created_at`, `updated_at`) VALUES
(1,	27,	1,	'2023-05-09 06:26:32',	'2023-05-09 06:26:33');

DROP TABLE IF EXISTS `roles`;
CREATE TABLE `roles` (
  `id` bigint(20) unsigned NOT NULL AUTO_INCREMENT,
  `role_name` varchar(255) COLLATE utf8mb4_unicode_ci NOT NULL,
  `status` tinyint(4) NOT NULL DEFAULT 1,
  `created_at` timestamp NULL DEFAULT NULL,
  `updated_at` timestamp NULL DEFAULT NULL,
  PRIMARY KEY (`id`)
) ENGINE=InnoDB DEFAULT CHARSET=utf8mb4 COLLATE=utf8mb4_unicode_ci;

INSERT INTO `roles` (`id`, `role_name`, `status`, `created_at`, `updated_at`) VALUES
(1,	'Super Admin',	1,	'2023-05-20 23:12:12',	'2023-05-20 23:12:12'),
(2,	'Manager',	1,	'2023-05-21 05:12:41',	'2023-05-21 05:12:42'),
(4,	'Sales Person',	1,	'2023-05-24 03:35:01',	'2023-05-24 03:35:01'),
(12,	'Administrator',	1,	'2023-05-29 11:46:56',	'2023-05-29 11:46:56'),
(13,	'Tester-1',	1,	'2023-05-29 13:17:12',	'2023-05-29 13:17:12'),
(14,	'Media',	1,	'2023-07-05 06:46:48',	'2023-07-05 06:46:48');

DROP TABLE IF EXISTS `role_permissions`;
CREATE TABLE `role_permissions` (
  `id` bigint(20) unsigned NOT NULL AUTO_INCREMENT,
  `role_id` bigint(20) unsigned NOT NULL,
  `permission_id` bigint(20) unsigned NOT NULL,
  `created_at` timestamp NULL DEFAULT NULL,
  `updated_at` timestamp NULL DEFAULT NULL,
  PRIMARY KEY (`id`),
  KEY `role_permissions_role_id_foreign` (`role_id`),
  KEY `role_permissions_permission_id_foreign` (`permission_id`),
  CONSTRAINT `role_permissions_permission_id_foreign` FOREIGN KEY (`permission_id`) REFERENCES `permissions` (`id`) ON DELETE CASCADE ON UPDATE NO ACTION,
  CONSTRAINT `role_permissions_role_id_foreign` FOREIGN KEY (`role_id`) REFERENCES `roles` (`id`) ON DELETE CASCADE ON UPDATE NO ACTION
) ENGINE=InnoDB DEFAULT CHARSET=utf8mb4 COLLATE=utf8mb4_unicode_ci;

INSERT INTO `role_permissions` (`id`, `role_id`, `permission_id`, `created_at`, `updated_at`) VALUES
(1,	1,	1,	'2023-05-20 23:12:12',	'2023-05-20 23:12:12'),
(2,	1,	2,	'2023-05-20 23:12:12',	'2023-05-20 23:12:12'),
(3,	1,	3,	'2023-05-20 23:12:12',	'2023-05-20 23:12:12'),
(4,	1,	4,	'2023-05-20 23:12:12',	'2023-05-20 23:12:12'),
(5,	1,	5,	'2023-05-20 23:12:12',	'2023-05-20 23:12:12'),
(6,	1,	6,	'2023-05-20 23:12:12',	'2023-05-20 23:12:12'),
(7,	1,	7,	'2023-05-20 23:12:12',	'2023-05-20 23:12:12'),
(8,	1,	8,	'2023-05-20 23:12:12',	'2023-05-20 23:12:12'),
(9,	1,	9,	'2023-05-20 23:12:12',	'2023-05-20 23:12:12'),
(10,	1,	10,	'2023-05-20 23:12:12',	'2023-05-20 23:12:12'),
(11,	1,	11,	'2023-05-20 23:12:12',	'2023-05-20 23:12:12'),
(12,	1,	12,	'2023-05-20 23:12:12',	'2023-05-20 23:12:12'),
(13,	1,	13,	'2023-05-20 23:12:12',	'2023-05-20 23:12:12'),
(14,	1,	14,	'2023-05-20 23:12:12',	'2023-05-20 23:12:12'),
(15,	1,	15,	'2023-05-20 23:12:12',	'2023-05-20 23:12:12'),
(16,	1,	16,	'2023-05-20 23:12:12',	'2023-05-20 23:12:12'),
(17,	1,	17,	'2023-05-20 23:12:12',	'2023-05-20 23:12:12'),
(18,	1,	18,	'2023-05-20 23:12:12',	'2023-05-20 23:12:12'),
(19,	1,	19,	'2023-05-20 23:12:12',	'2023-05-20 23:12:12'),
(20,	1,	20,	'2023-05-20 23:12:12',	'2023-05-20 23:12:12'),
(21,	1,	21,	'2023-05-20 23:12:12',	'2023-05-20 23:12:12'),
(22,	1,	22,	'2023-05-20 23:12:12',	'2023-05-20 23:12:12'),
(23,	1,	23,	'2023-05-20 23:12:12',	'2023-05-20 23:12:12'),
(24,	1,	24,	'2023-05-20 23:12:12',	'2023-05-20 23:12:12'),
(25,	1,	25,	'2023-05-20 23:12:12',	'2023-05-20 23:12:12'),
(26,	1,	26,	'2023-05-20 23:12:12',	'2023-05-20 23:12:12'),
(27,	1,	27,	'2023-05-20 23:12:12',	'2023-05-20 23:12:12'),
(28,	1,	28,	'2023-05-20 23:12:12',	'2023-05-20 23:12:12'),
(29,	1,	29,	'2023-05-20 23:12:12',	'2023-05-20 23:12:12'),
(30,	1,	30,	'2023-05-20 23:12:12',	'2023-05-20 23:12:12'),
(31,	1,	31,	'2023-05-20 23:12:12',	'2023-05-20 23:12:12'),
(32,	1,	32,	'2023-05-20 23:12:12',	'2023-05-20 23:12:12'),
(33,	1,	33,	'2023-05-20 23:12:12',	'2023-05-20 23:12:12'),
(34,	1,	34,	'2023-05-20 23:12:12',	'2023-05-20 23:12:12'),
(35,	1,	35,	'2023-05-20 23:12:12',	'2023-05-20 23:12:12'),
(36,	1,	36,	'2023-05-20 23:12:12',	'2023-05-20 23:12:12'),
(37,	1,	37,	'2023-05-20 23:12:12',	'2023-05-20 23:12:12'),
(38,	1,	38,	'2023-05-20 23:12:12',	'2023-05-20 23:12:12'),
(39,	1,	39,	'2023-05-20 23:12:12',	'2023-05-20 23:12:12'),
(40,	1,	40,	'2023-05-20 23:12:12',	'2023-05-20 23:12:12'),
(41,	2,	1,	'2023-05-21 05:56:30',	'2023-05-21 05:56:31'),
(42,	2,	5,	'2023-05-21 06:29:04',	'2023-05-21 06:29:05'),
(44,	2,	11,	'2023-05-21 06:31:59',	'2023-05-21 06:31:59'),
(45,	2,	26,	'2023-05-21 00:32:44',	'2023-05-21 00:32:44'),
(47,	2,	34,	'2023-05-21 00:32:44',	'2023-05-21 00:32:44'),
(48,	2,	19,	'2023-05-21 00:32:44',	'2023-05-21 00:32:44'),
(52,	1,	41,	'2023-05-21 11:34:45',	'2023-05-21 11:34:47'),
(63,	4,	26,	'2023-05-24 03:35:01',	'2023-05-24 03:35:01'),
(64,	4,	27,	'2023-05-24 03:35:01',	'2023-05-24 03:35:01'),
(65,	4,	28,	'2023-05-24 03:35:01',	'2023-05-24 03:35:01'),
(66,	4,	19,	'2023-05-24 03:35:01',	'2023-05-24 03:35:01'),
(67,	4,	20,	'2023-05-24 03:35:01',	'2023-05-24 03:35:01'),
(68,	4,	21,	'2023-05-24 03:35:01',	'2023-05-24 03:35:01'),
(69,	4,	22,	'2023-05-24 03:35:01',	'2023-05-24 03:35:01'),
(70,	4,	23,	'2023-05-24 03:35:01',	'2023-05-24 03:35:01'),
(71,	4,	24,	'2023-05-24 03:35:01',	'2023-05-24 03:35:01'),
(72,	4,	25,	'2023-05-24 03:35:01',	'2023-05-24 03:35:01'),
(73,	4,	34,	'2023-05-24 03:35:01',	'2023-05-24 03:35:01'),
(74,	4,	35,	'2023-05-24 03:35:01',	'2023-05-24 03:35:01'),
(90,	4,	1,	'2023-05-24 08:09:17',	'2023-05-24 08:09:17'),
(91,	4,	2,	'2023-05-24 08:09:17',	'2023-05-24 08:09:17'),
(95,	4,	7,	'2023-05-24 08:12:02',	'2023-05-24 08:12:02'),
(96,	4,	8,	'2023-05-24 08:12:02',	'2023-05-24 08:12:02'),
(147,	12,	19,	'2023-05-29 11:46:56',	'2023-05-29 11:46:56'),
(148,	12,	20,	'2023-05-29 11:46:56',	'2023-05-29 11:46:56'),
(149,	12,	21,	'2023-05-29 11:46:56',	'2023-05-29 11:46:56'),
(150,	12,	22,	'2023-05-29 11:46:56',	'2023-05-29 11:46:56'),
(151,	12,	24,	'2023-05-29 11:46:56',	'2023-05-29 11:46:56'),
(152,	12,	23,	'2023-05-29 11:46:56',	'2023-05-29 11:46:56'),
(153,	12,	25,	'2023-05-29 11:46:56',	'2023-05-29 11:46:56'),
(154,	12,	26,	'2023-05-29 13:16:36',	'2023-05-29 13:16:36'),
(155,	12,	27,	'2023-05-29 13:16:36',	'2023-05-29 13:16:36'),
(156,	12,	28,	'2023-05-29 13:16:36',	'2023-05-29 13:16:36'),
(157,	13,	1,	'2023-05-29 13:17:12',	'2023-05-29 13:17:12'),
(158,	13,	3,	'2023-05-29 13:17:12',	'2023-05-29 13:17:12'),
(159,	13,	2,	'2023-05-29 13:17:12',	'2023-05-29 13:17:12'),
(160,	13,	5,	'2023-05-29 13:17:12',	'2023-05-29 13:17:12'),
(161,	13,	6,	'2023-05-29 13:17:12',	'2023-05-29 13:17:12'),
(162,	13,	19,	'2023-05-29 13:17:12',	'2023-05-29 13:17:12'),
(163,	13,	20,	'2023-05-29 13:17:12',	'2023-05-29 13:17:12'),
(164,	13,	21,	'2023-05-29 13:17:12',	'2023-05-29 13:17:12'),
(165,	13,	29,	'2023-05-29 13:17:12',	'2023-05-29 13:17:12'),
(166,	13,	30,	'2023-05-29 13:17:12',	'2023-05-29 13:17:12'),
(167,	13,	36,	'2023-05-29 13:17:12',	'2023-05-29 13:17:12'),
(168,	13,	37,	'2023-05-29 13:17:12',	'2023-05-29 13:17:12'),
(169,	1,	42,	'2023-06-13 12:47:46',	'2023-06-13 12:47:46'),
(170,	1,	43,	'2023-06-13 12:47:46',	'2023-06-13 12:47:46'),
(171,	1,	44,	'2023-06-13 12:47:46',	'2023-06-13 12:47:46'),
(172,	1,	45,	'2023-06-13 12:47:46',	'2023-06-13 12:47:46'),
(173,	1,	46,	'2023-06-21 07:18:28',	'2023-06-21 07:18:28'),
(174,	1,	47,	'2023-06-21 07:18:28',	'2023-06-21 07:18:28'),
(175,	1,	48,	'2023-06-21 07:18:28',	'2023-06-21 07:18:28'),
(176,	14,	46,	'2023-07-05 06:46:48',	'2023-07-05 06:46:48'),
(177,	14,	47,	'2023-07-05 06:46:48',	'2023-07-05 06:46:48'),
(178,	1,	49,	'2023-07-24 05:50:12',	'2023-07-24 05:50:12'),
(179,	1,	50,	'2023-07-24 05:50:12',	'2023-07-24 05:50:12'),
(180,	1,	51,	'2023-07-24 05:50:12',	'2023-07-24 05:50:12'),
(181,	1,	53,	'2023-08-01 10:09:38',	'2023-08-01 10:09:38'),
(182,	1,	54,	'2023-08-01 10:09:38',	'2023-08-01 10:09:38'),
(183,	1,	55,	'2023-08-01 10:09:38',	'2023-08-01 10:09:38'),
(184,	1,	56,	'2023-08-01 10:09:38',	'2023-08-01 10:09:38'),
(185,	1,	57,	'2023-08-01 10:09:38',	'2023-08-01 10:09:38'),
(186,	1,	58,	'2023-08-01 10:09:38',	'2023-08-01 10:09:38'),
(187,	1,	59,	'2023-08-01 10:09:38',	'2023-08-01 10:09:38'),
(188,	1,	60,	'2023-08-01 10:09:38',	'2023-08-01 10:09:38'),
(189,	1,	52,	'2023-08-10 10:20:23',	'2023-08-10 10:20:23');

DROP TABLE IF EXISTS `seasons`;
CREATE TABLE `seasons` (
  `id` bigint(20) unsigned NOT NULL AUTO_INCREMENT,
  `season_name` varchar(255) COLLATE utf8mb4_unicode_ci NOT NULL,
  `slug` varchar(255) COLLATE utf8mb4_unicode_ci DEFAULT NULL,
  `precedence` int(11) DEFAULT NULL,
  `status` tinyint(4) NOT NULL DEFAULT 1,
  `deleted_at` timestamp NULL DEFAULT NULL,
  `created_at` timestamp NULL DEFAULT NULL,
  `updated_at` timestamp NULL DEFAULT NULL,
  PRIMARY KEY (`id`)
) ENGINE=InnoDB DEFAULT CHARSET=utf8mb4 COLLATE=utf8mb4_unicode_ci;

INSERT INTO `seasons` (`id`, `season_name`, `slug`, `precedence`, `status`, `deleted_at`, `created_at`, `updated_at`) VALUES
(1,	'0871',	'0871',	NULL,	1,	NULL,	'2023-03-07 04:57:43',	'2023-03-11 09:40:42'),
(2,	'1017',	'1017',	NULL,	1,	NULL,	'2023-03-07 04:57:50',	'2023-03-11 09:41:01'),
(3,	'E118',	'e118',	NULL,	1,	NULL,	'2023-03-07 05:56:59',	'2023-03-11 09:41:23'),
(4,	'E120',	'e120',	NULL,	1,	NULL,	'2023-03-07 05:57:04',	'2023-03-11 09:41:41'),
(5,	'E217',	'e217',	NULL,	1,	NULL,	'2023-03-11 09:41:59',	'2023-03-11 09:41:59'),
(6,	'E218',	'e218',	NULL,	1,	NULL,	'2023-03-11 09:42:16',	'2023-03-11 09:42:16'),
(7,	'NA-1',	'na-1',	NULL,	1,	NULL,	'2023-03-11 09:42:43',	'2023-03-11 09:42:43'),
(8,	'NO-1',	'no-1',	NULL,	1,	NULL,	'2023-03-11 09:42:50',	'2023-03-11 09:42:50'),
(9,	'S117',	's117',	NULL,	1,	NULL,	'2023-03-11 09:43:18',	'2023-03-11 09:43:18'),
(10,	'S118',	's118',	NULL,	1,	NULL,	'2023-03-11 09:43:36',	'2023-03-11 09:43:36'),
(11,	'S118',	's118',	NULL,	1,	NULL,	'2023-03-11 09:43:36',	'2023-03-11 09:43:36'),
(12,	'S119',	's119',	NULL,	1,	NULL,	'2023-03-11 09:43:53',	'2023-03-11 09:43:53'),
(13,	'S120',	's120',	NULL,	1,	NULL,	'2023-03-11 09:44:10',	'2023-03-11 09:44:10');

DROP TABLE IF EXISTS `shipping_configs`;
CREATE TABLE `shipping_configs` (
  `id` bigint(20) unsigned NOT NULL AUTO_INCREMENT,
  `country_name` varchar(255) COLLATE utf8mb4_unicode_ci NOT NULL,
  `country_code` tinytext COLLATE utf8mb4_unicode_ci DEFAULT NULL,
  `shipping_charge` longtext CHARACTER SET utf8mb4 COLLATE utf8mb4_bin DEFAULT '0' CHECK (json_valid(`shipping_charge`)),
  `status` tinyint(4) NOT NULL DEFAULT 1,
  `created_at` timestamp NULL DEFAULT NULL,
  `updated_at` timestamp NULL DEFAULT NULL,
  PRIMARY KEY (`id`),
  UNIQUE KEY `shipping_configs_country_name_unique` (`country_name`)
) ENGINE=InnoDB DEFAULT CHARSET=utf8mb4 COLLATE=utf8mb4_unicode_ci;

INSERT INTO `shipping_configs` (`id`, `country_name`, `country_code`, `shipping_charge`, `status`, `created_at`, `updated_at`) VALUES
(6,	'Bangladesh',	'BD',	'{\"inside_city\":{\"pathao\":70,\"e_courier\":100},\"outside_city\":{\"pathao\":160,\"e_courier\":200}}',	1,	'2023-07-20 09:54:07',	'2023-08-10 03:11:32'),
(9,	'India',	'IN',	'{\"amount\":240}',	1,	'2023-08-10 09:02:02',	'2023-08-10 09:02:02'),
(10,	'Argentina',	'AR',	'{\"amount\":550}',	1,	'2023-08-10 09:02:18',	'2023-08-10 09:02:18'),
(11,	'Germany',	'DE',	'{\"amount\":50}',	1,	'2023-08-21 08:50:52',	'2023-08-21 08:50:52');

DROP TABLE IF EXISTS `sizes`;
CREATE TABLE `sizes` (
  `id` bigint(20) unsigned NOT NULL AUTO_INCREMENT,
  `size_name` varchar(255) COLLATE utf8mb4_unicode_ci NOT NULL,
  `slug` varchar(255) COLLATE utf8mb4_unicode_ci DEFAULT NULL,
  `precedence` int(11) DEFAULT NULL,
  `status` tinyint(4) NOT NULL DEFAULT 1,
  `deleted_at` timestamp NULL DEFAULT NULL,
  `created_at` timestamp NULL DEFAULT NULL,
  `updated_at` timestamp NULL DEFAULT NULL,
  PRIMARY KEY (`id`)
) ENGINE=InnoDB DEFAULT CHARSET=utf8mb4 COLLATE=utf8mb4_unicode_ci;

INSERT INTO `sizes` (`id`, `size_name`, `slug`, `precedence`, `status`, `deleted_at`, `created_at`, `updated_at`) VALUES
(1,	'S',	's',	NULL,	1,	NULL,	'2023-03-06 16:07:31',	'2023-03-06 16:07:31'),
(2,	'L',	'l',	NULL,	1,	NULL,	'2023-03-06 16:07:37',	'2023-03-06 16:07:37'),
(3,	'M',	'm',	NULL,	1,	NULL,	'2023-03-06 16:07:44',	'2023-03-06 16:07:44'),
(4,	'XL',	'xl',	NULL,	1,	NULL,	'2023-03-06 16:07:50',	'2023-03-06 16:07:50'),
(5,	'XXL',	'xxl',	NULL,	1,	NULL,	'2023-03-06 16:08:08',	'2023-03-06 16:08:08'),
(6,	'0-3 Month',	'0-3-month',	NULL,	1,	NULL,	'2023-03-11 08:49:10',	'2023-03-11 08:49:10'),
(7,	'10-11',	'10-11',	NULL,	1,	NULL,	'2023-03-11 08:50:10',	'2023-03-11 08:50:10'),
(8,	'1-2',	'1-2',	NULL,	1,	NULL,	'2023-03-11 08:50:50',	'2023-03-11 08:50:50'),
(9,	'12-13',	'12-13',	NULL,	1,	NULL,	'2023-03-11 08:51:14',	'2023-03-11 08:51:14'),
(10,	'14-15',	'14-15',	NULL,	1,	NULL,	'2023-03-11 08:51:39',	'2023-03-11 08:51:39'),
(11,	'2-3',	'2-3',	NULL,	1,	NULL,	'2023-03-11 08:54:34',	'2023-03-11 08:54:34'),
(12,	'3-4',	'3-4',	NULL,	1,	NULL,	'2023-03-11 08:54:43',	'2023-03-11 08:54:43'),
(13,	'3-6 Month',	'3-6-month',	NULL,	1,	NULL,	'2023-03-11 08:55:14',	'2023-03-11 08:55:14'),
(14,	'6-9 Month',	'6-9-month',	NULL,	1,	NULL,	'2023-03-11 08:55:42',	'2023-03-11 08:55:42'),
(15,	'9-12 Month',	'9-12-month',	NULL,	1,	NULL,	'2023-03-11 08:56:13',	'2023-03-11 08:56:13'),
(16,	'4-5',	'4-5',	NULL,	1,	NULL,	'2023-03-11 08:57:06',	'2023-03-11 08:57:06'),
(17,	'6-7',	'6-7',	NULL,	1,	NULL,	'2023-03-11 08:57:30',	'2023-03-11 08:57:30'),
(18,	'8-9',	'8-9',	NULL,	1,	NULL,	'2023-03-11 08:57:56',	'2023-03-11 08:57:56'),
(19,	'38',	'38',	NULL,	1,	NULL,	'2023-03-11 08:58:28',	'2023-03-11 08:58:28'),
(20,	'40',	'40',	NULL,	1,	NULL,	'2023-03-11 08:58:35',	'2023-03-11 08:58:35'),
(21,	'42',	'42',	NULL,	1,	NULL,	'2023-03-11 08:58:40',	'2023-03-11 08:58:40'),
(22,	'44',	'44',	NULL,	1,	NULL,	'2023-03-11 08:58:45',	'2023-03-11 08:58:45'),
(23,	'46',	'46',	NULL,	1,	NULL,	'2023-03-11 08:58:59',	'2023-03-11 08:58:59'),
(24,	'39',	'39',	NULL,	1,	NULL,	'2023-08-13 05:17:01',	'2023-08-13 05:17:01');

DROP TABLE IF EXISTS `users`;
CREATE TABLE `users` (
  `id` bigint(20) unsigned NOT NULL AUTO_INCREMENT,
  `first_name` varchar(255) COLLATE utf8mb4_unicode_ci DEFAULT NULL,
  `last_name` varchar(255) COLLATE utf8mb4_unicode_ci DEFAULT NULL,
  `name` varchar(255) COLLATE utf8mb4_unicode_ci DEFAULT NULL,
  `email` varchar(100) COLLATE utf8mb4_unicode_ci NOT NULL,
  `email_verified_at` timestamp NULL DEFAULT NULL,
  `password` varchar(255) COLLATE utf8mb4_unicode_ci DEFAULT NULL,
  `phone` varchar(255) COLLATE utf8mb4_unicode_ci DEFAULT NULL,
  `address` varchar(255) COLLATE utf8mb4_unicode_ci DEFAULT NULL,
  `date_of_birth` varchar(50) COLLATE utf8mb4_unicode_ci DEFAULT NULL,
  `gender` varchar(50) COLLATE utf8mb4_unicode_ci DEFAULT NULL,
  `occupation` varchar(50) COLLATE utf8mb4_unicode_ci DEFAULT NULL,
  `status` tinyint(4) DEFAULT 1 COMMENT '0 for dissable the user',
  `deleted_at` timestamp NULL DEFAULT NULL,
  `remember_token` varchar(100) COLLATE utf8mb4_unicode_ci DEFAULT NULL,
  `created_at` timestamp NULL DEFAULT NULL,
  `updated_at` timestamp NULL DEFAULT NULL,
  PRIMARY KEY (`id`),
  UNIQUE KEY `users_email_unique` (`email`)
) ENGINE=InnoDB DEFAULT CHARSET=utf8mb4 COLLATE=utf8mb4_unicode_ci;

INSERT INTO `users` (`id`, `first_name`, `last_name`, `name`, `email`, `email_verified_at`, `password`, `phone`, `address`, `date_of_birth`, `gender`, `occupation`, `status`, `deleted_at`, `remember_token`, `created_at`, `updated_at`) VALUES
(1,	NULL,	NULL,	NULL,	'ali@gmail.com',	NULL,	'$2y$10$F75sF5zsyuZdZg/b7bCgluclWlRaB0Rmb23zn2O4jVBNAwLcLvQYK',	'49',	'Itaque amet ab rati',	'2001-11-08',	'female',	'Vel enim ipsa volup',	1,	NULL,	NULL,	'2023-04-05 07:42:46',	'2023-06-08 12:36:19'),
(2,	'Ali',	'Akbar',	'Ali Akbar',	'akbar@gmail.com',	NULL,	'$2y$10$F75sF5zsyuZdZg/b7bCgluclWlRaB0Rmb23zn2O4jVBNAwLcLvQYK',	'01824220934',	'Sher-shah-shuri road, Mohammodpur, Dhaka',	NULL,	NULL,	NULL,	1,	NULL,	NULL,	'2023-04-09 18:16:50',	'2023-06-07 00:47:54'),
(3,	'Rebecca Davenport',	'makshiba',	'sumaiya makshiba',	'makshiba@gmail.com',	NULL,	'$2y$10$qFxPqPRUdMKZ2KXf.hTT8OaGAi1Ia/6GAeBhTU9J/blg.YdppGRqe',	'019985652019',	'Ut ut itaque harum i',	'1993-05-10',	'female',	'Dev',	1,	NULL,	NULL,	'2023-04-10 07:20:21',	'2023-06-12 12:20:15'),
(4,	NULL,	NULL,	'alamin',	'alamin@aranya.com.bd',	NULL,	'$2y$10$Bw5pZqSwNLBbjchXe2lJa.rBTzhyOFiU.CRvjFqoV.Xqf9rdqZ6Da',	NULL,	NULL,	NULL,	NULL,	NULL,	1,	NULL,	NULL,	'2023-05-03 09:30:40',	'2023-05-03 09:30:40'),
(5,	NULL,	NULL,	'Juston Yundt',	'jacey06@example.net',	'2023-05-22 00:41:44',	'$2y$10$92IXUNpkjO0rOQ5byMi.Ye4oKoEa3Ro9llC/.og/at2.uheWG/igi',	NULL,	NULL,	NULL,	NULL,	NULL,	1,	NULL,	'V0Rjdk2jjv',	'2023-05-22 00:41:44',	'2023-05-22 00:41:44'),
(6,	NULL,	NULL,	'Miss Flossie Schneider',	'reichel.raymond@example.org',	'2023-05-22 00:41:44',	'$2y$10$92IXUNpkjO0rOQ5byMi.Ye4oKoEa3Ro9llC/.og/at2.uheWG/igi',	NULL,	NULL,	NULL,	NULL,	NULL,	1,	NULL,	'9DLm76iULH',	'2023-05-22 00:41:44',	'2023-05-22 00:41:44'),
(7,	NULL,	NULL,	'Dr. Orie Halvorson',	'treva20@example.net',	'2023-05-22 00:41:44',	'$2y$10$92IXUNpkjO0rOQ5byMi.Ye4oKoEa3Ro9llC/.og/at2.uheWG/igi',	NULL,	NULL,	NULL,	NULL,	NULL,	1,	NULL,	'pvGQ5hrndc',	'2023-05-22 00:41:44',	'2023-05-22 00:41:44'),
(8,	NULL,	NULL,	'Jamison Simonis',	'meda38@example.org',	'2023-05-22 00:41:44',	'$2y$10$92IXUNpkjO0rOQ5byMi.Ye4oKoEa3Ro9llC/.og/at2.uheWG/igi',	NULL,	NULL,	NULL,	NULL,	NULL,	1,	NULL,	'ks5oJf1Mfy',	'2023-05-22 00:41:44',	'2023-05-22 00:41:44'),
(9,	NULL,	NULL,	'Emerson Kautzer',	'kirlin.addie@example.org',	'2023-05-22 00:41:44',	'$2y$10$92IXUNpkjO0rOQ5byMi.Ye4oKoEa3Ro9llC/.og/at2.uheWG/igi',	NULL,	NULL,	NULL,	NULL,	NULL,	1,	NULL,	'sS5pU8Y4uB',	'2023-05-22 00:41:44',	'2023-05-22 00:41:44'),
(10,	NULL,	NULL,	'Prof. Guido Dach DDS',	'rippin.nya@example.org',	'2023-05-22 00:41:44',	'$2y$10$92IXUNpkjO0rOQ5byMi.Ye4oKoEa3Ro9llC/.og/at2.uheWG/igi',	NULL,	NULL,	NULL,	NULL,	NULL,	1,	NULL,	'HIgkfD70zA',	'2023-05-22 00:41:44',	'2023-05-22 00:41:44'),
(11,	NULL,	NULL,	'Dr. Milo Satterfield',	'iledner@example.com',	'2023-05-22 00:41:44',	'$2y$10$92IXUNpkjO0rOQ5byMi.Ye4oKoEa3Ro9llC/.og/at2.uheWG/igi',	NULL,	NULL,	NULL,	NULL,	NULL,	1,	NULL,	'AAOW9GWrHZ',	'2023-05-22 00:41:44',	'2023-05-22 00:41:44'),
(12,	NULL,	NULL,	'Dr. Julian Stehr',	'zackary77@example.org',	'2023-05-22 00:41:44',	'$2y$10$92IXUNpkjO0rOQ5byMi.Ye4oKoEa3Ro9llC/.og/at2.uheWG/igi',	NULL,	NULL,	NULL,	NULL,	NULL,	1,	NULL,	'q4b9OKUw2Q',	'2023-05-22 00:41:44',	'2023-05-22 00:41:44'),
(13,	NULL,	NULL,	'Dr. Eleanora Ziemann IV',	'schinner.dangelo@example.com',	'2023-05-22 00:41:44',	'$2y$10$92IXUNpkjO0rOQ5byMi.Ye4oKoEa3Ro9llC/.og/at2.uheWG/igi',	NULL,	NULL,	NULL,	NULL,	NULL,	1,	NULL,	'MqwZPQD4kw',	'2023-05-22 00:41:44',	'2023-05-22 00:41:44'),
(14,	NULL,	NULL,	'Reed Powlowski',	'dayton.gerlach@example.org',	'2023-05-22 00:41:44',	'$2y$10$92IXUNpkjO0rOQ5byMi.Ye4oKoEa3Ro9llC/.og/at2.uheWG/igi',	NULL,	NULL,	NULL,	NULL,	NULL,	1,	NULL,	'is2XGhN2Nd',	'2023-05-22 00:41:44',	'2023-05-22 00:41:44'),
(15,	'Rahsaan Abbott',	'Mr. Efren Beer DDS',	'Mr. Kendrick Deckow III',	'mohr.hilario@example.net',	'2023-05-25 05:08:06',	'$2y$10$92IXUNpkjO0rOQ5byMi.Ye4oKoEa3Ro9llC/.og/at2.uheWG/igi',	NULL,	'28420 Nikita Stravenue Suite 460\nLake Norval, TX 00490',	NULL,	NULL,	NULL,	1,	NULL,	'CcqdyLEyGF',	'2023-02-09 18:16:50',	'2023-05-25 05:08:06'),
(16,	'Gustave Doyle',	'Cathy Bogisich',	'Jordy Wiza',	'porter50@example.net',	'2023-05-25 05:13:58',	'$2y$10$92IXUNpkjO0rOQ5byMi.Ye4oKoEa3Ro9llC/.og/at2.uheWG/igi',	NULL,	'8120 Walter Port Apt. 453\nNicklausfort, AR 40177-4570',	NULL,	NULL,	NULL,	1,	NULL,	'zrhV3pDG6b',	'2023-03-09 18:16:50',	'2023-05-25 05:13:58'),
(17,	'Eloise Macejkovic MD',	'Prof. Ashlynn Emard',	'Esperanza Schultz',	'prodriguez@example.net',	'2023-05-25 05:13:58',	'$2y$10$92IXUNpkjO0rOQ5byMi.Ye4oKoEa3Ro9llC/.og/at2.uheWG/igi',	NULL,	'9147 Sigmund Oval Apt. 981\nSouth Zackerytown, VA 51685',	NULL,	NULL,	NULL,	1,	NULL,	'KxgOtCrCc6',	'2023-02-09 18:16:50',	'2023-05-25 05:13:58'),
(18,	'Mckenzie O\'Keefe DDS',	'Mercedes Lubowitz',	'Krystal Rogahn',	'pierce.considine@example.com',	'2023-05-25 05:13:58',	'$2y$10$92IXUNpkjO0rOQ5byMi.Ye4oKoEa3Ro9llC/.og/at2.uheWG/igi',	NULL,	'1455 Gay Hills\nGrayceburgh, IN 14230-8479',	NULL,	NULL,	NULL,	1,	NULL,	'NSUV0Vzhl5',	'2023-02-09 18:16:50',	'2023-05-25 05:13:59'),
(19,	'Adaline Romaguera PhD',	'Mozelle Ward',	'Eugene Schultz',	'charity16@example.net',	'2023-05-25 05:13:58',	'$2y$10$92IXUNpkjO0rOQ5byMi.Ye4oKoEa3Ro9llC/.og/at2.uheWG/igi',	NULL,	'941 Casey Street\nAngelaville, AR 60264-1973',	NULL,	NULL,	NULL,	1,	NULL,	'RIQWnfsf49',	'2023-02-09 18:16:50',	'2023-05-25 05:13:59'),
(20,	'Astrid Beahan',	'Lonzo Williamson',	'Ms. Katelyn Greenholt',	'julian.ward@example.org',	'2023-05-25 05:13:58',	'$2y$10$92IXUNpkjO0rOQ5byMi.Ye4oKoEa3Ro9llC/.og/at2.uheWG/igi',	NULL,	'90509 Hodkiewicz Coves\nElsiemouth, NH 35242',	NULL,	NULL,	NULL,	1,	NULL,	'cW2ymTw5aN',	'2023-02-09 18:16:50',	'2023-05-25 05:13:59'),
(21,	'Damon Becker',	'Arjun Jerde',	'Mrs. Idell Grady',	'alessia.prosacco@example.com',	'2023-05-25 05:14:16',	'$2y$10$92IXUNpkjO0rOQ5byMi.Ye4oKoEa3Ro9llC/.og/at2.uheWG/igi',	NULL,	'4430 Heller Branch Apt. 659\nStephaniebury, IN 70083',	NULL,	NULL,	NULL,	1,	NULL,	'GVB2LVMsBI',	'2023-05-09 18:16:50',	'2023-05-25 05:14:16'),
(22,	'Dr. Nelle Botsford',	'Nasir Anderson',	'Prof. Heidi Tillman DVM',	'barton.adam@example.net',	'2023-05-25 05:14:16',	'$2y$10$92IXUNpkjO0rOQ5byMi.Ye4oKoEa3Ro9llC/.og/at2.uheWG/igi',	NULL,	'338 Arthur Mission Apt. 840\nNew Emery, ID 53011-7894',	NULL,	NULL,	NULL,	1,	NULL,	'xypd9iC2Ud',	'2023-02-09 18:16:50',	'2023-05-25 05:14:16'),
(23,	'Mrs. Camylle Bayer Sr.',	'Chyna Glover',	'Glenna Koss',	'randy31@example.org',	'2023-05-25 05:14:16',	'$2y$10$92IXUNpkjO0rOQ5byMi.Ye4oKoEa3Ro9llC/.og/at2.uheWG/igi',	NULL,	'600 Gerhold Vista\nSauerview, AK 21575-2412',	NULL,	NULL,	NULL,	1,	NULL,	'6ioMfhyPq5',	'2023-04-09 18:16:50',	'2023-05-25 05:14:16'),
(24,	'Twila Jerde',	'Elian Kuhic',	'Reagan Roob',	'roberts.claire@example.org',	'2023-05-25 05:14:16',	'$2y$10$92IXUNpkjO0rOQ5byMi.Ye4oKoEa3Ro9llC/.og/at2.uheWG/igi',	NULL,	'4246 Kaleigh Valley Apt. 411\nMosheton, ND 51962-0873',	NULL,	NULL,	NULL,	1,	NULL,	'ZYROKaqQmu',	'2023-06-09 18:16:50',	'2023-05-25 05:14:16'),
(25,	'Prof. Alena Haag IV',	'Watson Erdman MD',	'Mallie Streich',	'hkling@example.net',	'2023-05-25 05:14:16',	'$2y$10$92IXUNpkjO0rOQ5byMi.Ye4oKoEa3Ro9llC/.og/at2.uheWG/igi',	NULL,	'968 Weber Common Suite 565\nNew Micheal, MT 37096',	NULL,	NULL,	NULL,	1,	NULL,	'fQDQW1eDih',	'2023-02-09 18:16:50',	'2023-05-25 05:14:16'),
(26,	'Laila Medhurst',	'Prof. Abigail Conn',	'Emanuel Turcotte',	'gwen.hermiston@example.org',	'2023-05-25 05:14:16',	'$2y$10$92IXUNpkjO0rOQ5byMi.Ye4oKoEa3Ro9llC/.og/at2.uheWG/igi',	NULL,	'29528 Shields Hills Apt. 907\nPort Laurencehaven, ND 91602-4168',	NULL,	NULL,	NULL,	1,	NULL,	'u6ONIYucKY',	'2023-06-09 18:16:50',	'2023-05-25 05:14:16'),
(27,	'Logan Cormier Sr.',	'Casey Swaniawski',	'Kylee Turcotte',	'kayleigh.nienow@example.org',	'2023-05-25 05:14:16',	'$2y$10$92IXUNpkjO0rOQ5byMi.Ye4oKoEa3Ro9llC/.og/at2.uheWG/igi',	NULL,	'45978 Lupe Estate Suite 502\nXzavierview, WA 84698',	NULL,	NULL,	NULL,	1,	NULL,	'U79kNf4lA7',	'2023-02-09 18:16:50',	'2023-05-25 05:14:16'),
(28,	'Dr. Stella Gerlach',	'Chaim Morar',	'Buster Langworth',	'cmiller@example.com',	'2023-05-25 05:14:16',	'$2y$10$92IXUNpkjO0rOQ5byMi.Ye4oKoEa3Ro9llC/.og/at2.uheWG/igi',	NULL,	'56097 Jast Cape Apt. 431\nSouth Janieton, NH 53670-4632',	NULL,	NULL,	NULL,	1,	NULL,	'oHYfIPBC5B',	'2023-02-09 18:16:50',	'2023-05-25 05:14:16'),
(29,	'Thaddeus Terry PhD',	'Dr. Darrell Barton',	'Otho Huels',	'murazik.preston@example.org',	'2023-05-25 05:14:16',	'$2y$10$92IXUNpkjO0rOQ5byMi.Ye4oKoEa3Ro9llC/.og/at2.uheWG/igi',	NULL,	'615 Hintz Park\nSouth Florence, OR 95867',	NULL,	NULL,	NULL,	1,	NULL,	'n8bv3IBdTB',	'2023-03-09 18:16:50',	'2023-05-25 05:14:16'),
(30,	'Fletcher Nolan',	'Ms. Juliet Effertz IV',	'Dr. Karine Wilderman V',	'msipes@example.com',	'2023-05-25 05:14:16',	'$2y$10$92IXUNpkjO0rOQ5byMi.Ye4oKoEa3Ro9llC/.og/at2.uheWG/igi',	NULL,	'44237 Nienow Ford Suite 172\nLake Rogelio, FL 88640',	NULL,	NULL,	NULL,	1,	NULL,	'UqOF0S2zvb',	'2023-02-09 18:16:50',	'2023-05-25 05:14:16'),
(31,	'London Gleichner',	'Antonio Quitzon III',	'Wayne Block I',	'nader.paula@example.net',	'2023-05-25 05:14:16',	'$2y$10$92IXUNpkjO0rOQ5byMi.Ye4oKoEa3Ro9llC/.og/at2.uheWG/igi',	NULL,	'13791 Liam Pines\nEast Brooksport, MO 17431',	NULL,	NULL,	NULL,	1,	NULL,	'jYzSXbVcap',	'2023-03-09 18:16:50',	'2023-05-25 05:14:16'),
(32,	'Jakob Halvorson',	'Greta Jakubowski MD',	'Miss Gudrun Runolfsson',	'randy.reilly@example.com',	'2023-05-25 05:14:16',	'$2y$10$92IXUNpkjO0rOQ5byMi.Ye4oKoEa3Ro9llC/.og/at2.uheWG/igi',	NULL,	'628 Osbaldo Falls Suite 719\nJosefinaberg, ND 11702-3209',	NULL,	NULL,	NULL,	1,	NULL,	'h8TRtVdNfP',	'2023-03-09 18:16:50',	'2023-05-25 05:14:16'),
(33,	'Hugh Gutmann',	'Armani Bailey',	'Prof. Tomasa Nader',	'hermiston.virgie@example.net',	'2023-05-25 05:14:16',	'$2y$10$92IXUNpkjO0rOQ5byMi.Ye4oKoEa3Ro9llC/.og/at2.uheWG/igi',	NULL,	'76045 Jadon Inlet Suite 574\nWest Dwightmouth, MA 69267-7837',	NULL,	NULL,	NULL,	1,	NULL,	'GmCgyXa1Oo',	'2023-04-09 18:16:50',	'2023-05-25 05:14:16'),
(34,	'Milford Mraz DDS',	'Alisha Pfannerstill IV',	'Claude Hermann',	'lily74@example.com',	'2023-05-25 05:14:16',	'$2y$10$92IXUNpkjO0rOQ5byMi.Ye4oKoEa3Ro9llC/.og/at2.uheWG/igi',	NULL,	'93891 Cummings Pine Suite 898\nWest Kelsieburgh, AL 67763',	NULL,	NULL,	NULL,	1,	NULL,	'LNRyNqfOog',	'2023-07-09 18:16:50',	'2023-05-25 05:14:16'),
(35,	'Mr. Vincenzo Nicolas IV',	'Jan Cassin',	'Dr. Garrick Ebert IV',	'alanis.schneider@example.org',	'2023-05-25 05:14:16',	'$2y$10$92IXUNpkjO0rOQ5byMi.Ye4oKoEa3Ro9llC/.og/at2.uheWG/igi',	NULL,	'51718 Kirsten Isle\nPfefferland, WY 50658',	NULL,	NULL,	NULL,	1,	NULL,	'yi4BqTKsCy',	'2023-02-09 18:16:50',	'2023-05-25 05:14:16'),
(36,	'Prof. Natalie Klocko DDS',	'Jessica Zemlak',	'Christiana Carter',	'arlie.kilback@example.org',	'2023-05-25 05:14:41',	'$2y$10$92IXUNpkjO0rOQ5byMi.Ye4oKoEa3Ro9llC/.og/at2.uheWG/igi',	NULL,	'2862 Stanton Parkway Suite 935\nMurphyhaven, IL 73950-6527',	NULL,	NULL,	NULL,	1,	NULL,	'rDt4edFjls',	'2023-02-09 18:16:50',	'2023-05-25 05:14:41'),
(37,	'Manley Mitchell',	'Tomasa Stark',	'Chaya Miller DVM',	'dallin.prohaska@example.net',	'2023-05-25 05:14:41',	'$2y$10$92IXUNpkjO0rOQ5byMi.Ye4oKoEa3Ro9llC/.og/at2.uheWG/igi',	NULL,	'509 Terrill Hollow\nCurtisborough, KS 15101-2140',	NULL,	NULL,	NULL,	1,	NULL,	'IcFUwsKRgT',	'2023-02-09 18:16:50',	'2023-05-25 05:14:41'),
(38,	'Hayley Jast I',	'Mr. Murphy Boyle Sr.',	'Clair DuBuque',	'verner26@example.com',	'2023-05-25 05:14:41',	'$2y$10$92IXUNpkjO0rOQ5byMi.Ye4oKoEa3Ro9llC/.og/at2.uheWG/igi',	NULL,	'3568 Carter Squares Apt. 520\nTomview, NJ 95576',	NULL,	NULL,	NULL,	1,	NULL,	'oQzKPSdz80',	'2023-01-09 18:16:50',	'2023-05-25 05:14:41'),
(39,	'Salvatore McLaughlin',	'Dr. Jarvis Kertzmann',	'Percival Ward',	'botsford.sibyl@example.com',	'2023-05-25 05:14:41',	'$2y$10$92IXUNpkjO0rOQ5byMi.Ye4oKoEa3Ro9llC/.og/at2.uheWG/igi',	NULL,	'34426 Kyler Mall Apt. 698\nLake Andrewshire, VT 43587-9867',	NULL,	NULL,	NULL,	1,	NULL,	'y23L0Pgq3o',	'2023-02-09 18:16:50',	'2023-05-25 05:14:41'),
(40,	'Dr. Isabelle Kutch Jr.',	'Makayla Crona',	'Wallace Schultz',	'henri00@example.net',	'2023-05-25 05:14:41',	'$2y$10$92IXUNpkjO0rOQ5byMi.Ye4oKoEa3Ro9llC/.og/at2.uheWG/igi',	NULL,	'13445 Altenwerth Center\nColliermouth, KS 33472-4487',	NULL,	NULL,	NULL,	1,	NULL,	'zCjNqSkurX',	'2023-07-09 18:16:50',	'2023-05-25 05:14:41'),
(41,	'Elmore Lockman',	'Mr. Tom Champlin Sr.',	'Dr. Neal Auer II',	'amanda78@example.com',	'2023-05-25 05:14:41',	'$2y$10$92IXUNpkjO0rOQ5byMi.Ye4oKoEa3Ro9llC/.og/at2.uheWG/igi',	NULL,	'396 Lowe Falls Apt. 344\nAuerborough, GA 16556',	NULL,	NULL,	NULL,	1,	NULL,	'ISn3TYrjmB',	'2023-02-09 18:16:50',	'2023-05-25 05:14:42'),
(42,	'Ted Heidenreich MD',	'Raphael Yost',	'Rosalia Brakus',	'zula07@example.org',	'2023-05-25 05:14:41',	'$2y$10$92IXUNpkjO0rOQ5byMi.Ye4oKoEa3Ro9llC/.og/at2.uheWG/igi',	NULL,	'854 O\'Connell Summit Suite 859\nSamirbury, ME 86295-0017',	NULL,	NULL,	NULL,	1,	NULL,	'BElaEVAbtY',	'2023-07-09 18:16:50',	'2023-05-25 05:14:42'),
(43,	'Anya Kutch',	'Mr. Lucius Larson',	'Katelin Strosin',	'bud97@example.com',	'2023-05-25 05:14:41',	'$2y$10$92IXUNpkjO0rOQ5byMi.Ye4oKoEa3Ro9llC/.og/at2.uheWG/igi',	NULL,	'2550 McGlynn Brooks Apt. 328\nWest Damion, VA 75681-1577',	NULL,	NULL,	NULL,	1,	NULL,	'oPFZ1ea0qa',	'2023-07-09 18:16:50',	'2023-05-25 05:14:42'),
(44,	'Keyon Roob',	'Diana Bode',	'Noemy Kshlerin Jr.',	'jzboncak@example.net',	'2023-05-25 05:14:41',	'$2y$10$92IXUNpkjO0rOQ5byMi.Ye4oKoEa3Ro9llC/.og/at2.uheWG/igi',	NULL,	'24258 Padberg Mills\nGaylordborough, AK 57583',	NULL,	NULL,	NULL,	1,	NULL,	'FtqNx686sq',	'2023-01-09 18:16:50',	'2023-05-25 05:14:42'),
(45,	'Pearlie Lowe',	'Isaac Block V',	'Hester Howe',	'oberbrunner.rudy@example.org',	'2023-05-25 05:14:41',	'$2y$10$92IXUNpkjO0rOQ5byMi.Ye4oKoEa3Ro9llC/.og/at2.uheWG/igi',	NULL,	'108 D\'Amore Mountain\nCadenfort, KS 84026-8986',	NULL,	NULL,	NULL,	1,	NULL,	'dm2ZFdvIyt',	'2023-06-09 18:16:50',	'2023-05-25 05:14:42'),
(46,	'Dr. Guido Hyatt',	'Dr. Murray Huel',	'Sheridan Balistreri',	'ruth.pfannerstill@example.com',	'2023-05-25 05:14:41',	'$2y$10$92IXUNpkjO0rOQ5byMi.Ye4oKoEa3Ro9llC/.og/at2.uheWG/igi',	NULL,	'1993 Reilly Drives Apt. 801\nNorth Josefinaborough, MA 70061',	NULL,	NULL,	NULL,	1,	NULL,	'vT2GDXEB9k',	'2023-06-09 18:16:50',	'2023-05-25 05:14:42'),
(47,	'Dr. Javon Willms',	'Jayce Wisozk',	'Amani Ondricka',	'nconn@example.org',	'2023-05-25 05:15:00',	'$2y$10$92IXUNpkjO0rOQ5byMi.Ye4oKoEa3Ro9llC/.og/at2.uheWG/igi',	NULL,	'1264 Baumbach Rapids\nNorth Alanaburgh, OH 66631',	NULL,	NULL,	NULL,	1,	NULL,	'f7TS9zOn00',	'2023-07-09 18:16:50',	'2023-05-25 05:15:00'),
(48,	'Katlyn Kohler',	'Ken Kozey',	'Marques Beatty',	'floyd73@example.net',	'2023-05-25 05:15:00',	'$2y$10$92IXUNpkjO0rOQ5byMi.Ye4oKoEa3Ro9llC/.og/at2.uheWG/igi',	NULL,	'755 Mckenna Shoals Suite 280\nGregoryfort, VT 96255',	NULL,	NULL,	NULL,	1,	NULL,	'Tvowry1TDk',	'2023-02-09 18:16:50',	'2023-05-25 05:15:00'),
(49,	'Zelda Ortiz II',	'Dr. Jamaal Gerlach',	'Marcelino Schamberger',	'madie.senger@example.com',	'2023-05-25 05:15:00',	'$2y$10$92IXUNpkjO0rOQ5byMi.Ye4oKoEa3Ro9llC/.og/at2.uheWG/igi',	NULL,	'81923 Mekhi Valleys Suite 621\nShyannemouth, WV 21245-3799',	NULL,	NULL,	NULL,	1,	NULL,	'biozolIqtR',	'2023-06-09 18:16:50',	'2023-05-25 05:15:00'),
(50,	'Prof. Keon Murray',	'Chase Fadel',	'Prof. Keira Okuneva V',	'renee73@example.org',	'2023-05-25 05:15:00',	'$2y$10$92IXUNpkjO0rOQ5byMi.Ye4oKoEa3Ro9llC/.og/at2.uheWG/igi',	NULL,	'6135 Percy Mission Apt. 979\nPadbergville, WI 76113-0541',	NULL,	NULL,	NULL,	1,	NULL,	'8xxcrKPANx',	'2023-02-09 18:16:50',	'2023-05-25 05:15:00'),
(51,	'Mr. Allan Cronin',	'Lavina Terry',	'Geraldine Bashirian',	'marcel.krajcik@example.net',	'2023-05-25 05:15:00',	'$2y$10$92IXUNpkjO0rOQ5byMi.Ye4oKoEa3Ro9llC/.og/at2.uheWG/igi',	NULL,	'742 Colt Parkways Suite 419\nKossside, DE 79172',	NULL,	NULL,	NULL,	1,	NULL,	'1HGAZQYOjo',	'2023-01-09 18:16:50',	'2023-05-25 05:15:00'),
(52,	'Jewel Feil',	'Dashawn Boehm',	'Sabrina Friesen',	'shaylee.mann@example.com',	'2023-05-25 05:15:00',	'$2y$10$92IXUNpkjO0rOQ5byMi.Ye4oKoEa3Ro9llC/.og/at2.uheWG/igi',	NULL,	'706 Alyson Centers\nPort Adafort, IN 72636-9034',	NULL,	NULL,	NULL,	1,	NULL,	'aAAL6JP8FM',	'2023-01-09 18:16:50',	'2023-05-25 05:15:00'),
(53,	'Manuel Kuphal',	'Lacey Stokes',	'Aglae Hessel',	'igorczany@example.com',	'2023-05-25 05:15:00',	'$2y$10$92IXUNpkjO0rOQ5byMi.Ye4oKoEa3Ro9llC/.og/at2.uheWG/igi',	NULL,	'9312 Gulgowski Isle\nConroyborough, VT 15406',	NULL,	NULL,	NULL,	1,	NULL,	'zhl1d9i6PA',	'2023-02-09 18:16:50',	'2023-05-25 05:15:00'),
(54,	'Faye Kautzer',	'Nelda Jacobson',	'Zander D\'Amore',	'oconner.alvah@example.org',	'2023-05-25 05:15:00',	'$2y$10$92IXUNpkjO0rOQ5byMi.Ye4oKoEa3Ro9llC/.og/at2.uheWG/igi',	NULL,	'867 O\'Conner Meadows\nPacochashire, LA 26197-9476',	NULL,	NULL,	NULL,	1,	NULL,	'KizA3B56e1',	'2023-06-09 18:16:50',	'2023-05-25 05:15:00'),
(55,	'Saige Beahan',	'Rylan Walsh',	'Hermina Breitenberg',	'lynch.annamarie@example.org',	'2023-05-25 05:15:59',	'$2y$10$92IXUNpkjO0rOQ5byMi.Ye4oKoEa3Ro9llC/.og/at2.uheWG/igi',	NULL,	'356 Zulauf Plain Apt. 864\nNorth Jedidiah, NV 14250',	NULL,	NULL,	NULL,	1,	NULL,	'LLSNwF9PN2',	'2023-06-09 18:16:50',	'2023-05-25 05:15:59'),
(56,	'Bradford Ledner',	'Joanne Cassin DVM',	'Miss Genesis Kassulke',	'cordell.cummerata@example.com',	'2023-05-25 05:15:59',	'$2y$10$92IXUNpkjO0rOQ5byMi.Ye4oKoEa3Ro9llC/.og/at2.uheWG/igi',	NULL,	'8738 Alverta Motorway\nJaylinbury, DC 18219',	NULL,	NULL,	NULL,	1,	NULL,	'3xVRiUVvxB',	'2023-01-09 18:16:50',	'2023-05-25 05:15:59'),
(57,	'Prof. Lina Wunsch Sr.',	'Hollis Gibson DDS',	'Austen Prohaska',	'hillary21@example.com',	'2023-05-25 05:15:59',	'$2y$10$92IXUNpkjO0rOQ5byMi.Ye4oKoEa3Ro9llC/.og/at2.uheWG/igi',	NULL,	'76492 Treva Trace Apt. 276\nMaggioborough, MA 56831-8041',	NULL,	NULL,	NULL,	1,	NULL,	'OhLnqab83i',	'2023-01-09 18:16:50',	'2023-05-25 05:15:59'),
(58,	'Yvonne Davis I',	'Cecilia Deckow',	'Zula Heller',	'santina.heidenreich@example.org',	'2023-05-25 05:15:59',	'$2y$10$92IXUNpkjO0rOQ5byMi.Ye4oKoEa3Ro9llC/.og/at2.uheWG/igi',	NULL,	'8068 Frami Isle Apt. 675\nWatersstad, WY 42495',	NULL,	NULL,	NULL,	1,	NULL,	'9foASSbXJa',	'2023-02-09 18:16:50',	'2023-05-25 05:16:00'),
(59,	'Asia Williamson',	'Hershel Kuhlman',	'Nikita Zieme',	'kshlerin.alf@example.net',	'2023-05-25 05:15:59',	'$2y$10$92IXUNpkjO0rOQ5byMi.Ye4oKoEa3Ro9llC/.og/at2.uheWG/igi',	NULL,	'547 Kulas Way\nJacobsmouth, IA 47999',	NULL,	NULL,	NULL,	1,	NULL,	'GIgVdG5HVX',	'2023-02-09 18:16:50',	'2023-05-25 05:16:00'),
(60,	'Janelle Morissette',	'Prof. Emmitt Parker',	'Kenton Hayes',	'cedrick96@example.org',	'2023-05-25 05:15:59',	'$2y$10$92IXUNpkjO0rOQ5byMi.Ye4oKoEa3Ro9llC/.og/at2.uheWG/igi',	NULL,	'5860 Cassin Extension\nLake Howard, TX 27497-4671',	NULL,	NULL,	NULL,	1,	NULL,	'C8vCAoDtWE',	'2023-01-09 18:16:50',	'2023-05-25 05:16:00'),
(61,	'Mr. Cyril Ledner III',	'Elise Zboncak',	'Kayli Schneider',	'kreiger.preston@example.org',	'2023-05-25 05:15:59',	'$2y$10$92IXUNpkjO0rOQ5byMi.Ye4oKoEa3Ro9llC/.og/at2.uheWG/igi',	NULL,	'63678 Hickle Branch\nSouth Toni, SD 87696-8727',	NULL,	NULL,	NULL,	1,	NULL,	'Agv6IJ5n5F',	'2023-02-09 18:16:50',	'2023-05-25 05:16:00'),
(62,	'Piper Rogahn Sr.',	'Keenan Gerlach',	'Kira Davis',	'kole47@example.net',	'2023-05-25 05:15:59',	'$2y$10$92IXUNpkjO0rOQ5byMi.Ye4oKoEa3Ro9llC/.og/at2.uheWG/igi',	NULL,	'57919 Osinski Streets Apt. 887\nRussburgh, KS 59142',	NULL,	NULL,	NULL,	1,	NULL,	'9PBWjixyIF',	'2023-07-09 18:16:50',	'2023-05-25 05:16:00'),
(63,	'Dr. Ruthie Wisoky',	'Alexa Kertzmann',	'Vince Leffler',	'vthompson@example.org',	'2023-05-25 05:15:59',	'$2y$10$92IXUNpkjO0rOQ5byMi.Ye4oKoEa3Ro9llC/.og/at2.uheWG/igi',	NULL,	'805 Emerson Fields\nVerlaport, KS 98910',	NULL,	NULL,	NULL,	1,	NULL,	'SX2xAkOz4v',	'2023-06-09 18:16:50',	'2023-05-25 05:16:00'),
(64,	'Layne Hane',	'Tracey Von',	'Coby Anderson',	'reinger.guy@example.com',	'2023-05-25 05:15:59',	'$2y$10$92IXUNpkjO0rOQ5byMi.Ye4oKoEa3Ro9llC/.og/at2.uheWG/igi',	NULL,	'45107 Larkin Burgs\nChelseabury, FL 35719',	NULL,	NULL,	NULL,	1,	NULL,	'R5S5upxMDv',	'2023-07-09 18:16:50',	'2023-05-25 05:16:00'),
(65,	'Mr. Vincenzo Yundt III',	'Frida Littel',	'Mandy Adams',	'maya14@example.net',	'2023-05-25 05:15:59',	'$2y$10$92IXUNpkjO0rOQ5byMi.Ye4oKoEa3Ro9llC/.og/at2.uheWG/igi',	NULL,	'52228 Stehr Spurs Suite 583\nMraztown, AK 91817-4364',	NULL,	NULL,	NULL,	1,	NULL,	'GGFnqVVyEc',	'2023-01-09 18:16:50',	'2023-05-25 05:16:00'),
(66,	'Sven Blick',	'Kory Turcotte',	'Jennings Jacobson',	'pmayert@example.org',	'2023-05-25 05:15:59',	'$2y$10$92IXUNpkjO0rOQ5byMi.Ye4oKoEa3Ro9llC/.og/at2.uheWG/igi',	NULL,	'74515 McDermott Causeway\nGerhardborough, AL 77525-4047',	NULL,	NULL,	NULL,	1,	NULL,	'yutksnybeR',	'2023-06-09 18:16:50',	'2023-05-25 05:16:00'),
(67,	'Jesse Champlin',	'Anita Yost DVM',	'Prof. Abe Beahan',	'trantow.jovani@example.com',	'2023-05-25 05:15:59',	'$2y$10$92IXUNpkjO0rOQ5byMi.Ye4oKoEa3Ro9llC/.og/at2.uheWG/igi',	NULL,	'7900 Jaylon Forge\nMarquiseberg, NV 59110',	NULL,	NULL,	NULL,	1,	NULL,	'00mFX14iKL',	'2023-02-09 18:16:50',	'2023-05-25 05:16:00'),
(68,	'Khandoker Shamimul Haque',	NULL,	'Khandoker Shamimul Haque',	'admin@suparadmin.com',	NULL,	'$2y$10$zQl0YqPaHAPWzaAZ0mBraehTa/Q2w8K.4sZSvpGSVTWwGaJw6l0Gq',	'+8801779312970',	'Dhaka, Bangladesh.',	'2023-06-17',	'male',	'Commodi et modi sed',	1,	NULL,	NULL,	'2023-06-08 12:33:00',	'2023-06-15 06:40:04'),
(69,	'Alfreda Morton',	NULL,	'Kyle Gillespie',	'admin@admin.com',	NULL,	'$2y$10$kQWHCoSDUEDRxrfzxq8F2.o2X9L14/kcXHdfUIhk9DC/ulcA3nPk.',	'+1 (738) 807-9564',	'Corrupti enim et es',	'1980-08-03',	'male',	'Nostrum ullamco maxi',	1,	NULL,	NULL,	'2023-06-08 12:35:12',	'2023-07-20 06:16:42'),
(70,	NULL,	NULL,	'abcd',	'ad@gmail.com',	NULL,	'$2y$10$MjoP9CkzDx0VOiDeWgeoMObrsydlcom4JDLVDfYgE0UphraYcazP.',	NULL,	NULL,	NULL,	NULL,	NULL,	1,	NULL,	NULL,	'2023-06-08 13:12:59',	'2023-06-08 13:12:59'),
(71,	NULL,	NULL,	'Khandoker Shamimul Haque',	'sdfsd@dadsd.com',	NULL,	'$2y$10$4z4QxujSrx8pLRvynv6O6eoh3evmsgmCKG4c1MKRgxSouNYd4Dr26',	'+8801779312970',	'Dhaka, Bangladesh.',	'2023-06-17',	'male',	'Mollit qui consectet',	1,	NULL,	NULL,	'2023-06-08 14:34:27',	'2023-06-08 14:34:50'),
(72,	NULL,	NULL,	'Paula Coffey',	'dgdfgds@dsfsdf.com',	NULL,	'$2y$10$fPVQjo3dDHlrI7He4pbpZOackPJfkiXFPtqoZzGPz4OhPu/OM6rGu',	'+1 (464) 806-5426',	'Amet nobis quia dol',	'2004-11-25',	'male',	'Commodi et modi sed',	1,	NULL,	NULL,	'2023-06-08 14:36:40',	'2023-06-08 14:37:21'),
(73,	NULL,	NULL,	'Khandoker Shamimul Haque',	'shamimul.haque@webable.digital',	NULL,	'$2y$10$xitOGQ0LvxFJzcfSRQiNPOL6EXZNZBFHYLnUvkn4xLBPHpJ0hbQ96',	'+8801779312970',	'Dhaka, Bangladesh.',	'2023-06-23',	'male',	'Commodi et modi sed',	1,	NULL,	NULL,	'2023-06-08 14:44:04',	'2023-06-08 14:44:29'),
(74,	NULL,	NULL,	'Khandoker Shamimul Haque',	'abc@def.com',	NULL,	'$2y$10$ewBMJ7b3W7wp6FNGX.emY.dur/ap5xKGwZIhk5/.6p6hQ.RuF0ARG',	'+8801779312970',	'Dhaka, Bangladesh.',	'1987-10-17',	'male',	'Et dolor repudiandae',	1,	NULL,	NULL,	'2023-06-08 14:45:31',	'2023-06-08 14:55:11'),
(75,	NULL,	NULL,	'Mim',	'case12@gmail.com',	NULL,	'$2y$10$1O2o6SuDUtUOUyDjevZtCOjvYRDBU3luDQ6O09eVUU41B3IWjA4jG',	'01716290124',	'6/3 gulshan',	'2023-04-05',	'male',	'Businessman',	1,	NULL,	NULL,	'2023-06-11 04:34:20',	'2023-06-11 05:36:54'),
(76,	NULL,	NULL,	'Nashita',	'test123@gmail.com',	NULL,	'$2y$10$9q14bwgmbJFytZOlgOR5wO6.I4YHRz8CqCCvOJMWOFiwD51kZAeea',	NULL,	NULL,	NULL,	NULL,	NULL,	1,	NULL,	NULL,	'2023-06-11 11:59:57',	'2023-06-11 11:59:57'),
(77,	'Khandoker Shamimul Haque',	NULL,	'Khandoker Shamimul Haque',	'khandokershamimulhaque@gmail.com',	NULL,	'$2y$10$0TVfhhRe0GqfabvxZrWsHehpvKxZ1DICZK1AIDpmKKib2puJXBsBG',	'+8801779312970',	'Dhaka, Bangladesh.',	'2023-06-17',	'male',	'Commodi et modi sed',	1,	NULL,	NULL,	'2023-06-11 13:28:31',	'2023-06-15 09:33:51'),
(78,	'Sara ali',	NULL,	'Sara Khan',	'sara@gmail.com',	NULL,	'$2y$10$xCyeY3IWivgBzZKjOVKkWe/HLFzYXdKdpbsV2CPEt3TttcPthsGpy',	'01716290124',	'Mogbazar',	'2023-05-04',	'female',	'Teacher',	1,	NULL,	NULL,	'2023-06-12 05:37:49',	'2023-06-14 06:54:54'),
(79,	NULL,	NULL,	'Sayan Roy',	'admin@admind.com',	NULL,	'$2y$10$to00iGaq7OuobNjpw07eyepj4ME4ZTL03kWQ/SccXAE.NKxBVIr7.',	NULL,	NULL,	NULL,	NULL,	NULL,	1,	NULL,	NULL,	'2023-06-12 09:36:26',	'2023-06-12 09:36:26'),
(80,	NULL,	NULL,	'dadababa',	'data@baba.com',	NULL,	'$2y$10$55W8f0cVw.ZROlEEZ4eK5eiOrdlC6T2MhCF6N2fG1oiZrXXNWoqeW',	NULL,	NULL,	NULL,	NULL,	NULL,	1,	NULL,	NULL,	'2023-06-12 11:35:25',	'2023-06-12 11:35:25'),
(81,	NULL,	NULL,	'Gabriel Baird',	'vasoxut@mailinator.com',	NULL,	'$2y$10$ET7vjMdTbPuuuzjDo2Jc3uWtheX.eouYpuNl7KNZ.7Vy9OfDVfs6C',	'+1 (816) 554-7622',	'Quis quae qui aperia',	'1978-01-27',	'other',	'Enim delectus ab pa',	1,	NULL,	NULL,	'2023-06-12 11:51:11',	'2023-06-12 11:51:41'),
(82,	NULL,	NULL,	'masum',	'masum.mollah@webable.digital',	NULL,	'$2y$10$hSY/Q7KXDsv8lDNvizQPlu4oulEV6KBNpPRJNwvt3fx6S0nteIwjG',	NULL,	NULL,	NULL,	NULL,	NULL,	1,	NULL,	NULL,	'2023-06-13 06:33:09',	'2023-06-13 06:33:09'),
(83,	NULL,	NULL,	'shamimul',	'mdmahfuj010@gmail.com',	NULL,	'$2y$10$Tsa4399z6fA7wsEX9S6P8.hPORDS4F4oK514CnHQlYMuZGe5gcUA2',	NULL,	NULL,	NULL,	NULL,	NULL,	1,	NULL,	NULL,	'2023-06-13 07:48:45',	'2023-06-13 07:48:45'),
(84,	NULL,	NULL,	'1234567890',	'daat@das.com',	NULL,	NULL,	NULL,	NULL,	NULL,	NULL,	NULL,	1,	NULL,	NULL,	'2023-06-13 13:46:09',	'2023-06-13 13:46:09'),
(85,	NULL,	NULL,	'Khandoker Shamimul Haque 181-15-1992',	'khandoker15-1992@diu.edu.bd',	NULL,	NULL,	NULL,	NULL,	NULL,	NULL,	NULL,	1,	NULL,	NULL,	'2023-06-13 14:22:34',	'2023-06-13 14:22:34'),
(86,	NULL,	NULL,	'mmhmasum98',	'mmhmasum98@gmail.com',	NULL,	'$2y$10$mHWOKPaOTpCmDJT/ovZg4.kPOxZ1NYeyKvr6eXVQbVMEkF5Pb2oMK',	NULL,	NULL,	NULL,	NULL,	NULL,	1,	NULL,	NULL,	'2023-06-13 23:21:44',	'2023-06-13 23:21:44'),
(87,	NULL,	NULL,	'rty',	'mmhmasum9@gmail.com',	NULL,	'$2y$10$.ccgaXlnqTo.aujbumFbNe2of3OiTRu0mpKiqFWSzzhQ2xqmxuN6O',	NULL,	NULL,	NULL,	NULL,	NULL,	1,	NULL,	NULL,	'2023-06-14 05:58:24',	'2023-06-14 05:58:24'),
(88,	NULL,	NULL,	'Shamimul Haque',	'shamimulhaque162@gmail.com',	NULL,	NULL,	NULL,	NULL,	NULL,	NULL,	NULL,	1,	NULL,	NULL,	'2023-06-19 09:11:47',	'2023-06-19 09:11:47'),
(89,	NULL,	NULL,	'mdalamin',	'aranyaadmin@aranya.com.bd',	NULL,	'$2y$10$uXNggAvL2x/SmsdVWaHK0OY75QWZGFO3tXaRI14/J.0DpMNOODYr.',	NULL,	NULL,	NULL,	NULL,	NULL,	1,	NULL,	NULL,	'2023-07-26 04:02:42',	'2023-07-26 04:02:42'),
(90,	NULL,	NULL,	'Nashita | WebAble',	'nashita.iftekhar@webable.digital',	NULL,	NULL,	NULL,	NULL,	NULL,	NULL,	NULL,	1,	NULL,	NULL,	'2023-08-20 09:52:47',	'2023-08-20 09:52:47'),
(91,	NULL,	NULL,	'Atiq | WebAble',	'atiq.israk@webable.digital',	NULL,	NULL,	NULL,	NULL,	NULL,	NULL,	NULL,	1,	NULL,	NULL,	'2023-08-20 09:53:08',	'2023-08-20 09:53:08'),
(92,	NULL,	NULL,	'testuser',	'test@gmail.com',	NULL,	'$2y$10$RvKV86O4INjPJVpnPnJzBuGVX9AA8TJls0RqNkTJYTtaGzEW85eXK',	NULL,	NULL,	NULL,	NULL,	NULL,	1,	NULL,	NULL,	'2023-08-22 06:44:48',	'2023-08-22 06:44:48'),
(93,	'Chaney Nguyen',	NULL,	'Customer',	'customer@gmail.com',	NULL,	'$2y$10$0uCqzy/Ti5hcy90hT4pYyeGt23W0CUci/OZwDr0IhMeKZKz4F8ujS',	'018918084034',	'Ex explicabo Suscip',	'2004-05-24',	'male',	'Dev',	1,	NULL,	NULL,	'2023-08-24 05:49:15',	'2023-08-24 06:00:43'),
(94,	NULL,	NULL,	'customer',	'pinklips6128@gmail.com',	NULL,	'$2y$10$wyQ6xYgnvNv0E3e1DcvsFuCDYLItrLwSV6NNIVjXd6sLpLDbmOBe6',	NULL,	NULL,	NULL,	NULL,	NULL,	1,	NULL,	NULL,	'2023-08-27 12:48:45',	'2023-08-27 12:48:45'),
(95,	NULL,	NULL,	'customer',	'customer12@gmail.com',	NULL,	'$2y$10$3wl32.N8fd5wEKErCMZRJ.1N0tdXBMjSAGY8DuSXXaoryFwt0ZMDW',	NULL,	NULL,	NULL,	NULL,	NULL,	1,	NULL,	NULL,	'2023-08-27 13:23:32',	'2023-08-27 13:23:32');

DROP TABLE IF EXISTS `user_billing_infos`;
CREATE TABLE `user_billing_infos` (
  `id` bigint(20) unsigned NOT NULL AUTO_INCREMENT,
  `user_id` bigint(20) unsigned NOT NULL,
  `order_id` bigint(20) unsigned NOT NULL,
  `first_name` varchar(255) COLLATE utf8mb4_unicode_ci NOT NULL,
  `last_name` varchar(255) COLLATE utf8mb4_unicode_ci NOT NULL,
  `country` varchar(255) COLLATE utf8mb4_unicode_ci NOT NULL,
  `city` varchar(255) COLLATE utf8mb4_unicode_ci NOT NULL,
  `email` varchar(255) COLLATE utf8mb4_unicode_ci NOT NULL,
  `phone` varchar(255) COLLATE utf8mb4_unicode_ci NOT NULL,
  `post_code` varchar(255) COLLATE utf8mb4_unicode_ci DEFAULT NULL,
  `apartment` varchar(255) COLLATE utf8mb4_unicode_ci DEFAULT NULL,
  `street_address` varchar(255) COLLATE utf8mb4_unicode_ci NOT NULL,
  `created_at` timestamp NULL DEFAULT NULL,
  `updated_at` timestamp NULL DEFAULT NULL,
  PRIMARY KEY (`id`)
) ENGINE=InnoDB DEFAULT CHARSET=utf8mb4 COLLATE=utf8mb4_unicode_ci;

INSERT INTO `user_billing_infos` (`id`, `user_id`, `order_id`, `first_name`, `last_name`, `country`, `city`, `email`, `phone`, `post_code`, `apartment`, `street_address`, `created_at`, `updated_at`) VALUES
(1,	2,	1,	'Rebecca',	'Davenport',	'India',	'West Bengal',	'vasoxut@mailinator.com',	'019985652019',	'Dolores odit ipsa n',	'Soluta quasi veritat',	'Ut ut itaque harum i',	'2023-08-10 10:13:31',	'2023-08-10 10:13:31'),
(2,	2,	2,	'Rebecca',	'Davenport',	'India',	'West Bengal',	'vasoxut@mailinator.com',	'019985652019',	'Dolores odit ipsa n',	'Soluta quasi veritat',	'Ut ut itaque harum i',	'2023-08-10 11:14:51',	'2023-08-10 11:14:51'),
(3,	2,	3,	'Emma',	'Glass',	'India',	'Uttar Pradesh',	'joridicefi@mailinator.com',	'012972243053',	'Ut minus reiciendis',	'Omnis cupidatat ea d',	'Culpa maiores offic',	'2023-08-10 13:45:03',	'2023-08-10 13:45:03'),
(4,	68,	6,	'Khandoker Shamimul',	'Haque',	'Bangladesh',	'Khulna Division',	'khandokershamimulhaque@gmail.com',	'+8801779312970',	'1205',	NULL,	'Dhaka, Bangladesh.',	'2023-08-16 06:27:02',	'2023-08-16 06:27:02'),
(7,	68,	9,	'Khandoker Shamimul',	'Haque',	'Bangladesh',	'Khulna Division',	'khandokershamimulhaque@gmail.com',	'+8801779312970',	'1205',	NULL,	'Dhaka, Bangladesh.',	'2023-08-16 06:35:25',	'2023-08-16 06:35:25'),
(8,	78,	12,	'Irma',	'Goodman',	'Bangladesh',	'Chittagong',	'vupucaw@mailinator.com',	'+1 (589) 692-5963',	'Inventore qui nisi f',	'Officia quo debitis',	'Asperiores recusanda',	'2023-08-16 06:40:34',	'2023-08-16 06:40:34'),
(10,	78,	14,	'Sara',	'khan',	'Bangladesh',	'Dhaka Division',	'test123@gmail.com',	'+1 (571) 342-7377',	NULL,	NULL,	'Malibagh',	'2023-08-17 06:49:39',	'2023-08-17 06:49:39'),
(11,	73,	15,	'Khandoker Shamimul',	'Haque',	'Bangladesh',	'Khulna Division',	'khandokershamimulhaque@gmail.com',	'+8801779312970',	'1205',	'dfthgdfgs',	'Dhaka, Bangladesh.',	'2023-08-17 13:05:06',	'2023-08-17 13:05:06'),
(12,	73,	16,	'Kashfee',	'Haque',	'India',	'State of Tamil Ndu',	'khandokershamimulhaque@gmail.com',	'+8801779312970',	'1205',	'sdfsfdds',	'Dhaka, Bangladesh.',	'2023-08-17 13:06:39',	'2023-08-17 13:06:39'),
(15,	73,	19,	'Khandoker Shamimul',	'Haque',	'Bangladesh',	'Khulna Division',	'khandokershamimulhaque@gmail.com',	'+8801779312970',	'1205',	'sdfsdf',	'Dhaka, Bangladesh.',	'2023-08-20 11:33:31',	'2023-08-20 11:33:31'),
(16,	73,	20,	'Khandoker Shamimul',	'Haque',	'Bangladesh',	'Chittagong',	'khandokershamimulhaque@gmail.com',	'+8801779312970',	'1205',	'sdfg',	'Dhaka, Bangladesh.',	'2023-08-21 05:21:05',	'2023-08-21 05:21:05'),
(17,	2,	21,	'Rebecca',	'Davenport',	'India',	'West Bengal',	'vasoxut@mailinator.com',	'019985652019',	'Dolores odit ipsa n',	'Soluta quasi veritat',	'Ut ut itaque harum i',	'2023-08-21 12:15:53',	'2023-08-21 12:15:53'),
(22,	0,	26,	'Rebecca',	'Davenport',	'Bangladesh',	'Barisal Division',	'vasoxut@mailinator.com',	'+19985652019',	'Dolores odit ipsa n',	'Soluta quasi veritat',	'Ut ut itaque harum i',	'2023-08-21 13:20:19',	'2023-08-21 13:20:19'),
(23,	0,	27,	'Rebecca',	'Davenport',	'Bangladesh',	'Barisal Division',	'vasoxut@mailinator.com',	'+19985652019',	'Dolores odit ipsa n',	'Soluta quasi veritat',	'Ut ut itaque harum i',	'2023-08-21 13:20:19',	'2023-08-21 13:20:19'),
(26,	92,	30,	'Nasita Iftekhar',	'demo',	'Bangladesh',	'Chittagong',	'fdsfs@sdfsd.com',	'234243423234',	'3453',	'sdfs',	'Gulshan',	'2023-08-22 07:03:33',	'2023-08-22 07:03:33'),
(27,	92,	31,	'test',	'testcase',	'Bangladesh',	'Dhaka Division',	'test@gmail.com',	'01716291924',	'12345',	'18/2 ,Gulshan',	'Gulshan',	'2023-08-22 07:05:02',	'2023-08-22 07:05:02'),
(28,	2,	32,	'Rebecca',	'Davenport',	'Bangladesh',	'Khulna Division',	'vasoxut@mailinator.com',	'+19985652019',	'Dolores odit ipsa n',	'Soluta quasi veritat',	'Ut ut itaque harum i',	'2023-08-22 07:45:51',	'2023-08-22 07:45:51'),
(29,	2,	33,	'Emma',	'Glass',	'Bangladesh',	'Sylhet Division',	'joridicefi@mailinator.com',	'012972243053',	'Ut minus reiciendis',	'Omnis cupidatat ea d',	'Culpa maiores offic',	'2023-08-22 07:52:41',	'2023-08-22 07:52:41'),
(30,	2,	1,	'Zephania',	'Riggs',	'Bangladesh',	'Chittagong',	'majarac@mailinator.com',	'09391158615',	'Iste perspiciatis d',	'Consequuntur sed vel',	'Laborum pariatur Ad',	'2023-08-22 11:52:08',	'2023-08-22 11:52:08'),
(31,	2,	2,	'Zephania',	'Riggs',	'Bangladesh',	'Barisal Division',	'majarac@mailinator.com',	'09391158615',	'Iste perspiciatis d',	'Consequuntur sed vel',	'Laborum pariatur Ad',	'2023-08-22 12:14:12',	'2023-08-22 12:14:12'),
(32,	2,	3,	'Emma',	'Glass',	'Bangladesh',	'Chittagong',	'joridicefi@mailinator.com',	'+18918084034',	'Ut minus reiciendis',	'Omnis cupidatat ea d',	'Culpa maiores offic',	'2023-08-22 12:18:44',	'2023-08-22 12:18:44'),
(33,	93,	4,	'Zephania',	'Riggs',	'Bangladesh',	'Khulna Division',	'majarac@mailinator.com',	'0939115861534',	'Iste perspiciatis d',	'Consequuntur sed vel',	'Laborum pariatur Ad',	'2023-08-24 05:50:31',	'2023-08-24 05:50:31');

DROP TABLE IF EXISTS `user_shipping_infos`;
CREATE TABLE `user_shipping_infos` (
  `id` bigint(20) unsigned NOT NULL AUTO_INCREMENT,
  `user_id` bigint(20) unsigned NOT NULL,
  `order_id` bigint(20) unsigned NOT NULL,
  `first_name` varchar(255) COLLATE utf8mb4_unicode_ci NOT NULL,
  `last_name` varchar(255) COLLATE utf8mb4_unicode_ci NOT NULL,
  `country` varchar(255) COLLATE utf8mb4_unicode_ci NOT NULL,
  `city` varchar(255) COLLATE utf8mb4_unicode_ci NOT NULL,
  `email` varchar(255) COLLATE utf8mb4_unicode_ci NOT NULL,
  `phone` varchar(255) COLLATE utf8mb4_unicode_ci NOT NULL,
  `post_code` varchar(255) COLLATE utf8mb4_unicode_ci DEFAULT NULL,
  `apartment` varchar(255) COLLATE utf8mb4_unicode_ci DEFAULT NULL,
  `street_address` varchar(255) COLLATE utf8mb4_unicode_ci NOT NULL,
  `created_at` timestamp NULL DEFAULT NULL,
  `updated_at` timestamp NULL DEFAULT NULL,
  PRIMARY KEY (`id`)
) ENGINE=InnoDB DEFAULT CHARSET=utf8mb4 COLLATE=utf8mb4_unicode_ci;

INSERT INTO `user_shipping_infos` (`id`, `user_id`, `order_id`, `first_name`, `last_name`, `country`, `city`, `email`, `phone`, `post_code`, `apartment`, `street_address`, `created_at`, `updated_at`) VALUES
(1,	2,	1,	'Emma',	'Glass',	'Bangladesh',	'Sylhet Division',	'joridicefi@mailinator.com',	'012972243053',	'Ut minus reiciendis',	'Omnis cupidatat ea d',	'Culpa maiores offic',	'2023-08-10 10:13:31',	'2023-08-10 10:13:31'),
(2,	2,	2,	'Emma',	'Glass',	'Bangladesh',	'Sylhet Division',	'joridicefi@mailinator.com',	'012972243053',	'Ut minus reiciendis',	'Omnis cupidatat ea d',	'Culpa maiores offic',	'2023-08-10 11:14:52',	'2023-08-10 11:14:52'),
(3,	2,	3,	'Emma',	'Glass',	'Bangladesh',	'Ro Negro Province',	'joridicefi@mailinator.com',	'012972243053',	'Ut minus reiciendis',	'Omnis cupidatat ea d',	'Culpa maiores offic',	'2023-08-10 13:45:03',	'2023-08-10 13:45:03'),
(4,	68,	6,	'Khandoker Shamimul',	'Haque',	'Bangladesh',	'Chittagong',	'khandokershamimulhaque@gmail.com',	'+8801779312970',	'1205',	NULL,	'Dhaka, Bangladesh.',	'2023-08-16 06:27:02',	'2023-08-16 06:27:02'),
(5,	2,	21,	'Emma',	'Glass',	'Bangladesh',	'Sylhet Division',	'joridicefi@mailinator.com',	'012972243053',	'Ut minus reiciendis',	'Omnis cupidatat ea d',	'Culpa maiores offic',	'2023-08-21 12:15:53',	'2023-08-21 12:15:53'),
(6,	2,	2,	'Rebecca',	'Davenport',	'Bangladesh',	'Chittagong',	'vasoxut@mailinator.com',	'+19985652019',	'Dolores odit ipsa n',	'Soluta quasi veritat',	'Ut ut itaque harum i',	'2023-08-22 12:14:12',	'2023-08-22 12:14:12'),
(7,	2,	3,	'Zephania',	'Riggs',	'Bangladesh',	'Khulna Division',	'majarac@mailinator.com',	'09391158615',	'Iste perspiciatis d',	'Consequuntur sed vel',	'Laborum pariatur Ad',	'2023-08-22 12:18:44',	'2023-08-22 12:18:44'),
(8,	93,	4,	'Chaney',	'Nguyen',	'Bangladesh',	'Chittagong',	'jyhy@mailinator.com',	'0118918084034',	'Maxime eius autem co',	'Excepturi dolor volu',	'Ex explicabo Suscip',	'2023-08-24 05:50:32',	'2023-08-24 05:50:32');

DROP TABLE IF EXISTS `varieties`;
CREATE TABLE `varieties` (
  `id` bigint(20) unsigned NOT NULL AUTO_INCREMENT,
  `variety_name` varchar(255) COLLATE utf8mb4_unicode_ci NOT NULL,
  `slug` varchar(255) COLLATE utf8mb4_unicode_ci DEFAULT NULL,
  `precedence` int(11) DEFAULT NULL,
  `status` tinyint(4) NOT NULL DEFAULT 1,
  `deleted_at` timestamp NULL DEFAULT NULL,
  `created_at` timestamp NULL DEFAULT NULL,
  `updated_at` timestamp NULL DEFAULT NULL,
  PRIMARY KEY (`id`)
) ENGINE=InnoDB DEFAULT CHARSET=utf8mb4 COLLATE=utf8mb4_unicode_ci;

INSERT INTO `varieties` (`id`, `variety_name`, `slug`, `precedence`, `status`, `deleted_at`, `created_at`, `updated_at`) VALUES
(1,	'3 Pcs',	'3-pcs',	NULL,	1,	NULL,	'2023-03-07 04:58:05',	'2023-03-11 09:44:50'),
(2,	'4 pcs',	'4-pcs',	NULL,	1,	NULL,	'2023-08-10 09:40:07',	'2023-08-10 09:40:07'),
(3,	'2 pcs',	'2-pcs',	NULL,	1,	NULL,	'2023-08-10 09:40:15',	'2023-08-10 09:40:15');

DROP TABLE IF EXISTS `vat_taxes`;
CREATE TABLE `vat_taxes` (
  `id` bigint(20) unsigned NOT NULL AUTO_INCREMENT,
  `tax_name` varchar(255) COLLATE utf8mb4_unicode_ci NOT NULL,
  `tax_percentage` double NOT NULL,
  `status` tinyint(4) NOT NULL DEFAULT 1,
  `deleted_at` datetime DEFAULT NULL,
  `created_at` timestamp NULL DEFAULT NULL,
  `updated_at` timestamp NULL DEFAULT NULL,
  PRIMARY KEY (`id`)
) ENGINE=InnoDB DEFAULT CHARSET=utf8mb4 COLLATE=utf8mb4_unicode_ci;

INSERT INTO `vat_taxes` (`id`, `tax_name`, `tax_percentage`, `status`, `deleted_at`, `created_at`, `updated_at`) VALUES
(1,	'Tax',	7.5,	1,	NULL,	'2023-03-07 05:01:10',	'2023-03-11 10:08:55'),
(2,	'Local Tax',	5,	1,	NULL,	'2023-04-18 07:02:03',	'2023-04-18 07:02:03');

DROP TABLE IF EXISTS `vendors`;
CREATE TABLE `vendors` (
  `id` bigint(20) unsigned NOT NULL AUTO_INCREMENT,
  `vendor_name` varchar(255) COLLATE utf8mb4_unicode_ci NOT NULL,
  `slug` varchar(255) COLLATE utf8mb4_unicode_ci DEFAULT NULL,
  `precedence` int(11) DEFAULT NULL,
  `status` tinyint(4) NOT NULL DEFAULT 1,
  `deleted_at` timestamp NULL DEFAULT NULL,
  `created_at` timestamp NULL DEFAULT NULL,
  `updated_at` timestamp NULL DEFAULT NULL,
  PRIMARY KEY (`id`)
) ENGINE=InnoDB DEFAULT CHARSET=utf8mb4 COLLATE=utf8mb4_unicode_ci;

INSERT INTO `vendors` (`id`, `vendor_name`, `slug`, `precedence`, `status`, `deleted_at`, `created_at`, `updated_at`) VALUES
(1,	'Aranya',	'aranya',	NULL,	1,	NULL,	'2023-03-06 16:16:46',	'2023-03-06 16:16:46'),
(2,	'B. Crafts',	'b-crafts',	NULL,	1,	NULL,	'2023-03-07 04:55:42',	'2023-03-11 09:17:35'),
(3,	'Test',	'test',	NULL,	1,	'2023-08-14 04:57:58',	'2023-08-13 05:17:35',	'2023-08-14 04:57:58');

-- 2023-08-28 11:06:29
