{"name":"SolaimanLipiNormal","type":"TTF","desc":{"CapHeight":729,"XHeight":524,"FontBBox":"[-670 -367 1086 986]","Flags":5,"Ascent":953,"Descent":-284,"Leading":0,"ItalicAngle":0,"StemV":87,"MissingWidth":432},"unitsPerEm":2048,"up":-106,"ut":78,"strp":259,"strs":50,"ttffile":"D:\\server-74\\htdocs\\newaranya\\storage\\fonts\/\/SolaimanLipi_20-04-07.ttf","TTCfontID":0,"originalsize":249656,"sip":false,"smp":false,"BMPselected":false,"fontkey":"solemn","panose":" 0 0 3 0 6 9 0 0 0 0 0 0","haskerninfo":false,"haskernGPOS":false,"hassmallcapsGSUB":false,"fontmetrics":"win","useOTL":0,"rtlPUAstr":"","GSUBScriptLang":[],"GSUBFeatures":[],"GSUBLookups":[],"GPOSScriptLang":[],"GPOSFeatures":[],"GPOSLookups":[],"kerninfo":[]}